name,Avg_Income,Price_per_m2,Total_Jobs,Pop_Density,Total_Population,PT_Share,avg_travel_time_ic,avg_destinations,canton,canton_code,employment_density
Vionnaz,64840.0,4593.75,995.0,142.00666418036474,3024.0,,185.83873267380554,7,AR,AR,329.0343915343915
Speicher,85191.0,13172.657327586207,1399.0,494.532923155878,4502.0,,172.29022759655751,11,LU,LU,310.75077743225233
Zwischbergen,55952.0,,36.0,0.7816644765565667,71.0,,189.71532807151038,7,AG,AG,507.0422535211267
Villars-Sur-Glâne,78556.0,6762.0,10751.0,2275.4587887687744,12507.0,36.7,176.88167955276,7,TI,TI,859.5986247701287
Villarsel-Sur-Marly,83267.0,,21.0,44.99488916748043,69.0,,175.98303790033256,13,JU,JU,304.34782608695656
Wila,68398.0,6831.176470588235,633.0,199.256254576505,2113.0,,174.22250400815926,9,AG,AG,299.5740653099858
Wil (Zh),87323.0,,472.0,176.42237311771947,1572.0,,200.0,4,ZG,ZG,300.25445292620867
Wettingen,76869.0,9605.065217391304,8230.0,1940.964088834097,21856.0,39.4,169.36576390879063,9,TG,TG,376.55563689604685
Wetzikon (Zh),73387.0,8679.681818181818,14990.0,1737.3549178713877,26977.0,32.1,153.1361762885294,8,GE,GE,555.6585239277904
Widen,99833.0,,959.0,1614.0148100137455,3815.0,,169.72452945133054,11,NE,NE,251.37614678899084
Zetzwil,65719.0,,577.0,222.00016846935304,1381.0,,170.52368790182837,19,AG,AG,417.8131788559015
Würenlos,90240.0,10635.227272727272,2430.0,771.5900348774059,6931.0,,164.2158424189236,15,FR,FR,350.598759197807
Zeihen,71830.0,,270.0,167.69373000434544,1265.0,,181.7242554666242,9,SG,SG,213.4387351778656
Zeiningen,81722.0,,570.0,237.071223042056,2545.0,,148.60372460807756,16,AG,AG,223.96856581532418
Zell (Zh),69052.0,,1640.0,562.2942132418842,6809.0,,147.7169792805987,17,GL,GL,240.85768835364956
Wollerau,238905.0,,4984.0,1455.2784930012617,7596.0,,154.96367430276428,17,FR,FR,656.1348077935755
Zermatt,75708.0,,7638.0,24.44178293016137,6099.0,8.5,164.53747032462616,9,BS,BS,1252.3364485981308
Zufikon,84270.0,9517.194976076555,1198.0,1111.0298358841803,4906.0,,172.04104275070554,15,GE,GE,244.19078679168365
Zug,140181.0,,47525.0,1485.9702632471588,32122.0,37.5,149.42730209876285,18,AI,AI,1479.5155967872486
Zullwil,63010.0,6696.666666666667,90.0,175.53205807582057,701.0,,156.82079711655786,17,GR,GR,128.38801711840227
Zumikon,184491.0,,1852.0,1136.6986844698097,5754.0,,189.01907324648897,9,TG,TG,321.8630517900591
Zuzgen,78533.0,,239.0,110.08406353340051,909.0,,175.3657489059415,11,GL,GL,262.92629262926295
Zeneggen,66500.0,,49.0,51.26506290295422,355.0,,180.43669216466353,11,NE,NE,138.0281690140845
Winkel,113457.0,,1026.0,610.0006250804987,5086.0,,151.67499033123693,18,AI,AI,201.7302398741644
Wildberg,79016.0,,247.0,91.94089498334898,1013.0,,170.79374348557053,10,AR,AR,243.83020730503455
Wiler (Lötschen),62781.0,,235.0,30.89939175600717,528.0,,181.32006711459425,7,FR,FR,445.07575757575756
Wiliberg,74957.0,,54.0,173.65101253862457,170.0,,160.7619197281589,14,VS,VS,317.6470588235294
Würenlingen,74210.0,,3971.0,544.7680936098351,5262.0,,179.42626482360095,14,VD,VD,754.6560243253516
Winterthur,72702.0,10584.0,79024.0,1772.1828709698173,120376.0,47.0,150.77117623033863,12,SO,SO,656.4763740280455
Winznau,66320.0,,359.0,452.5839002481276,2053.0,,170.46760314607334,7,AR,AR,174.86604968339017
Wisen (So),76226.0,,103.0,93.43080142616358,438.0,,169.91687898251504,12,ZH,ZH,235.15981735159815
Witterswil,90374.0,,565.0,602.2457744930847,1500.0,,200.0,5,BL,BL,376.66666666666663
Wittnau,74011.0,4610.454545454545,263.0,123.58973966457017,1429.0,,178.3957776710122,10,SG,SG,184.04478656403077
Wohlen (Ag),69563.0,,9412.0,1490.4752349667363,17816.0,18.6,147.13057835461902,18,BL,BL,528.2891782667265
Wohlenschwil,76045.0,,363.0,529.702912338023,1855.0,,186.3009262066196,7,FR,FR,195.68733153638814
Wolfenschiessen,61041.0,,813.0,23.602276176268838,2121.0,,161.42686473293335,18,VD,VD,383.30975954738335
Wolfhalden,70624.0,,542.0,302.9474962143597,1888.0,,179.6839529404362,5,NW,NW,287.0762711864407
Wölflinswil,68376.0,,323.0,122.96158632091742,1077.0,,149.2103540928326,14,GL,GL,299.9071494893222
Windisch,71589.0,7472.5,5586.0,1522.4258575993101,8153.0,,142.70875867049904,17,JU,JU,685.1465718140562
Stäfa,104523.0,,6743.0,1602.84236352323,15152.0,46.4,164.66657260448395,8,NE,NE,445.0237592397043
Spiringen,53115.0,,315.0,12.970066360291911,881.0,,190.9378770465782,7,UR,UR,357.5482406356413
Volken,81433.0,,84.0,110.02422981238996,382.0,,181.3236005890579,14,ZH,ZH,219.8952879581152
Spreitenbach,63577.0,8125.833333333333,8927.0,1471.1357543199786,12587.0,32.6,161.48226401706165,14,OW,OW,709.2238023357432
Volketswil,81007.0,11653.850856389987,12140.0,1370.5901818344612,19854.0,35.6,159.84808666365458,15,AR,AR,611.4636848997683
Vordemwald,69479.0,,562.0,204.83729449213712,2039.0,,155.4930250363323,11,JU,JU,275.6253065228053
Vorderthal,62127.0,,271.0,38.320097495018196,1035.0,,168.77386323860003,10,ZH,ZH,261.8357487922705
Vouvry,63054.0,,1680.0,135.57698231409134,4803.0,,171.55182890920938,10,GR,GR,349.7813866333542
Vuadens,68011.0,8218.636363636364,1453.0,238.3505366537655,2579.0,,193.14515924619207,6,BL,BL,563.396665374176
St. Niklaus,59425.0,,1346.0,25.427526961596396,2298.0,,184.87295992922265,12,LU,LU,585.7267188859878
St. Silvester,59427.0,,184.0,172.10327263916244,1064.0,,151.5988873729652,17,NW,NW,172.93233082706766
St. Ursen,66955.0,,382.0,94.85906326374206,1419.0,,183.78743514726756,5,AI,AI,269.2036645525018
Stabio,65444.0,6304.357142857143,7433.0,620.8612397096917,4522.0,,167.14601298089926,13,SH,SH,1643.7417072091996
Stadel,77711.0,9390.36,558.0,190.48304055003743,2455.0,,167.68086815072087,14,BS,BS,227.29124236252545
Solothurn,73927.0,5454.914832190545,22499.0,2950.7078362249435,16847.0,31.2,155.5039042309539,18,AI,AI,1335.4899982192676
Weisslingen,91597.0,,830.0,245.72992418676557,3496.0,,192.6690884028894,11,LU,LU,237.4141876430206
Soral,94704.0,,195.0,259.73059154882975,942.0,,191.01349001977704,4,AR,AR,207.0063694267516
Sorengo,87431.0,,1297.0,2291.155123166643,2183.0,,141.26880673238372,16,AI,AI,594.1365093907467
Sorens,68775.0,11626.363636363636,320.0,141.2152086966941,1103.0,,173.758868623776,7,NE,NE,290.1178603807797
Visperterminen,71782.0,,607.0,25.936189181948585,1318.0,,184.68183105119007,8,TI,TI,460.546282245827
Wassen,59222.0,,265.0,4.486752659775084,431.0,,194.59088604714887,8,NW,NW,614.8491879350348
Wasterkingen,73075.0,,78.0,133.90962565609235,594.0,,171.29282855726245,14,BE,BE,131.31313131313132
Wegenstetten,71508.0,,185.0,170.94570204769252,1017.0,,175.272817871347,10,LU,LU,181.90757128810225
Weiach,73107.0,,355.0,251.42181225742326,2123.0,,160.5441022345509,13,AG,AG,167.21620348563354
Wallisellen,89702.0,16660.0,20951.0,2929.690720969428,17765.0,54.9,128.62555546765148,21,AI,AI,1179.3414016324232
Walchwil,134939.0,,1179.0,279.68120343614095,3995.0,,189.0044539908729,5,ZG,ZG,295.1188986232791
Wald (Ar),67461.0,,324.0,137.95236663670272,929.0,,198.7778976351904,12,SG,SG,348.762109795479
Wald (Zh),67365.0,,3460.0,432.0880112014138,10620.0,,173.996803085531,6,SG,SG,325.8003766478343
Waldstatt,65248.0,,970.0,268.6297308220746,1867.0,,191.99570456431948,7,BS,BS,519.5500803427959
Wallbach,88339.0,,721.0,409.64972072403054,2065.0,,180.75761188656938,15,TI,TI,349.1525423728813
Waltenschwil,72891.0,,649.0,640.9031383332897,3186.0,,163.01668731896166,13,GL,GL,203.7037037037037
Walterswil (So),65855.0,,308.0,168.67984532582577,772.0,,183.50449969381003,8,VD,VD,398.96373056994815
Walzenhausen,66186.0,6359.347826086957,1230.0,336.1962666010205,2054.0,,199.2420372244374,4,AI,AI,598.8315481986368
Wangen (Sz),81482.0,,2094.0,652.9978836926908,5583.0,,172.01804041845728,11,GE,GE,375.0671681891456
Wangen Bei Olten,73448.0,,2613.0,910.0121071748171,5532.0,,193.09145729551167,11,BS,BS,472.34273318872016
Tegerfelden,72227.0,,525.0,168.33925834163628,1304.0,,138.7912766000516,12,AG,AG,402.6073619631902
Tägerig,73698.0,,201.0,485.46819830261865,1547.0,,186.79619685459775,13,LU,LU,129.928894634777
Täsch,57586.0,,294.0,21.922637481773343,1305.0,,181.06439734783052,5,UR,UR,225.28735632183907
Tenero-Contra,61058.0,,1592.0,1043.8562690214194,3393.0,,163.60895942179414,12,TG,TG,469.2012967875037
Tentlingen,65715.0,,344.0,418.42264653534994,1382.0,,176.60934665573828,9,NE,NE,248.91461649782923
Termen,74407.0,,183.0,66.60274126113225,1175.0,,149.43516704462314,18,BE,BE,155.74468085106383
Teufen (Ar),94337.0,,2916.0,431.19016220009325,6522.0,,171.792124878423,7,VS,VS,447.10211591536336
Teufenthal (Ag),63691.0,,368.0,497.7446205691101,1803.0,,179.68422152028722,11,BS,BS,204.1042706600111
Thalheim An Der Thur,79577.0,,344.0,150.692250028161,1004.0,,200.0,11,NW,NW,342.62948207171314
Thônex,81632.0,,6987.0,3856.091553326541,16809.0,50.0,128.22041662924548,17,SO,SO,415.6701766910584
Steinerberg,69308.0,,262.0,145.1571913241728,965.0,,166.22465538241204,13,SH,SH,271.5025906735751
Stalden (Vs),63337.0,,349.0,94.54283950117056,1113.0,,171.4034294145151,9,UR,UR,313.56693620844567
Staldenried,61420.0,,103.0,40.534181261199734,561.0,,193.27728599042663,8,ZG,ZG,183.6007130124777
Stallikon,103031.0,11712.439335887611,801.0,336.23405812746273,3909.0,,181.10232400983213,9,SO,SO,204.91174213353798
Stans,76352.0,,10989.0,755.7012342098701,8508.0,22.2,163.436744652962,11,AG,AG,1291.607898448519
Stansstad,92271.0,,2144.0,452.42380399993385,4922.0,,182.54384827073207,10,BL,BL,435.5952864689151
Starrkirch-Wil,84464.0,,178.0,891.9843046802146,1980.0,,171.28373981996106,17,FR,FR,89.8989898989899
Staufen,80427.0,,917.0,1196.4645315672842,4402.0,,180.8818333327289,9,TG,TG,208.31440254429802
Stein (Ag),75275.0,,3685.0,1225.0748971793453,3512.0,,155.49479576157887,17,ZH,ZH,1049.259681093394
Stein (Ar),71945.0,,540.0,159.7480569322013,1497.0,,173.2705832150358,7,LU,LU,360.7214428857716
Suhr,68786.0,,5371.0,1087.0160716406938,11617.0,26.4,161.7198099420389,11,TG,TG,462.3396746147887
Stetten (Sh),106682.0,,188.0,343.5707665182274,1479.0,,154.1345900065515,17,NE,NE,127.1129141311697
Strengelbach,64071.0,,1459.0,880.598724220075,5098.0,,174.39933877230052,15,GR,GR,286.1906630051
Stein Am Rhein,71068.0,,1743.0,745.5438183491386,3770.0,,175.41491623212025,12,GE,GE,462.33421750663126
Steinen,68447.0,,1437.0,317.6394824698397,3774.0,,176.4600026352914,9,NE,NE,380.76311605723373
Stetten (Ag),73658.0,,1018.0,585.7881028534174,2541.0,,169.80377427742255,12,AI,AI,400.6296733569461
Steinmaur,79732.0,,871.0,410.20120501571427,3716.0,,154.0962155920543,12,GR,GR,234.3918191603875
Steinhausen,93167.0,17294.117647058825,9016.0,2114.9405837756663,10399.0,29.6,149.55874925124056,18,ZG,ZG,867.0064429272045
Thalwil,110379.0,,7113.0,3214.414913718405,18513.0,55.9,138.17801959196748,21,NE,NE,384.21649651596175
Staffelbach,62193.0,,390.0,159.56939409922904,1365.0,,166.15339568066264,11,LU,LU,285.7142857142857
Vico Morcote,107827.0,,144.0,180.52078920326397,408.0,,175.52912426072427,9,AI,AI,352.94117647058823
Thalheim (Ag),72722.0,,247.0,97.84705767961229,956.0,,184.95283269742202,9,BE,BE,258.3682008368201
Unterägeri,97502.0,,3476.0,373.3133493514122,9495.0,,200.0,4,GR,GR,366.0874144286467
Ueberstorf,69931.0,,487.0,155.2207672499365,2433.0,,180.8558582922517,9,BL,BL,200.16440608302509
Uerkheim,67308.0,,335.0,208.4878877001189,1441.0,,181.49244191310655,15,NE,NE,232.47744621790423
Uezwil,69655.0,,91.0,233.10243989670278,554.0,,176.23154028540907,10,AR,AR,164.25992779783394
Turbenthal,68529.0,4793.13829787234,1685.0,225.61157978251214,5300.0,,148.65216345749565,15,AG,AG,317.92452830188677
Tuggen,83283.0,,1529.0,263.1349191870868,3469.0,,176.60772220227776,8,LU,LU,440.76102623234357
Unterbäch,72960.0,,140.0,19.690007752683638,479.0,,180.6876283015404,12,SG,SG,292.2755741127349
Unteriberg,62542.0,,952.0,52.29568444648831,2476.0,,200.0,5,GL,GL,384.49111470113087
Unterkulm,62213.0,,1235.0,432.37342867920097,3801.0,,172.1882826066908,9,SO,SO,324.9144961852144
Unterlunkhofen,88330.0,,273.0,337.92065290754397,1688.0,,180.67501625957505,13,LU,LU,161.7298578199052
Unterramsern,85473.0,,63.0,161.52624352773316,225.0,,177.64454217477177,14,SO,SO,280.0
Unterschächen,54601.0,,175.0,9.275592570640772,746.0,,162.37287748653583,12,BE,BE,234.58445040214477
Untersiggenthal,75696.0,8546.511627906977,2830.0,1194.2541881066531,7812.0,,183.51973013924592,3,ZG,ZG,362.26318484383
Törbel,60585.0,,167.0,30.46407503989581,496.0,,190.94019257975899,10,AI,AI,336.69354838709677
Torricella-Taverne,64449.0,,1764.0,555.9991761774435,3087.0,,185.52807919741224,6,ZG,ZG,571.4285714285714
Trasadingen,62631.0,,230.0,152.6452321360382,619.0,,164.6257771190739,15,JU,JU,371.5670436187399
Unterentfelden,74996.0,,2829.0,1608.735682252428,4550.0,,182.6883008266926,3,GL,GL,621.7582417582418
Treyvaux,68420.0,,318.0,140.3179663226626,1642.0,,157.37952968220486,17,BE,BE,193.66626065773445
Trient,58220.0,,81.0,4.032117404936612,175.0,,188.76575487475594,4,NE,NE,462.85714285714283
Trimbach,62871.0,6448.498345254618,1733.0,922.2983178888062,6854.0,,200.0,7,BL,BL,252.84505398307556
Trogen,80434.0,8123.684210526316,982.0,192.99764048302876,1877.0,,162.9479509674534,13,BS,BS,523.1752797016516
Troinex,122114.0,,682.0,933.4547665480086,3145.0,,160.8597557795502,11,ZG,ZG,216.85214626391098
Troistorrents,67021.0,5336.658227848102,1067.0,136.2152819876039,5022.0,,179.9488952280714,8,AI,AI,212.4651533253684
Trüllikon,73764.0,,317.0,111.15265352041547,1104.0,,171.18806143182917,14,GE,GE,287.1376811594203
Truttikon,75583.0,,133.0,111.93528283210931,458.0,,155.47131163894198,15,AI,AI,290.3930131004367
Veyrier,124622.0,14805.0,2772.0,1866.0598304950618,12085.0,32.0,159.73766467448007,16,VD,VD,229.37525858502275
Vaulruz,67580.0,,775.0,105.55653327683724,1130.0,,162.86951613909866,19,VD,VD,685.8407079646017
Veysonnaz,65601.0,,269.0,575.7581440708165,614.0,,180.54095234862064,5,NW,NW,438.1107491856677
Veltheim (Ag),72755.0,,646.0,311.1524727821805,1600.0,,162.6659817220821,18,NW,NW,403.75
Vernate,82768.0,,68.0,535.6352542366958,613.0,,197.1440552757275,6,GR,GR,110.92985318107668
Vernayaz,56592.0,3528.0,778.0,263.40132812742286,1928.0,,165.25359008663455,10,GL,GL,403.52697095435684
Vernier,64134.0,16342.941176470587,23938.0,4866.081481690109,37837.0,52.7,119.63525411216098,19,VD,VD,632.6611517826466
Vérossaz,64581.0,,85.0,69.00070079314852,902.0,,191.42408807777286,6,NE,NE,94.2350332594235
Versoix,78770.0,,4557.0,1205.9010573518995,13996.0,50.9,147.7814827188924,19,SH,SH,325.59302657902253
Vétroz,64433.0,4720.510869565217,2411.0,452.73962135545037,6605.0,,178.25313096999412,10,AR,AR,365.02649507948524
Vex,69474.0,,678.0,155.17321033270196,1980.0,,197.84487524128335,10,LU,LU,342.42424242424244
Vacallo,74593.0,5072.941176470588,567.0,1977.6762219416123,3491.0,,133.32295242404547,16,JU,JU,162.4176453738184
Val-D'Illiez,61535.0,16611.0,588.0,52.1633921836914,2145.0,,182.1830232035428,9,FR,FR,274.12587412587413
Varen,58285.0,,186.0,54.00196821745019,700.0,,183.29077124456018,5,BE,BE,265.7142857142857
Uster,82931.0,,18297.0,1291.6660374020742,36563.0,49.4,176.99284630161216,11,AG,AG,500.4239258266554
Vandoeuvres,159362.0,14078.076923076924,552.0,691.8797860013539,3030.0,,153.55736199148149,18,GR,GR,182.17821782178217
Vezia,76414.0,,1154.0,1331.975054379344,1958.0,,144.99855621271521,16,LU,LU,589.3769152196119
Vallon,67900.0,,74.0,127.51416625077307,534.0,,186.382565079914,1,FR,FR,138.57677902621722
Urnäsch,60709.0,,983.0,49.05511892491604,2373.0,,183.9037640798272,9,AR,AR,414.2435735356089
Céligny,117525.0,,108.0,191.2539905134027,862.0,,181.58329108304122,10,UR,UR,125.29002320185614
Cerentino,53305.0,,26.0,1.7368560309943366,37.0,,185.18582033258753,10,ZG,ZG,702.7027027027027
Chalais,61714.0,,1180.0,162.35141403864708,3927.0,,167.95542918149846,16,GL,GL,300.48382989559457
Cham,99352.0,,13119.0,998.6573897681968,18273.0,31.7,172.09378713773694,8,GE,GE,717.944508290921
Carouge (Ge),77496.0,,27317.0,7680.439350639481,22488.0,41.8,96.73843643492671,30,GR,GR,1214.7367484880824
Campo (Vallemaggia),40950.0,,34.0,1.1186010583404213,49.0,,169.28088284605224,15,SG,SG,693.8775510204082
Canobbio,83284.0,,1074.0,1658.440004001228,2404.0,,189.065665512097,2,JU,JU,446.75540765391014
Cartigny,131598.0,11606.875,285.0,253.23260463842544,1050.0,,184.22595179357882,10,GL,GL,271.4285714285714
Caslano,64356.0,,1844.0,1333.5844917459456,4400.0,,146.91748240576518,15,OW,OW,419.09090909090907
Champéry,73234.0,,840.0,35.190921905153296,1404.0,,189.45554773455288,7,FR,FR,598.2905982905983
Chamoson,63086.0,4971.868393234672,1273.0,140.7864890135135,4389.0,,163.7817227283611,14,ZG,ZG,290.04329004329
Châtillon (Fr),85131.0,,51.0,720.2159010848934,528.0,,183.59445577409937,7,AG,AG,96.5909090909091
Châtonnaye,62801.0,,184.0,131.70240830104964,860.0,,195.88456957463924,4,FR,FR,213.95348837209303
Châtel-Sur-Montsalvens,70990.0,,34.0,182.3187945977617,358.0,,165.61765224975645,13,VD,VD,94.97206703910614
Châtel-Saint-Denis,70473.0,,4099.0,185.74663493047498,8786.0,,192.33940268454515,3,VD,VD,466.53767357159114
Chêne-Bougeries,109391.0,,5493.0,3671.4988954399764,14342.0,45.8,144.2931733870786,14,AG,AG,383.0009761539534
Chancy,87817.0,,171.0,298.6320176953828,1664.0,,188.93115943223117,10,TG,TG,102.76442307692307
Bühler,64837.0,,996.0,322.68169511334946,1934.0,,200.0,2,GE,GE,514.9948293691831
Buchs (Ag),70881.0,,5723.0,1764.1231657565222,8491.0,,156.19193045306434,17,TI,TI,674.00777293605
Buchs (Zh),78947.0,,2785.0,1223.964351858469,6808.0,,154.73222576335795,17,SH,SH,409.07755581668624
Bülach,75404.0,12658.333333333334,11445.0,1642.064264468277,24508.0,32.2,147.92324843695442,11,NW,NW,466.9903704912682
Bünzen,70110.0,,285.0,215.41495581917115,1245.0,,165.31296438414125,11,VD,VD,228.9156626506024
Buochs,75171.0,,2056.0,565.2723591094986,5483.0,,172.4002277798841,15,FR,FR,374.97720226153564
Brütten,101591.0,,410.0,347.4805763847592,2247.0,,181.1599662434792,6,NE,NE,182.4655095683133
Brunegg,74055.0,,691.0,552.2251974355141,920.0,,177.8560391765209,9,TG,TG,751.0869565217391
Brünisried,63071.0,,89.0,223.12296648763925,724.0,,189.86988611503503,9,TI,TI,122.92817679558011
Buchberg,159063.0,,251.0,197.99373064597302,885.0,,177.94399752372556,12,JU,JU,283.61581920903956
Brusino Arsizio,73010.0,,90.0,113.94604654696,474.0,,200.0,4,AG,AG,189.873417721519
Bubikon,85687.0,,3921.0,625.326115813482,7661.0,,168.9014314079493,10,BS,BS,511.8130792324762
Buch (Sh),68779.0,,76.0,78.23082844119021,336.0,,200.0,9,BS,BS,226.1904761904762
Cadempino,74375.0,,2620.0,2268.8883162987777,1585.0,,163.4962390393942,18,JU,JU,1652.9968454258674
Bürchen,59865.0,,200.0,60.09814567837525,767.0,,166.4655825974001,15,ZG,ZG,260.7561929595828
Büttenhardt,77236.0,,83.0,104.53798248172501,438.0,,162.75231038312637,14,AR,AR,189.49771689497715
Büttikon,77536.0,,225.0,376.6281926482177,1170.0,,182.9470742233838,6,AG,AG,192.30769230769232
Buttwil,71581.0,,198.0,281.2572611592939,1297.0,,173.4466353340055,8,TI,TI,152.65998457979953
Cademario,73898.0,,176.0,197.02502192838617,790.0,,188.47003365529244,9,AR,AR,222.78481012658227
Chénens,75700.0,5675.833333333333,235.0,242.33754529298292,886.0,,184.34138144693128,10,VD,VD,265.2370203160271
Bürglen (Ur),64341.0,,1641.0,72.836048801384,3901.0,,178.0851184474804,14,AR,AR,420.6613688797744
Büren (So),78624.0,,166.0,158.3870230291349,1077.0,,165.49914484510285,15,SG,SG,154.13184772516252
Büsserach,81758.0,,676.0,366.6127421720323,2450.0,,153.10159863383197,11,BE,BE,275.91836734693874
Cressier (Fr),80307.0,,583.0,251.5294190759095,1109.0,,170.44017431085584,15,TG,TG,525.6988277727683
Crésuz,72578.0,,56.0,277.5049676815202,486.0,,189.68738870219005,4,JU,JU,115.22633744855968
Courgevaux,79558.0,,583.0,433.04456765192725,1458.0,,178.27744268203597,9,UR,UR,399.8628257887517
Chêne-Bourg,75850.0,,2965.0,6713.9969100753415,9578.0,,84.68749812158941,31,BE,BE,309.56358321152646
Cottens (Fr),76997.0,,415.0,313.3973509797597,1529.0,,179.0294354879203,16,UR,UR,271.41922825376065
Densbüren,69178.0,8125.833333333333,422.0,64.18438897943192,769.0,,185.056065174234,18,VS,VS,548.7646293888166
Dietlikon,82097.0,11673.529411764706,5697.0,1661.9337880291237,8027.0,,147.78130732392162,18,NW,NW,709.7296623894357
Dietwil,75316.0,,225.0,266.0847728810606,1417.0,,179.27763651037785,9,BL,BL,158.7861679604799
Dinhard,87990.0,,422.0,233.23868145632562,1731.0,,178.21980470127767,11,VS,VS,243.78971692663202
Dintikon,71436.0,7684.090909090909,1313.0,549.3663224642293,2428.0,,156.59375467664995,17,SO,SO,540.7742998352554
Dielsdorf,74768.0,,4827.0,1284.145868277377,6725.0,,170.71815083607967,11,VD,VD,717.7695167286246
Dallenwil,65135.0,,877.0,111.88219062458936,1871.0,,187.14363700900242,13,VD,VD,468.7332977017638
Corsier (Ge),325481.0,17706.81818181818,379.0,788.8747177931153,2313.0,,187.25026541273164,9,NE,NE,163.85646346735842
Cureglia,96188.0,,334.0,1417.4771201223448,1483.0,,179.63649292272137,11,FR,FR,225.21915037086987
Dachsen,84870.0,,420.0,804.3296824589102,1926.0,,150.16304917800034,18,GE,GE,218.06853582554515
Dägerlen,80209.0,,290.0,141.31430349484052,1159.0,,164.32854756849605,14,UR,UR,250.21570319240726
Dällikon,75918.0,,2760.0,1024.3906355190136,4466.0,,176.04178459300948,13,LU,LU,618.0026869682042
Dalpe,64684.0,,31.0,11.71127936104779,185.0,,187.58203573916484,6,LU,LU,167.56756756756758
Däniken,66972.0,,2467.0,583.5481206921074,3073.0,,181.07386432341985,8,JU,JU,802.7985681744224
Dänikon,81306.0,,466.0,709.1961379595523,1866.0,,200.0,2,SG,SG,249.7320471596999
Dardagny,83520.0,,732.0,188.9119729628523,1828.0,,186.41598839803837,9,TG,TG,400.43763676148797
Dättlikon,93742.0,,164.0,275.02799860420834,839.0,,193.90316417237125,9,OW,OW,195.47079856972584
Choulex,117101.0,,201.0,312.06464196154917,1232.0,,190.75695994692532,8,JU,JU,163.14935064935065
Coldrerio,65233.0,,1143.0,1301.4450218694658,2834.0,,174.92475207092738,16,NE,NE,403.3168666196189
Collex-Bossy,111114.0,,273.0,199.59477229423288,1666.0,,173.0016557617343,11,JU,JU,163.8655462184874
Collombey-Muraz,63761.0,,3541.0,341.4853215849,10051.0,,187.4956563577843,10,FR,FR,352.3032534076211
Collonge-Bellerive,148914.0,16758.0,4675.0,1315.0004149790154,8643.0,,153.40678022933463,12,GR,GR,540.9001504107371
Collonges,59133.0,,140.0,79.47207496237766,869.0,,175.5495276727298,9,ZH,ZH,161.1047180667434
Cologny,152170.0,0.0,2503.0,1547.1090469300013,6027.0,,155.06935571371352,17,TG,TG,415.29782644765226
Chippis,58884.0,,512.0,654.5083467038108,1615.0,,173.76630227028372,13,TI,TI,317.0278637770898
Comano,94949.0,,985.0,1146.203920478826,2186.0,,200.0,4,NW,NW,450.5946935041171
Conthey,63078.0,7637.608695652174,4398.0,114.7830615387643,9408.0,,150.689779914228,16,SH,SH,467.4744897959184
Brittnau,69895.0,,761.0,297.0249884537308,4339.0,,186.91250294612877,3,JU,JU,175.38603364830607
Confignon,98435.0,,1334.0,1699.43069258426,4553.0,,136.4204311805147,18,VD,VD,292.9936305732484
Autigny,68989.0,,135.0,123.25855109866656,840.0,,171.52303832941345,14,VD,VD,160.71428571428572
Auw,76579.0,,620.0,279.2903137239813,2301.0,,193.1552873283695,8,FR,FR,269.44806605823555
Avully,77945.0,,184.0,422.1422558958174,1746.0,,176.1546786858808,12,GE,GE,105.38373424971363
Avusy,108659.0,,415.0,248.0028481686869,1412.0,,161.0119801390494,14,VS,VS,293.90934844192634
Ayent,63125.0,,1241.0,85.3221993243115,4451.0,,168.30547626310423,12,LU,LU,278.8137497191642
Arth,71928.0,,4358.0,291.53903395500936,12524.0,27.4,186.87518446490444,6,OW,OW,347.97189396358993
Ascona,80013.0,10057.894736842105,3426.0,573.9489613567455,5322.0,,162.50221690490974,15,FR,FR,643.7429537767756
Ausserberg,69877.0,,117.0,41.45350024330427,640.0,,182.78263971781763,10,GR,GR,182.8125
Attalens,77956.0,8697.5,834.0,398.9185882019476,3693.0,,176.13913710357758,12,GR,GR,225.83265637692932
Attinghausen,67584.0,,468.0,37.908231735072086,1787.0,,169.80222229550802,10,UR,UR,261.89143816452156
Auenstein,82045.0,6661.772727272727,269.0,310.73653561922276,1743.0,,200.0,1,BE,BE,154.3316121629375
Bachenbülach,82671.0,,1616.0,1078.8989702473516,4286.0,,177.20286832300755,13,VD,VD,377.041530564629
Bassersdorf,80858.0,,4716.0,1315.169607555012,12301.0,40.1,134.6200884385756,18,TI,TI,383.3834647589627
Bargen (Sh),60837.0,,73.0,36.082969940723174,342.0,,182.39387625359953,6,VS,VS,213.4502923976608
Bärschwil,61997.0,,129.0,68.76564288792203,796.0,,169.297215859006,14,JU,JU,162.0603015075377
Bardonnex,93399.0,,1044.0,418.5972993648341,2545.0,,188.0174414959084,7,LU,LU,410.21611001964635
Basel,81097.0,9671.052631578947,194174.0,7388.587104302237,177571.0,46.7,83.78581724306883,34,JU,JU,1093.500627917847
Bättwil,81929.0,,397.0,595.3605827341435,1192.0,,171.49227183058335,13,BE,BE,333.05369127516775
Balm Bei Günsberg,83238.0,,105.0,41.29194970353278,230.0,,187.11241403952403,10,ZG,ZG,456.52173913043475
Arogno,61152.0,2138.181818181818,289.0,97.57826455600095,938.0,,191.88146583379427,3,SG,SG,308.10234541577825
Bachs,77253.0,,241.0,76.06411509330813,678.0,,161.13626002625764,17,UR,UR,355.4572271386431
Balerna,60981.0,7036.70625,4728.0,1173.2698639552339,3356.0,,161.59939002806365,14,TG,TG,1408.8200238379022
Bäretswil,77524.0,,1723.0,241.49151124266592,5148.0,,170.1282942680633,11,BE,BE,334.6930846930847
Baar,106044.0,,30254.0,1038.7533215315214,25004.0,35.2,158.3523775869182,15,AI,AI,1209.96640537514
Baltschieder,75883.0,,278.0,43.33545312245886,1386.0,,200.0,1,SH,SH,200.57720057720059
Airolo,62174.0,,890.0,15.737964708524602,1452.0,,185.90401048483932,9,TG,TG,612.9476584022038
Agarn,59735.0,,202.0,92.12455164966119,745.0,,160.0441287324991,11,NE,NE,271.1409395973154
Agno,62959.0,,2617.0,1667.8300703096215,4554.0,,174.73979634220333,7,LU,LU,574.6596398770312
Aire-La-Ville,99744.0,,460.0,461.461112557958,1173.0,,200.0,1,LU,LU,392.156862745098
Albinen,52652.0,,102.0,18.539150713632036,259.0,,195.28429024832147,9,AR,AR,393.8223938223938
Aarburg,65286.0,,3560.0,2301.2907564864295,8917.0,,130.95082928316126,19,JU,JU,399.23741168554443
Abtwil,71741.0,,167.0,264.3222541401833,1120.0,,169.72836668480247,16,VS,VS,149.10714285714286
Affoltern Am Albis,74835.0,10226.08695652174,7036.0,1181.1641453690127,12882.0,34.3,185.53046838063418,7,ZG,ZG,546.1884800496816
Adliswil,90651.0,,8023.0,2446.3152292315303,19893.0,51.2,141.47098897332472,13,SO,SO,403.30769617453376
Alpnach,71100.0,,3317.0,120.99360708321217,6511.0,,185.28516041045472,5,BS,BS,509.4455536783904
Aranno,77523.0,0.0,46.0,140.98239828732494,351.0,,190.0192224227742,11,ZG,ZG,131.05413105413106
Arbaz,64634.0,,229.0,70.69929270462903,1461.0,,165.29798456474927,12,ZG,ZG,156.7419575633128
Ardon,60868.0,,990.0,213.08320902090404,3835.0,,176.68385349439166,9,BE,BE,258.148631029987
Aristau,82558.0,,405.0,201.6530772033146,1603.0,,129.08819029188987,21,NW,NW,252.65127885215222
Arbedo-Castione,63769.0,,2853.0,249.8533685148827,5160.0,,161.79121485769855,15,UR,UR,552.9069767441861
Altdorf (Ur),70269.0,,6774.0,1215.8584019605325,10459.0,13.5,162.34226942091132,17,TG,TG,647.671861554642
Altendorf,121932.0,13524.0,4379.0,345.7791234573722,7426.0,,157.3453597269588,19,BL,BL,589.6848909237813
Anières,159066.0,,506.0,631.4146916378079,2563.0,,197.28795684540097,5,AR,AR,197.42489270386267
Altikon,73219.0,,170.0,105.9512429901412,774.0,,157.34744585417494,11,TI,TI,219.63824289405684
Alpthal,70137.0,,192.0,25.566355452923357,632.0,,173.11643366000214,10,GE,GE,303.7974683544304
Ammerswil,77574.0,,121.0,340.8508947335987,802.0,,178.07946822610566,11,AR,AR,150.87281795511223
Andermatt,79647.0,,1775.0,25.264287189465286,1578.0,,200.0,2,UR,UR,1124.8415716096324
Boppelsen,121492.0,,334.0,353.83656922048937,1425.0,,154.43220536471716,12,ZH,ZH,234.38596491228068
Boningen,64531.0,,233.0,258.2261546568212,813.0,,194.5089165572535,7,NW,NW,286.5928659286593
Boniswil,72513.0,,224.0,732.3579318708519,1770.0,,171.80309027191828,11,AI,AI,126.55367231638418
Beckenried,82762.0,,1205.0,152.9893015265608,3712.0,,163.5400318759518,13,BL,BL,324.62284482758616
Bosco/Gurin,47407.0,,47.0,2.124858733627144,47.0,,186.9162205382757,6,GE,GE,1000.0
Bossonnens,69253.0,,518.0,382.1146363098616,1593.0,,178.63325970452945,9,LU,LU,325.172630257376
Boswil,68342.0,,1512.0,277.20355910141893,3114.0,,167.84159398746957,9,AI,AI,485.5491329479769
Bonstetten,92809.0,9636.666666666666,1069.0,705.6821247950409,5712.0,,173.00111037199383,14,ZG,ZG,187.1498599439776
Bissone,80309.0,,205.0,440.46312092275605,930.0,,169.2016552315739,15,NW,NW,220.43010752688173
Bister,48000.0,,13.0,6.949267063620071,37.0,,181.6323615262365,4,OW,OW,351.35135135135135
Bitsch,68211.0,,366.0,188.8817300709786,1142.0,,187.7849360558495,5,GE,GE,320.4903677758319
Blatten,60231.0,,84.0,3.3957145335529364,300.0,,200.0,1,GL,GL,280.0
Breitenbach,70398.0,,1920.0,627.2078783975227,4366.0,,154.28257248664676,13,GR,GR,439.7617956939991
Brione Sopra Minusio,78066.0,9083.014705882353,85.0,104.62924411370511,436.0,,200.0,5,BL,BL,194.95412844036696
Brissago,63544.0,9963.333333333334,1279.0,85.92348320108336,1619.0,,149.74685169544313,12,GR,GR,789.9938233477454
Birrhard,72821.0,,300.0,282.0097839060014,969.0,,174.513211194043,8,SH,SH,309.59752321981426
Böttstein,68356.0,,1849.0,574.9166115084723,4326.0,,182.27142946233295,6,NE,NE,427.41562644475266
Bottenwil,71716.0,,160.0,160.694019408039,863.0,,182.38959596331284,10,AI,AI,185.3997682502897
Bourg-Saint-Pierre,57218.0,,130.0,2.374362163567788,222.0,,170.64132772866142,12,SO,SO,585.5855855855856
Bovernier,56165.0,,113.0,69.89507515776317,952.0,,176.08928743554438,8,ZH,ZH,118.69747899159664
Bernex,90789.0,,3055.0,787.3463967742605,11112.0,,163.62692740687663,14,SH,SH,274.92800575953925
Berg Am Irchel,131107.0,,164.0,67.64082469439037,589.0,,170.39638044970562,10,NW,NW,278.43803056027167
Bergdietikon,101832.0,,1181.0,547.9668455375258,2997.0,,186.49831460042412,7,ZG,ZG,394.06072739406073
Berikon,81214.0,,1567.0,897.8032370834394,5000.0,,175.11639003068362,16,VD,VD,313.40000000000003
Benken (Zh),90667.0,,357.0,153.60510128977836,883.0,,167.8619888108584,16,BE,BE,404.3035107587769
Broc,62422.0,,1055.0,318.10873658354507,2848.0,,189.87194272618055,3,BE,BE,370.4353932584269
Bedretto,133677.0,,44.0,1.439747698613295,108.0,,184.601981276627,11,JU,JU,407.4074074074074
Beggingen,59835.0,,137.0,40.536565381948684,485.0,,191.73915879449305,9,SG,SG,282.4742268041237
Beinwil (Freiamt),74824.0,,401.0,121.3373661375066,1309.0,,188.0683778600516,4,SH,SH,306.340718105424
Beinwil (So),62240.0,,135.0,11.704818679514625,262.0,,167.44039505558402,15,GE,GE,515.2671755725191
Bellach,66726.0,,2496.0,996.1389753717368,5556.0,,160.2360119275621,19,SO,SO,449.244060475162
Bellevue,99535.0,,1498.0,907.4174468411981,4105.0,,180.86082267670423,6,OW,OW,364.9208282582217
Bellikon,90692.0,,874.0,328.9084392805357,1580.0,,185.41022790384645,6,LU,LU,553.1645569620252
Bellwald,57589.0,6870.652173913043,228.0,27.66767765478703,363.0,,179.3795920017865,13,JU,JU,628.099173553719
Beinwil Am See,76971.0,,966.0,1140.4012041213896,3719.0,,168.75199092051258,13,UR,UR,259.7472438827642
Besenbüren,76371.0,,139.0,305.4153204859124,637.0,,195.68780405110653,8,FR,FR,218.21036106750392
Binn,53916.0,,64.0,1.812073775928888,129.0,,171.11466780229537,12,JU,JU,496.1240310077519
Birmenstorf (Ag),84402.0,,1148.0,381.18237152127574,3066.0,,183.86446610615587,10,LU,LU,374.42922374429224
Birr,70755.0,,2136.0,1114.6897807071507,4847.0,,164.2526673938744,9,GR,GR,440.6849597689292
Bedano,73301.0,,1775.0,643.2020044048688,1510.0,,169.40202572227386,15,BL,BL,1175.4966887417218
Biasca,59139.0,,3424.0,106.6934563996442,6201.0,,195.27274748258625,10,OW,OW,552.1690049991936
Bettingen,107914.0,,367.0,364.5387843329838,1279.0,,188.22922494405012,7,ZG,ZG,286.9429241594996
Bettlach,75924.0,11760.0,2151.0,431.7905558651868,4987.0,,187.28299468338452,8,GE,GE,431.32143573290557
Bettwil,76883.0,,238.0,167.76038942903364,716.0,,197.67624263208683,1,SO,SO,332.4022346368715
Biezwil,68988.0,,83.0,93.32947729657789,345.0,,179.25869233094932,11,BE,BE,240.57971014492753
Birrwil,74536.0,0.0,206.0,400.1044119717239,1414.0,,185.67131876727248,10,OW,OW,145.6859971711457
Biberstein,97561.0,,305.0,426.4564633504808,1657.0,,170.48723354186347,11,BL,BL,184.06759203379602
Günsberg,75648.0,,206.0,230.84432701503152,1205.0,,182.23649900886087,12,SH,SH,170.95435684647302
Flurlingen,94010.0,,481.0,500.2550642597377,1520.0,,172.34673226165242,10,GL,GL,316.44736842105266
Gunzgen,67230.0,,955.0,404.4858337541759,1696.0,,176.8469529618822,12,SG,SG,563.0896226415094
Flumenthal,65270.0,6930.0,413.0,342.4162935968141,1052.0,,185.027847070357,5,NW,NW,392.58555133079847
Flüelen,78548.0,,951.0,149.8627753384775,2071.0,,166.02503839271876,13,GL,GL,459.19845485272816
Gurtnellen,52974.0,,216.0,5.9528033878027475,487.0,,200.0,5,LU,LU,443.53182751540044
Freienwil,82795.0,,134.0,247.40038423528767,1100.0,,162.09476776869604,14,AG,AG,121.81818181818181
Frick,76318.0,,4364.0,605.4312414988982,5924.0,,154.8855400893314,14,VD,VD,736.6644159351789
Fribourg,65631.0,6112.105263157895,35205.0,4228.499575835062,39151.0,43.6,149.11536901665062,16,FR,FR,899.2107481290388
Grub (Ar),62429.0,,253.0,217.0947830098012,986.0,,189.40588507476266,10,UR,UR,256.5922920892495
Gruyères,72092.0,,1280.0,76.46180156034379,2339.0,,188.49796408901383,6,VS,VS,547.2424112868748
Gy,122095.0,,117.0,118.54569089629116,553.0,,188.08099279214954,3,ZH,ZH,211.5732368896926
Freienstein-Teufen,84693.0,,695.0,288.9280094815161,2372.0,,176.52731956436912,16,ZG,ZG,293.00168634064084
Freienbach,166646.0,,17903.0,1163.2615125692428,17028.0,33.9,153.27233097187502,20,VS,VS,1051.3859525487433
Fräschels,73627.0,,96.0,177.70256145264057,445.0,,179.11764630799644,6,ZH,ZH,215.7303370786517
Grüningen,80316.0,,1803.0,450.98974027354626,3886.0,,164.70377988525885,15,OW,OW,463.97323726196606
Feuerthalen,78517.0,,1247.0,1778.8202510919425,3848.0,,174.33179176241177,9,LU,LU,324.0644490644491
Ferpicloz,89327.0,,96.0,243.12045098843655,248.0,,175.02802006244025,11,ZG,ZG,387.09677419354836
Hauenstein-Ifenthal,74664.0,,79.0,67.27055635807861,341.0,,166.8586201930243,13,BS,BS,231.6715542521994
Feldbrunnen-St. Niklaus,123500.0,,274.0,413.69959846803675,1071.0,,170.46605750683506,11,BE,BE,255.83566760037345
Fehren,65953.0,,93.0,422.8002057627668,600.0,,181.37694019921165,7,AG,AG,155.0
Fehraltorf,80757.0,,4968.0,709.3035418288655,6883.0,,163.45687499009912,11,VS,VS,721.7782943483945
Hausen Am Albis,93397.0,9525.6,1099.0,299.4771456597061,3951.0,,164.2573045839737,10,BL,BL,278.15742849911413
Ferden,61610.0,,88.0,9.068584350468313,248.0,,183.56071906996317,6,AI,AI,354.8387096774194
Hallwil,64345.0,,300.0,505.98497708861476,1024.0,,177.90797389830936,10,ZH,ZH,292.96875
Flaach,79770.0,7416.818181818182,801.0,156.59490151527578,1494.0,,170.61735873606935,9,VD,VD,536.144578313253
Fislisbach,72544.0,,1500.0,1238.6124737882678,6140.0,,158.805496093788,16,VD,VD,244.29967426710098
Fisibach,70806.0,,190.0,110.0339804937943,605.0,,182.23371413470792,13,LU,LU,314.0495867768595
Habsburg,90729.0,,69.0,211.51235752360742,431.0,,155.87339882868207,13,ZH,ZH,160.09280742459399
Hagenbuch,71470.0,,201.0,146.42765110678556,1168.0,,157.22560144508006,15,TG,TG,172.0890410958904
Fischenthal,68118.0,,711.0,87.9606441774351,2666.0,,168.2282526735394,14,VS,VS,266.69167291822953
Hägendorf,75411.0,,3240.0,396.2175023978487,5299.0,,172.28468313945697,13,ZG,ZG,611.4361200226458
Hägglingen,80034.0,6648.409090909091,780.0,343.69288039799847,2588.0,,180.74953387227612,10,UR,UR,301.39103554868626
Fischbach-Göslikon,70055.0,,375.0,573.8259539194249,1733.0,,195.58946367444028,8,VD,VD,216.38776687824583
Feusisberg,208877.0,,4496.0,323.59541316214523,5600.0,,189.1802125603275,9,GL,GL,802.8571428571428
Grindel,65443.0,,58.0,145.42784929303573,519.0,,175.94989211448143,7,BE,BE,111.7533718689788
Finhaut,65450.0,,125.0,17.37607181887981,418.0,,179.52534391264732,12,AI,AI,299.04306220095697
Fieschertal,65989.0,,243.0,2.0458507649345754,357.0,,164.9476297726793,16,NE,NE,680.6722689075631
Fiesch,57694.0,,704.0,74.82116252311341,910.0,,178.87719648266818,7,GR,GR,773.6263736263736
Hallau,67905.0,,1134.0,148.75809248167207,2423.0,,173.98107820067935,11,GE,GE,468.01485761452744
Gossau (Zh),81287.0,11912.068965517241,2559.0,538.8671731543844,10605.0,,178.6989276254038,12,SG,SG,241.30127298444128
Giffers,66431.0,,549.0,294.06919588047566,1703.0,,164.24387413799136,12,BE,BE,322.37228420434525
Göschenen,57392.0,,270.0,4.420519733026134,458.0,,187.74866285413222,11,BE,BE,589.5196506550219
Gersau,78589.0,,581.0,172.15625676637197,2462.0,,200.0,12,ZG,ZG,235.98700243704303
Grächen,57093.0,7438.2,592.0,95.82647009484074,1316.0,,177.2837311412165,8,GR,GR,449.84802431610944
Grancia,65405.0,,1139.0,734.1366482426604,468.0,,177.65496744744968,6,AI,AI,2433.7606837606836
Grône,57854.0,,526.0,124.11402748052579,2556.0,,188.94441155749428,8,NE,NE,205.7902973395931
Gontenschwil,63128.0,,1075.0,239.41828618126206,2209.0,,171.2578311981814,14,AG,AG,486.6455409687642
Gordola,64814.0,10078.434593310905,1675.0,655.1254651377242,4831.0,,175.89253345308506,10,NW,NW,346.7191057752018
Gletterens,72615.0,5341.0,258.0,362.462609596771,1161.0,,176.06056373031885,15,OW,OW,222.2222222222222
Glattfelden,77493.0,15318.947368421053,1062.0,427.2472326451141,5438.0,,176.59735031843434,6,AR,AR,195.2923869069511
Givisiez,72889.0,,6305.0,1080.1244751379652,3457.0,,156.0849479923902,17,BL,BL,1823.8356956899045
Giswil,62392.0,,1423.0,45.69501987023236,3988.0,,179.85499965744242,8,ZG,ZG,356.82046138415245
Gipf-Oberfrick,81272.0,,778.0,342.56443276084593,3887.0,,183.56877515775733,14,SH,SH,200.15436068947776
Gächlingen,72109.0,,238.0,142.33083689563858,1029.0,,200.0,11,AR,AR,231.29251700680274
Greifensee,93456.0,,1565.0,2365.965707681685,5421.0,,167.3922241089926,10,VD,VD,288.6921232244973
Galgenen,83746.0,,1357.0,380.34295962589516,5463.0,,200.0,3,GR,GR,248.39831594362073
Grenchen,61731.0,4567.562808175668,11066.0,661.5436920411337,18602.0,17.4,160.94767343762467,16,GE,GE,594.8822707235781
Gais,74940.0,,1490.0,154.0298009820948,3134.0,,191.33559465559418,6,BS,BS,475.4307594128909
Greng,163402.0,,52.0,178.85441993747025,176.0,,180.71756040276867,9,OW,OW,295.4545454545455
Grengiols,52565.0,,152.0,7.235273007367859,417.0,,200.0,5,JU,JU,364.5083932853717
Fully,63852.0,6737.653125,2578.0,249.0084195871574,9310.0,,165.04219966865804,7,ZG,ZG,276.90655209452206
Full-Reuenthal,76157.0,3626.0,247.0,237.33505362840694,1013.0,,164.70408921291153,13,NE,NE,243.83020730503455
Fulenbach,70600.0,,811.0,407.68790584088487,1821.0,,166.36457450484795,10,TI,TI,445.35969247666117
Grimisuat,77364.0,,890.0,940.8903786715681,3962.0,,137.41091380909035,17,GE,GE,224.63402322059568
Genthod,112923.0,,858.0,1067.6181815264365,2861.0,,159.9365195788989,18,BL,BL,299.8951415588955
Genève,76019.0,,195218.0,13142.231888059347,209061.0,50.6,18.61301007669453,42,SH,SH,933.784876184463
Gempen,87523.0,,420.0,159.44768959188136,934.0,,180.4448506836718,12,ZH,ZH,449.67880085653104
Geltwil,94317.0,,66.0,62.39472468685765,241.0,,184.42307181809042,8,SH,SH,273.8589211618258
Grandvillard,70585.0,,191.0,34.83372297854948,903.0,,200.0,4,GE,GE,211.5171650055371
Gebenstorf,77401.0,,1728.0,1011.2301927876318,5807.0,,182.7228299431941,11,VD,VD,297.5718959876012
Granges-Paccot,68023.0,,3816.0,927.4174207317726,3983.0,,160.76957875584145,15,UR,UR,958.0718051719808
Grangettes,83676.0,,57.0,62.14898473289666,212.0,,165.8233170522505,14,BL,BL,268.8679245283019
Gansingen,73039.0,,188.0,125.58531328748282,1128.0,,185.95424560781169,11,JU,JU,166.66666666666666
Gränichen,69807.0,7209.281524926686,3023.0,489.92490457892364,8692.0,,154.6132911556132,14,FR,FR,347.79107225034517
Gravesano,85696.0,,1065.0,2078.88769099223,1398.0,,183.7518278655776,7,SH,SH,761.8025751072961
Granges (Veveyse),72157.0,,277.0,234.7097808754771,977.0,,195.02148421627336,3,SO,SO,283.5209825997953
Dürrenäsch,70870.0,,800.0,207.03534718246726,1375.0,,170.6081309536017,9,VS,VS,581.8181818181818
Egg,94917.0,15148.691860465116,2789.0,642.7758231996789,8815.0,,146.97509037968433,26,OW,OW,316.39251276233693
Eggerberg,62895.0,,60.0,56.55553706458264,338.0,,199.67146783089186,9,BE,BE,177.51479289940826
Hochwald,97270.0,,231.0,161.19348562052264,1282.0,,176.450919228613,6,NW,NW,180.18720748829952
Echarlens,76310.0,,150.0,215.36408941275482,846.0,,196.11794394088525,2,ZG,ZG,177.3049645390071
Holderbank (Ag),67660.0,,706.0,662.4754894617871,1570.0,,148.53083621601357,18,ZG,ZG,449.6815286624204
Holziken,65408.0,,286.0,749.0579417349338,1763.0,,162.46835066830005,15,BS,BS,162.22348269994328
Hombrechtikon,79558.0,8889.688888888888,2912.0,782.9718750981905,9176.0,,171.15052887374324,13,TG,TG,317.3496076721883
Ellikon An Der Thur,84934.0,,656.0,194.96101921965328,1024.0,,178.48829422499287,9,VS,VS,640.625
Eisten,47502.0,,29.0,5.134572670308995,192.0,,173.1993326786224,11,TI,TI,151.04166666666666
Eischoll,59418.0,,88.0,35.757067880012805,460.0,,188.94353044987128,8,TI,TI,191.30434782608697
Einsiedeln,76338.0,31317.391304347828,7190.0,168.59849470657946,16532.0,17.3,162.07018772799975,14,ZH,ZH,434.91410597628845
Himmelried,81620.0,,124.0,179.00263778212764,964.0,,175.83004624356477,4,OW,OW,128.63070539419087
Hinwil,75262.0,7234.033333333333,7571.0,497.9432002548457,11961.0,22.2,176.12970078206243,10,LU,LU,632.9738316194298
Eggenwil,83265.0,12715.5,164.0,436.9688938204936,1055.0,,182.73782573073703,6,ZG,ZG,155.45023696682463
Hirschthal,80731.0,,862.0,554.5267611060655,1763.0,,184.35362969943714,9,OW,OW,488.9393079977312
Dürnten,78222.0,8301.176470588236,1946.0,889.2864846133991,8048.0,,152.9887388362948,24,TI,TI,241.79920477137176
Hittnau,83883.0,,887.0,339.8364650433469,3970.0,,153.11822597544838,17,GL,GL,223.4256926952141
Hochfelden,81925.0,,441.0,361.52339679848154,2015.0,,195.04755047117393,5,NW,NW,218.85856079404468
Egliswil,71903.0,,449.0,256.9567436136043,1605.0,,182.0606598491147,12,OW,OW,279.7507788161994
Eglisau,89496.0,9354.545454545454,1408.0,587.2937015967851,5750.0,,162.07809792612665,15,FR,FR,244.8695652173913
Eiken,71429.0,,1278.0,351.7651170919259,2516.0,,199.26106136951196,6,UR,UR,507.94912559618444
Hundwil,58750.0,,547.0,39.68940347834231,965.0,,181.29101625706787,11,TI,TI,566.839378238342
Hünenberg,117616.0,,7319.0,506.9132057431499,8972.0,,191.91233804446307,13,BS,BS,815.7601426660722
Hüntwangen,88641.0,,363.0,217.75187313385752,1094.0,,178.5362216854322,6,AI,AI,331.8098720292504
Hunzenschwil,67663.0,,2056.0,1336.7536166628688,4382.0,,195.66208050429017,7,TG,TG,469.1921497033318
Hüttikon,96550.0,,110.0,577.1100775661272,957.0,,199.75174719808334,2,SH,SH,114.94252873563218
Dorf,85255.0,,168.0,146.69642374068022,728.0,,174.60002799137888,12,SG,SG,230.76923076923077
Dörflingen,82437.0,,226.0,160.5143512142166,1056.0,,192.75033299204281,4,BL,BL,214.01515151515153
Icogne,64470.0,,148.0,23.151304656769568,640.0,,189.42530623486695,6,GR,GR,231.25
Illgau,60052.0,,156.0,79.98301090790204,822.0,,199.62544817835362,4,NW,NW,189.7810218978102
Dulliken,60725.0,,1551.0,958.6716645416111,5450.0,,154.59253744976414,18,SH,SH,284.58715596330273
Düdingen,69906.0,7526.4,3972.0,293.5156522365492,9116.0,,186.94942848529007,11,AG,AG,435.717419921018
Dübendorf,82091.0,15745.961538461539,20911.0,2371.947272145939,32571.0,48.7,168.81125385642594,8,UR,UR,642.0128335021952
Dorénaz,57130.0,4267.083333333333,165.0,82.42804126423286,1113.0,,152.68697429373375,16,JU,JU,148.2479784366577
Döttingen,68777.0,7039.038461538462,2300.0,663.6452691630118,4561.0,,154.68502123202592,13,NW,NW,504.2753782065337
Hospental,57994.0,,52.0,5.090363136608238,180.0,,149.36233670375842,13,GE,GE,288.88888888888886
Hubersdorf,78097.0,,115.0,550.0608369007128,719.0,,169.68927925537014,11,NW,NW,159.94436717663422
Dottikon,68825.0,,1510.0,1117.9337370184967,4257.0,,178.01166363918486,9,LU,LU,354.70988959361057
Dornach,90426.0,,2814.0,1148.0301824970397,6901.0,,189.4403567687549,15,SO,SO,407.7669902912621
Höri,70545.0,9944.117647058823,1358.0,676.3022019576141,3564.0,,173.40085103881262,12,SG,SG,381.0325476992144
Hellikon,69557.0,,130.0,120.35534561807425,850.0,,200.0,1,TI,TI,152.94117647058826
Hemishofen,90720.0,3638.25,123.0,60.54670109518298,493.0,,158.61630413986717,13,SH,SH,249.49290060851928
Hendschiken,66007.0,,502.0,331.23139510030677,1387.0,,150.6774224978826,19,ZG,ZG,361.93222782984856
Erstfeld,61241.0,,1451.0,68.53210414860622,3961.0,,178.39346302022375,16,SH,SH,366.32163595051753
Henggart,79221.0,,695.0,727.2451871608788,2343.0,,177.4689343155255,5,ZG,ZG,296.6282543747332
Hauteville,69812.0,,111.0,67.24129503838219,744.0,,178.75099091996825,4,BS,BS,149.19354838709677
Fällanden,90932.0,,3106.0,1590.6265107609506,9637.0,,130.84145755081383,26,OW,OW,322.29947078966484
Hedingen,96607.0,,1369.0,605.8557731719585,4002.0,,171.75672297128773,13,ZH,ZH,342.0789605197401
Fahrwangen,65838.0,,813.0,496.36747477744694,2536.0,,154.77620954753664,13,TG,TG,320.58359621451103
Heiden,71470.0,,2602.0,541.8768351260755,4383.0,,183.86888437240964,10,SG,SG,593.657312343144
Evolène,61032.0,,685.0,7.8623817960093945,1666.0,,185.41815250506556,1,TG,TG,411.16446578631457
Evionnaz,57957.0,,740.0,30.883068928796565,1500.0,,165.55821778711706,13,FR,FR,493.33333333333337
Heitenried,65422.0,,349.0,159.0493290814448,1404.0,,170.4854871190513,13,JU,JU,248.57549857549859
Erschwil,69683.0,,411.0,123.60062554442753,967.0,,162.70990895942563,16,GL,GL,425.0258531540848
Ennetmoos,72681.0,,667.0,174.1415642061176,2338.0,,177.08103764349278,7,AR,AR,285.28656971770744
Ennetbürgen,105656.0,,1853.0,642.9838118233703,5327.0,,186.99686908622445,8,VS,VS,347.850572554909
Ennetbaden,106126.0,,817.0,2157.4715593919886,3703.0,,140.5970785562009,15,TI,TI,220.6319200648123
Hettlingen,104420.0,10535.0,797.0,567.2691667585893,3227.0,,181.09465906149396,10,SO,SO,246.9786179113728
Engelberg,99479.0,,2756.0,55.93094732950646,4416.0,,171.41664717579815,9,GE,GE,624.0942028985507
Emmetten,68084.0,,446.0,70.43275893558017,1668.0,,167.3118914416513,11,GR,GR,267.3860911270983
Embrach,74628.0,9671.052631578947,4085.0,782.4457544278865,10356.0,,169.47242325959166,9,LU,LU,394.45731942835073
Embd,70242.0,,76.0,20.802161264266314,285.0,,164.2428459008378,15,GR,GR,266.6666666666667
Elsau,81999.0,,1237.0,460.1802967041387,3898.0,,166.45156252787496,15,AG,AG,317.34222678296567
Hermance,113071.0,11143.548387096775,240.0,592.9795222184098,1246.0,,155.27232812030672,14,SG,SG,192.6163723916533
Hérémence,64307.0,,427.0,14.616105643849316,1545.0,,200.0,5,BS,BS,276.37540453074433
Hergiswil (Nw),149042.0,,3006.0,461.6281329499287,6296.0,,175.26872940055873,6,BE,BE,477.4459974587039
Erlenbach (Zh),190393.0,,2000.0,1876.8068100983455,5505.0,,148.09066855554545,16,TG,TG,363.30608537693007
Herisau,66852.0,8352.272727272728,10206.0,666.8268450861024,15943.0,17.4,175.607282231193,10,SG,SG,640.1555541617012
Ergisch,56385.0,,46.0,6.348490761248257,183.0,,178.25153802223952,18,OW,OW,251.36612021857923
Eppenberg-Wöschnau,61004.0,,302.0,179.43372826345094,340.0,,174.64627394474002,7,ZH,ZH,888.235294117647
Herrliberg,186385.0,,1558.0,699.6258910491587,6780.0,,181.2357070568216,14,SO,SO,229.79351032448378
Mönthal,73188.0,,90.0,94.62128552767437,393.0,,190.29150531523018,10,GR,GR,229.00763358778624
Monthey,62828.0,4302.8125,11872.0,609.3690418736696,19074.0,13.7,165.09590496859727,14,GR,GR,622.4179511376743
Moosleerau,65584.0,,406.0,239.90996467922406,955.0,,168.63325251795374,17,UR,UR,425.13089005235605
Morbio Inferiore,68344.0,4169.170212765957,1764.0,2177.827621883317,4412.0,,151.0248442951027,17,TG,TG,399.81867633726205
Morcote,91291.0,7820.018181818182,262.0,241.5040860933276,713.0,,142.72351293176166,19,NW,NW,367.4614305750351
Murgenthal,67653.0,7224.0,936.0,176.67710085758304,3128.0,,155.2644168814552,15,VD,VD,299.23273657289
Mülligen,73664.0,5093.2,190.0,350.08282290313906,1088.0,,196.51609790061778,10,ZG,ZG,174.63235294117646
Mumpf,71588.0,,362.0,468.48957970370054,1563.0,,199.33597344953608,8,ZG,ZG,231.60588611644272
Münchwilen (Ag),77288.0,,574.0,414.0878292973868,1077.0,,171.54687316857914,10,OW,OW,532.961931290622
Mühlau,68257.0,8583.566433566433,346.0,264.04377597170117,1347.0,,185.64341084734335,4,BE,BE,256.86711210096513
Muntelier,121631.0,,510.0,843.0098945028496,982.0,,175.05533581125698,10,AI,AI,519.3482688391039
Muotathal,61198.0,,1530.0,20.564609513636746,3583.0,,200.0,3,SO,SO,427.0164666480603
Möriken-Wildegg,79376.0,,1749.0,763.7000663317995,4987.0,,188.08547058861734,8,BE,BE,350.7118508121115
Morlon,77085.0,,141.0,406.7870654375823,771.0,,173.44698274570248,15,NE,NE,182.8793774319066
Morschach,68858.0,,947.0,72.59888106298662,1378.0,,164.8471526238268,11,NW,NW,687.2278664731494
Muhen,73760.0,5369.8144654088055,1490.0,633.8759585339735,4090.0,,148.67699892910082,16,GE,GE,364.3031784841076
Mellingen,73635.0,,2091.0,1110.340114801331,6319.0,,170.38715995924528,12,UR,UR,330.9067890489001
Meltingen,72748.0,,122.0,106.13448938629875,631.0,,167.4522137213288,15,LU,LU,193.34389857369254
Melide,68417.0,8085.0,712.0,765.8854764484618,1785.0,,149.93309642215274,9,FR,FR,398.8795518207283
Menzingen,80673.0,,1791.0,163.30960890632232,4700.0,,168.4462696510566,10,SH,SH,381.063829787234
Mergoscia,50598.0,,41.0,15.36888712550237,201.0,,163.6102775156782,14,UR,UR,203.98009950248755
Merishausen,68865.0,,189.0,52.54747315942294,905.0,,200.0,9,ZH,ZH,208.83977900552486
Mellikon,70402.0,,139.0,92.85412865105334,224.0,,192.1736568162758,5,ZH,ZH,620.5357142857143
Meilen,133812.0,23472.58064516129,6249.0,1224.8938725731718,14848.0,62.6,165.90806881288054,7,AR,AR,420.8647629310345
Meinier,90385.0,,953.0,351.22063174219693,2069.0,,198.19915872028815,7,ZH,ZH,460.60898985016917
Meisterschwanden,100442.0,12175.299019607844,1291.0,946.327911770218,3310.0,,170.36780884278775,10,OW,OW,390.03021148036254
Mönchaltorf,78324.0,,1271.0,635.887357939666,4310.0,,159.83147206648923,10,UR,UR,294.8955916473318
Möhlin,74758.0,,4562.0,600.1946403445999,11389.0,26.7,196.00500239532514,4,JU,JU,400.56194573711474
Meyrin,67614.0,,24920.0,2407.2029447603013,27059.0,47.1,160.6161196064667,13,SG,SG,920.950515540116
Mettmenstetten,92635.0,,1755.0,466.1128411860651,5763.0,,159.12989415623946,12,BL,BL,304.5288912024987
Minusio,71409.0,,1869.0,1401.2782620704256,7321.0,,161.15928003519446,7,VD,VD,255.29299276055184
Meyriez,92158.0,,334.0,1075.096109435449,569.0,,154.60321604988079,18,BS,BS,586.9947275922672
Muri (Ag),72696.0,,5825.0,719.7608728339841,8712.0,,151.0513845666974,20,SO,SO,668.6179981634527
Mezzovico-Vira,75573.0,,3059.0,137.8849425597956,1389.0,,192.3277300159078,9,VS,VS,2202.303815694744
Oberrüti,77134.0,,404.0,297.15168262596046,1630.0,,200.0,2,FR,FR,247.85276073619633
Oberweningen,86845.0,,243.0,436.66025276554353,1905.0,,154.0462525234693,15,NW,NW,127.55905511811025
Oberlunkhofen,99382.0,,477.0,720.596942899304,2207.0,,180.22837595594018,9,NE,NE,216.13049388309923
Oberrohrdorf,93202.0,8704.70588235294,811.0,1055.6427391749833,4287.0,,158.19989724402453,16,JU,JU,189.17658035922557
Oberkulm,64143.0,3778.521126760563,975.0,330.40847690654596,3023.0,,168.93067133836843,14,JU,JU,322.52729077075753
Obersiggenthal,82810.0,,2033.0,998.6844788047152,8966.0,,159.72376361528782,12,ZH,ZH,226.74548293553423
Oberrieden,117148.0,,1094.0,1906.8632400301235,5392.0,,145.28361756337515,17,FR,FR,202.89317507418397
Obergösgen,62708.0,,598.0,792.1623646523791,2490.0,,171.69479511063008,13,GR,GR,240.16064257028114
Muralto,69245.0,13046.25,1702.0,4357.601150731999,2572.0,,117.80585453437669,28,VD,VD,661.741835147745
Oberems,46817.0,,32.0,2.8127169515726975,140.0,,184.03366941479806,11,FR,FR,228.57142857142856
Oberentfelden,66663.0,,4065.0,1235.3490447932095,8946.0,,165.15474868084218,15,AG,AG,454.39302481556007
Obermumpf,71457.0,,131.0,210.68732402930834,1081.0,,174.0198603993764,11,SH,SH,121.1840888066605
Oberglatt,67494.0,,2149.0,914.407698060978,7772.0,,155.95817508691147,19,TI,TI,276.5054040144107
Oberhallau,67405.0,,152.0,86.59754814994594,456.0,,170.36890477356292,13,SH,SH,333.3333333333333
Oberhof,71649.0,,127.0,70.4898519658793,584.0,,190.53520063797507,5,AR,AR,217.46575342465755
Oberiberg,89858.0,,409.0,29.895718446823434,916.0,,187.1814422767926,12,GL,GL,446.50655021834064
Opfikon,75430.0,13611.111111111111,25315.0,3891.7875770832684,21554.0,59.8,120.92369734409834,25,NW,NW,1174.4919736475827
Onex,71452.0,9775.5,5016.0,7598.282061165066,18915.0,47.3,94.77009901978406,27,BL,BL,265.1863600317209
Olten,70463.0,,23670.0,1695.4740472369872,19051.0,49.4,171.92713829884525,10,SH,SH,1242.454464332581
Origlio,94610.0,,236.0,732.2992685405242,1526.0,,146.60918473862287,18,BL,BL,154.65268676277853
Oftringen,65704.0,8185.227272727273,5949.0,1054.4140775437172,15120.0,15.6,176.12396293644161,12,TG,TG,393.45238095238096
Obfelden,81914.0,10878.0,1546.0,788.1976883369022,5961.0,,161.07286817478106,14,BE,BE,259.3524576413354
Oetwil Am See,71999.0,,2165.0,742.2156708678475,5150.0,,180.09605553681095,10,VS,VS,420.3883495145631
Oberdorf (So),87622.0,,400.0,142.97634219206154,1818.0,,166.92806486836497,18,ZH,ZH,220.02200220022002
Olsberg,104858.0,,110.0,58.25624153744589,360.0,,152.27073841629937,19,BL,BL,305.5555555555556
Oeschgen,74136.0,,309.0,291.0021044240792,1185.0,,152.27421031877978,16,GL,GL,260.75949367088606
Niedergesteln,66116.0,,137.0,41.148946716069574,749.0,,180.26051132878337,12,AG,AG,182.9105473965287
Neuenhof,63024.0,,2611.0,1776.7212005025112,9212.0,,163.62479240738884,10,VS,VS,283.43465045592706
Neuheim,95247.0,,1051.0,314.9465376071342,2527.0,,162.84928939633735,15,GE,GE,415.90819153146026
Nendaz,61768.0,,2787.0,85.54868739668642,7314.0,,188.61133358870654,13,VD,VD,381.0500410172272
Neunkirch,67803.0,,917.0,140.6461729330353,2660.0,,153.48074845271265,15,JU,JU,344.7368421052632
Neyruz (Fr),81156.0,,350.0,516.4571155211437,2869.0,,173.1227465850668,8,GR,GR,121.99372603694667
Oberembrach,82698.0,,251.0,109.45447079275404,1130.0,,160.59433675540993,12,VS,VS,222.12389380530973
Neuhausen Am Rheinfall,61326.0,4916.554054054054,5409.0,1429.0680089166406,11834.0,30.3,153.91961904476838,12,AI,AI,457.0728409667061
Muzzano,86651.0,11276.712328767124,1220.0,531.4097839472656,805.0,,174.65424990934338,8,BE,BE,1515.527950310559
Niederglatt,73436.0,,1667.0,1441.2104807171036,5507.0,,150.65236278734676,15,LU,LU,302.7056473579081
Neerach,107894.0,11331.25,678.0,554.8691014104979,3328.0,,167.90716580157994,8,SG,SG,203.72596153846155
Neggio,80532.0,,115.0,281.6652297761097,328.0,,191.88831259006108,7,GR,GR,350.60975609756093
Novazzano,67137.0,8056.7307692307695,2106.0,413.74474177288914,2340.0,,166.63295181112213,15,AI,AI,900.0
Nuglar-St. Pantaleon,80247.0,,217.0,245.48960277237273,1553.0,,189.74222033882162,5,SO,SO,139.72955569864777
Nunningen,71325.0,6192.375,627.0,181.0690029042263,1983.0,,160.99654965919618,18,LU,LU,316.1875945537065
Nuvilly,63662.0,,188.0,118.07296387560042,498.0,,186.60826865356918,10,LU,LU,377.5100401606425
Oberägeri,114556.0,,1845.0,220.4765447914915,6578.0,,199.11587364884392,8,VD,VD,280.48038917604134
Oberdorf (Nw),69290.0,,1365.0,195.53483984125523,3099.0,,140.70236807577135,16,NE,NE,440.4646660212972
Niedergösgen,67007.0,6018.866396761133,1299.0,1001.0692972869964,4255.0,,156.62902269583373,17,LU,LU,305.2878965922444
Niederhasli,75357.0,,2545.0,803.6691896698021,9648.0,,179.49171064502468,6,AR,AR,263.78524046434495
Niederlenz,71483.0,7192.923387096775,1721.0,1393.1881585188482,4958.0,,161.0610220044899,16,ZH,ZH,347.11577248890677
Niederrohrdorf,83732.0,9349.2,841.0,1336.3949444136556,4695.0,,170.32214371185793,12,GE,GE,179.12673056443023
Niederweningen,89965.0,,877.0,529.8972238306285,3349.0,,164.90075680139637,15,SH,SH,261.86921469095256
Niederwil (Ag),75390.0,,1392.0,474.2890762894685,3023.0,,175.89410756615564,7,BL,BL,460.46973205425076
La Roche,69341.0,,741.0,85.6022441289086,1959.0,,176.69667686541163,8,BE,BE,378.2542113323124
Laconnex,97975.0,9730.0,97.0,179.2837613733136,704.0,,195.47926062451396,8,SG,SG,137.7840909090909
Küsnacht (Zh),183193.0,,6511.0,1239.182327567244,15168.0,56.3,169.6808788653343,9,LU,LU,429.25896624472574
Küttigen,82225.0,,1490.0,632.3565276170665,6997.0,,177.85507685176646,11,AG,AG,212.94840645991138
Lalden,69966.0,,144.0,404.21446768677635,760.0,,169.21695643945603,8,UR,UR,189.47368421052633
Le Grand-Saconnex,83979.0,,12044.0,3035.777763497294,13062.0,42.7,138.043655813646,21,AI,AI,922.0640024498546
Lachen,106512.0,,5887.0,3792.64738250017,9529.0,35.6,130.23026568708883,17,OW,OW,617.79829992654
Lax,55577.0,,102.0,73.20169983416253,339.0,,185.0901606350925,10,AG,AG,300.8849557522124
Le Châtelard,63186.0,,173.0,47.14979255314162,364.0,,173.15597466982058,13,JU,JU,475.27472527472526
Le Pâquier (Fr),77742.0,,309.0,314.3321513370966,1386.0,,180.7676743942663,7,ZH,ZH,222.94372294372295
Maur,115874.0,,2356.0,659.7775760308941,10884.0,,200.0,7,FR,FR,216.46453509739067
Lamone,57206.0,,2231.0,908.0760365091014,1757.0,,182.71077183410125,10,VD,VD,1269.7780307342061
Lancy,72550.0,,27220.0,7290.89718991575,37259.0,50.9,91.8983339423452,27,SH,SH,730.5617434713761
Langendorf,72638.0,,1286.0,2206.290114365716,3883.0,,172.84395014298102,8,NW,NW,331.1872263713623
Lauerz,70668.0,9187.5,254.0,131.4163549197754,1149.0,,172.38777038340442,5,AG,AG,221.06179286335944
Laufen-Uhwiesen,96491.0,,506.0,276.40382296123454,1828.0,,146.28210751770163,18,TG,TG,276.80525164113783
Langnau Am Albis,96485.0,8937.6,1566.0,835.3168808207273,8224.0,,155.35309892888938,10,SO,SO,190.41828793774317
Kallern,85664.0,,113.0,170.3477799284297,422.0,,150.00264854764725,16,TG,TG,267.7725118483412
Jussy,105529.0,,354.0,100.9663170009652,1223.0,,173.58376353097972,10,SH,SH,289.45216680294357
Kaiseraugst,76947.0,,6705.0,1350.2923624088253,5824.0,,164.87260248238695,15,GL,GL,1151.2706043956046
Jonen,96346.0,7166.25,663.0,401.2786889898668,2347.0,,200.0,4,ZH,ZH,282.48828291435876
Kammersrohr,109935.0,,11.0,41.01538717884632,32.0,,184.4446722193236,8,GE,GE,343.75
Kappel (So),73616.0,,624.0,758.3939379583937,3562.0,,168.0659045422269,14,GL,GL,175.18248175182484
Künten,75028.0,,476.0,389.75005185708125,1956.0,,188.00129532952894,9,NW,NW,243.35378323108384
Inden,54567.0,,22.0,12.145538871166524,130.0,,146.70326008708207,18,FR,FR,169.23076923076923
Ingenbohl,73198.0,15366.54411764706,3811.0,690.5216038051299,9548.0,,175.6613436782692,12,VS,VS,399.1411813992459
Innerthal,54018.0,,49.0,3.8248320213273823,191.0,,191.5282423864291,2,JU,JU,256.544502617801
Isenthal,52635.0,,182.0,7.422137052525785,459.0,,157.7454101972384,17,UR,UR,396.51416122004355
Isérables,52721.0,,281.0,49.313599470160945,804.0,,196.60235426390085,8,GE,GE,349.50248756218906
Isone,58302.0,,137.0,31.212126807454474,404.0,,184.73010474049948,5,OW,OW,339.1089108910891
Jaun,56217.0,,269.0,11.607226261364506,657.0,,173.6471154566605,10,AG,AG,409.4368340943683
Kappel Am Albis,98236.0,,393.0,163.43030513454974,1382.0,,187.63521324751244,8,AG,AG,284.37047756874097
Klingnau,72654.0,,1004.0,561.9125071852663,3700.0,,200.0,5,AG,AG,271.35135135135135
Knonau,85889.0,,572.0,364.53166714498485,2466.0,,178.5760547725795,11,AG,AG,231.95458231954584
Kölliken,68577.0,,1857.0,572.6343366396817,5106.0,,177.1960306505345,14,UR,UR,363.689776733255
Koblenz,64566.0,,449.0,354.1535836316865,1821.0,,169.07610565269437,15,OW,OW,246.56781987918728
Kippel,57142.0,,114.0,27.199719437787586,329.0,,166.95079176854065,8,AI,AI,346.5045592705167
Kerns,68218.0,,2552.0,70.84845352508863,6514.0,,191.65527632539892,9,AI,AI,391.77156892846176
Kerzers,74777.0,,2706.0,445.79476925166057,5466.0,,162.07924494706225,17,SH,SH,495.0603732162459
Kienberg,65346.0,,107.0,63.98488107813795,526.0,,180.3520752727181,11,SG,SG,203.42205323193915
Kleinlützel,62843.0,,368.0,79.82868244560271,1197.0,,171.9328746599121,15,AI,AI,307.43525480367583
Killwangen,82400.0,9020.454545454546,611.0,965.2974720853483,2304.0,,176.17545801916694,16,NW,NW,265.19097222222223
Leibstadt,67032.0,,1071.0,262.7528523402137,1605.0,,182.01472292569375,12,BE,BE,667.2897196261682
Kirchleerau,62911.0,,272.0,194.70255448506052,938.0,,193.34963466745575,7,OW,OW,289.9786780383795
Kleinandelfingen,82693.0,,1206.0,209.7134824685432,2238.0,,169.9649508055395,15,AG,AG,538.8739946380697
Kleinbösingen,81694.0,,129.0,253.25242228029757,705.0,,173.0701077466784,11,NE,NE,182.9787234042553
Kilchberg (Zh),160005.0,,4147.0,3929.2625019163597,9483.0,,120.4778215431427,23,LU,LU,437.30886850152905
Lutzenberg,67159.0,,330.0,497.6365091156762,1321.0,,167.66436805928674,11,BL,BL,249.8107494322483
Magden,100129.0,,709.0,362.7676315169122,3888.0,,181.52770351312915,14,LU,LU,182.3559670781893
Mägenwil,75224.0,,3289.0,644.6277339818889,2232.0,,184.00579936464604,6,NW,NW,1473.5663082437277
Magliaso,77612.0,,563.0,1777.0746064718485,1622.0,,145.89244114939024,22,OW,OW,347.1023427866831
Lungern,63608.0,,1214.0,43.9154094240211,2072.0,,192.55174879100457,8,AR,AR,585.9073359073359
Lufingen,92726.0,9240.0,445.0,600.9610900704263,2840.0,,193.48396065780275,2,SH,SH,156.69014084507043
Lumino,68450.0,8085.0,395.0,168.8209804378689,1684.0,,184.28347820591955,10,GL,GL,234.56057007125892
Massonnens,68914.0,4107.35294117647,99.0,130.42645731323685,596.0,,200.0,1,SG,SG,166.1073825503356
Maschwanden,79839.0,,188.0,147.9462557778296,677.0,,166.71338631749035,14,BS,BS,277.6957163958641
Massongex,60980.0,,393.0,337.03808363886986,2126.0,,157.49205945472633,17,AR,AR,184.85418626528693
Marthalen,78117.0,6100.5,1272.0,139.2513086911465,1990.0,,151.73866700377383,14,GE,GE,639.1959798994975
Matran,78155.0,,1626.0,630.8057252404202,1906.0,,195.24940286281617,6,BE,BE,853.0954879328436
Massagno,71614.0,,2354.0,10501.399749010523,6799.0,,69.95864363812535,40,UR,UR,346.2273863803501
Mandach,77298.0,,91.0,62.76122206049302,328.0,,178.45877881950167,8,SH,SH,277.4390243902439
Männedorf,111306.0,16224.444444444445,5297.0,2530.850044715197,11767.0,42.1,155.32065753674684,12,BS,BS,450.15721934222825
Martigny-Combe,63011.0,,632.0,66.68841636600906,2363.0,,162.3653871357795,18,BS,BS,267.45662293694454
Manno,78230.0,,5827.0,564.5768141090748,1373.0,,200.0,11,ZH,ZH,4243.991260014566
Leytron,62484.0,,1353.0,126.70833871382993,3529.0,,180.5009572546259,9,VD,VD,383.39472938509493
Leuggern,69009.0,6344.210526315789,1329.0,166.75756165452623,2444.0,,179.74642898616878,13,LU,LU,543.7806873977087
Leukerbad,56566.0,,975.0,21.15694221854904,1426.0,,190.65393053165377,11,BL,BL,683.7307152875175
Leutwil,71301.0,8123.684210526316,169.0,235.69105554005094,755.0,,184.53382035209728,6,GL,GL,223.84105960264898
Lenzburg,76059.0,,10073.0,1008.9322248395742,11314.0,46.1,171.85096235052646,10,UR,UR,890.3128866890578
Leimbach (Ag),68918.0,,121.0,495.02017002073984,543.0,,162.5015137174367,17,BE,BE,222.83609576427259
Lengnau (Ag),78450.0,,1216.0,233.27095933649056,2955.0,,184.41833085333832,14,GL,GL,411.50592216582066
Liddes,54188.0,855.2727272727273,188.0,12.689035315595753,770.0,,200.0,7,SG,SG,244.15584415584416
Lens,74904.0,,1954.0,363.5762618115048,4570.0,,196.04026688902454,3,GL,GL,427.5711159737418
Lohn (Sh),78403.0,,171.0,150.01422629812936,760.0,,200.0,11,GE,GE,225.0
Löhningen,79107.0,,314.0,261.4375754897019,1642.0,,169.35656911890865,10,AI,AI,191.23020706455543
Lommiswil,76718.0,6699.0,204.0,298.2580057665321,1618.0,,161.76045379983688,13,SH,SH,126.08158220024721
Losone,66468.0,,3237.0,805.3389169526416,6727.0,,168.92976622554522,13,AG,AG,481.1951835885239
Lostorf,78898.0,,1081.0,297.0938444191706,4129.0,,177.45368783458068,15,NE,NE,261.8067328651005
Linescio,77504.0,,4.0,6.303286795090754,41.0,,196.349847514731,8,LU,LU,97.5609756097561
Lindau,85167.0,,3513.0,497.5926035263565,5871.0,,148.9422986647532,18,BS,BS,598.364844149208
Locarno,59972.0,,13703.0,833.3755136165207,16374.0,18.3,193.43980766497972,8,SO,SO,836.8755343837792
Rudolfstetten-Friedlisberg,79644.0,,1021.0,1001.6026937159784,4644.0,,166.20624472082628,13,NE,NE,219.8535745047373
Russikon,93732.0,11812.5,1219.0,336.7167896808003,4634.0,,169.76233128968062,13,VD,VD,263.0556754423824
Rüschlikon,153277.0,16549.354838709678,2692.0,2010.7878169988473,6406.0,,141.87569078125458,10,GE,GE,420.2310334061817
Rupperswil,72905.0,,2134.0,968.6528300205557,6229.0,,144.12961160915145,17,AR,AR,342.59110611655166
Rümlang,74381.0,12340.263157894737,7033.0,694.1395940575992,8243.0,30.6,184.43338736527633,9,GR,GR,853.2087832099963
Rüfenach,76715.0,,208.0,230.3253397298761,888.0,,178.4796970879489,6,GR,GR,234.23423423423424
Rüdlingen,93411.0,,232.0,128.15618008412076,815.0,,159.1966999832894,15,VS,VS,284.6625766871166
Rottenschwil,78601.0,,189.0,218.19580254916337,960.0,,158.0921957551812,14,AR,AR,196.875
Rothrist,70348.0,7173.6,4976.0,853.5380168558233,9896.0,12.2,165.22964222152643,18,GE,GE,502.82942603071945
Rothenthurm,65547.0,,932.0,121.67617517848201,2595.0,,200.0,10,JU,JU,359.1522157996146
Saint-Léonard,64845.0,,689.0,675.0981146446583,2628.0,,168.40930283416245,11,GR,GR,262.1765601217656
Sachseln,75513.0,,3442.0,98.59709884468214,5299.0,,156.33636437954718,14,SG,SG,649.5565200981317
Saint-Gingolph,66642.0,,219.0,70.91196898227051,1088.0,,175.51336813366368,10,AR,AR,201.28676470588235
Saillon,66174.0,,979.0,254.41610657100534,3156.0,,173.01409562858044,10,ZH,ZH,310.20278833967046
Russin,117277.0,12075.0,168.0,96.50957910892865,543.0,,138.45403653639266,19,AG,AG,309.3922651933702
Safenwil,63623.0,,1823.0,754.4879813160746,4630.0,,170.58257310217274,9,AG,AG,393.7365010799136
Rüttenen,75190.0,,246.0,205.9099052978005,1532.0,,174.1945938743552,7,AI,AI,160.57441253263707
Rüti (Zh),69486.0,,5314.0,1333.7018467416074,12971.0,32.4,175.22879081494494,12,SG,SG,409.6831393107702
Rickenbach (Zh),79612.0,,577.0,561.0178793445422,2850.0,,200.0,7,TG,TG,202.4561403508772
Riniken,75558.0,,266.0,396.26675272664,1568.0,,192.3843037020294,4,AI,AI,169.64285714285714
Rifferswil,96161.0,,308.0,160.54444523425747,1180.0,,174.1430948682747,13,BS,BS,261.01694915254234
Riemenstalden,37738.0,,39.0,6.419503867531179,85.0,,163.33775957403813,11,TG,TG,458.8235294117647
Riehen,103389.0,11187.331288343557,5204.0,1932.6721817380833,22534.0,39.9,196.54928604813685,7,BL,BL,230.93991302032484
Riva San Vitale,67229.0,4787.588235294117,1207.0,373.71456749090953,2695.0,,176.63152139564355,13,ZG,ZG,447.8664192949907
Rickenbach (So),76199.0,,704.0,329.4122127333733,1211.0,,176.45786309716922,10,FR,FR,581.3377374071016
Richterswil,92567.0,,4511.0,1684.4936780230573,14378.0,49.1,160.41978798952076,15,GR,GR,313.74321880650996
Riaz,73571.0,,1206.0,363.7053787956787,2932.0,,178.8287638326985,8,BL,BL,411.3233287858117
Rheinfelden,79322.0,,8824.0,899.0140801412506,13820.0,42.1,167.58193067838377,12,AG,AG,638.4949348769899
Rheinau,76087.0,,771.0,147.52207582433684,1321.0,,169.72013590338776,11,AI,AI,583.6487509462528
Reute (Ar),68271.0,,220.0,116.92155436295351,703.0,,170.47146435994355,9,AI,AI,312.9445234708393
Riddes,58025.0,,1416.0,155.65023967085352,3749.0,,177.74098993435922,9,TG,TG,377.7007201920512
Rorbas,72517.0,4364.0625,540.0,732.1718018265543,3008.0,,163.50034732733414,9,AR,AR,179.5212765957447
Ronco Sopra Ascona,85914.0,29400.0,179.0,156.27926026020498,522.0,,167.53242243952118,11,NE,NE,342.911877394636
Risch,96717.0,,15130.0,810.7610507168749,11674.0,32.3,172.35113376884374,10,LU,LU,1296.042487579236
Rodersdorf,89465.0,,178.0,246.41100533152562,1408.0,,173.3716632632228,10,SH,SH,126.42045454545456
Seengen,87809.0,,1392.0,439.87492635104803,4494.0,,197.54796782216243,5,VS,VS,309.7463284379172
Seelisberg,65690.0,10395.0,236.0,53.67195826470132,736.0,,139.63174902610905,18,BS,BS,320.65217391304344
Seegräben,86785.0,,609.0,304.2559784736811,1460.0,,192.90866643048173,8,VD,VD,417.12328767123284
Schwyz,74558.0,10022.727272727272,13575.0,302.21289910108936,16446.0,12.5,195.25066178920912,9,GL,GL,825.4286756658154
Schwerzenbach,81711.0,,2694.0,2219.4250420898106,5250.0,,123.57496227393952,20,AI,AI,513.1428571428571
Schwellbrunn,64826.0,,603.0,85.94817965511581,1556.0,,173.88757288519577,7,GR,GR,387.5321336760926
Schwaderloch,66454.0,4237.058823529412,210.0,234.09308544333308,728.0,,171.76530854082282,8,ZG,ZG,288.46153846153845
Schupfart,74682.0,,215.0,116.62160291704572,883.0,,157.56509678317929,13,JU,JU,243.48810872027178
Schübelbach,70327.0,,2981.0,328.4519544675441,9757.0,,164.5926340472673,12,GR,GR,305.52423900789177
Schönenwerd,64318.0,,2325.0,1476.8146737324284,5337.0,,146.4935298777951,15,AI,AI,435.63799887577295
Schönengrund,59676.0,,185.0,107.81349774665918,557.0,,200.0,1,UR,UR,332.13644524236986
Seuzach,90702.0,,2799.0,1039.5928075010459,7990.0,,182.17790985711798,8,SH,SH,350.31289111389236
Sisseln,74978.0,,1201.0,627.5853965092508,1653.0,,191.91882230205835,7,TG,TG,726.5577737447067
Sisikon,66589.0,,75.0,27.18206895065877,395.0,,190.52373973850482,9,TG,TG,189.873417721519
Sins,75239.0,,2356.0,218.73152276298194,4491.0,,160.5764859152005,12,ZG,ZG,524.6047650857271
Simplon,72264.0,,176.0,3.01067899087933,281.0,,172.106753442657,10,JU,JU,626.3345195729537
Silenen,57840.0,,450.0,14.084796500904986,2037.0,,187.18877293944178,5,AG,AG,220.91310751104564
Siglistorf,71551.0,,164.0,135.37375524763908,799.0,,160.13181302789076,14,SO,SO,205.25657071339174
Siblingen,71988.0,,193.0,92.27344945794543,888.0,,189.65066494101606,5,BS,BS,217.34234234234233
Seewen,71597.0,,235.0,66.9443565338292,1088.0,,175.63992050389265,12,ZH,ZH,215.99264705882354
Sévaz,68002.0,7951.363636363636,526.0,158.98763871109023,318.0,,172.57188291611482,6,UR,UR,1654.0880503144656
Seon,70350.0,,2971.0,579.6741742950604,5652.0,,184.056766804028,8,GE,GE,525.654635527247
Sembrancher,54660.0,,841.0,60.95974552753696,1114.0,,185.97706108662686,9,TI,TI,754.9371633752244
Selzach,67950.0,6576.315789473684,1939.0,188.48577542402637,3690.0,,172.44300298215643,12,NE,NE,525.4742547425474
Schöftland,68158.0,,1868.0,645.930856381942,4608.0,,190.02604298056536,15,BE,BE,405.3819444444444
Sarnen,82295.0,,8942.0,150.62830356162786,10862.0,12.5,162.0736607849467,15,NE,NE,823.2369729331615
Sarmenstorf,75303.0,6370.0,752.0,368.32740810827295,3182.0,,185.04376945629264,5,GE,GE,236.3293526084224
Sant'Antonino,63123.0,,2424.0,406.8780828136282,2671.0,,184.26122659095762,8,NW,NW,907.5252714339199
Salvan,60220.0,,372.0,28.066780614667003,1495.0,,175.04536385445087,5,GE,GE,248.82943143812707
Sattel,74382.0,,594.0,118.95414370610027,2066.0,,183.543143298061,8,JU,JU,287.51210067763793
Saint-Martin (Vs),59762.0,,213.0,22.39473872238173,853.0,,160.98659898964377,11,SG,SG,249.70691676436107
Salgesch,69035.0,,1105.0,148.48840390869148,1732.0,,192.17444136952014,10,GR,GR,637.9907621247113
Schöfflisdorf,87715.0,,359.0,294.0799743408974,1412.0,,173.87868321642398,9,ZH,ZH,254.24929178470256
Schnottwil,73917.0,,352.0,162.25086876390884,1176.0,,170.31610234783628,11,VD,VD,299.31972789115645
Schneisingen,77080.0,,377.0,191.8550772869901,1564.0,,193.55417575147138,5,AI,AI,241.04859335038364
Schmitten (Fr),71374.0,,1530.0,316.67039810568286,4285.0,,165.82920681359684,18,NE,NE,357.0595099183197
Schmiedrued,60971.0,,369.0,145.6320194996704,1160.0,,157.21972016556333,14,VD,VD,318.1034482758621
Schlossrued,66061.0,,367.0,129.3710819703433,893.0,,155.18280866403714,21,TG,TG,410.9742441209406
Schleitheim,63757.0,6973.758620689655,660.0,81.87196134933424,1845.0,,188.16456310397223,10,SG,SG,357.7235772357724
Schleinikon,77748.0,,126.0,139.89348915877838,868.0,,159.20570043163048,16,BE,BE,145.16129032258067
Satigny,87370.0,,11307.0,241.74624809874243,4713.0,,200.0,6,VD,VD,2399.1088478676
Schattdorf,68855.0,,3422.0,344.274591812279,5501.0,,144.85033946160763,18,BS,BS,622.068714779131
Schafisheim,72569.0,,4354.0,509.7494222099358,3155.0,,199.63735248050045,1,AG,AG,1380.0316957210775
Saxon,55558.0,5518.625,2431.0,311.0572775692214,7424.0,,179.62369382704964,9,TG,TG,327.45150862068965
Savosa,82011.0,,1131.0,3803.107319143532,2276.0,,135.1485493338846,22,GL,GL,496.9244288224956
Savièse,71541.0,4921.619905956113,1635.0,118.83221950019208,8278.0,,170.47875333753439,11,JU,JU,197.51147620198114
Porza,118884.0,,559.0,1150.9493153292774,1717.0,,172.85872294584223,7,LU,LU,325.56785090273735
Port-Valais,67367.0,,1114.0,331.6299920160316,4551.0,,175.65908886087146,10,NE,NE,244.78136673258624
Pont-La-Ville,88737.0,,97.0,129.58551537245236,606.0,,195.0793268973909,11,VD,VD,160.06600660066005
Pollegio,54313.0,,292.0,155.49986106425456,920.0,,179.9474201788492,13,SO,SO,317.39130434782606
Rafz,79194.0,,1680.0,394.92039132809805,4769.0,,177.75572240700774,10,SO,SO,352.2751100859719
Pura,78793.0,,217.0,466.25027592209597,1355.0,,169.23283457138243,15,SG,SG,160.14760147601476
Puplinge,90215.0,,1286.0,986.9708950620472,2628.0,,167.88919007615033,11,BE,BE,489.3455098934551
Prévondavaux,56309.0,,30.0,53.58591743121441,113.0,,184.0143047782899,3,NW,NW,265.4867256637168
Presinge,95929.0,,184.0,130.2453174232914,708.0,,152.8697416216037,13,SG,SG,259.8870056497175
Pregny-Chambésy,120999.0,17372.727272727272,668.0,1181.9075522006858,4262.0,,146.2955343684058,22,NE,NE,156.73392773345847
Othmarsingen,70250.0,0.0,1252.0,743.0745766110944,3168.0,,182.676233140186,8,NE,NE,395.2020202020202
Plan-Les-Ouates,93891.0,,20537.0,2119.3107979024285,12186.0,39.3,158.38152788093953,14,BL,BL,1685.29460036107
Paradiso,78528.0,,3398.0,5251.405776329934,4853.0,,117.30823306325269,23,BE,BE,700.185452297548
Ottenbach,87638.0,,762.0,586.028974628671,2973.0,,173.5963408996714,17,AI,AI,256.30676084762865
Otelfingen,87699.0,,2331.0,403.58430898988877,2924.0,,180.61602931030006,14,JU,JU,797.1956224350205
Ossingen,74535.0,,449.0,142.49502577820436,1835.0,,170.28605088512973,18,BS,BS,244.6866485013624
Orsières,61826.0,1568.0,1349.0,19.65346958398136,3303.0,,168.11002132774345,12,GE,GE,408.4165909778989
Orselina,76577.0,,511.0,385.4032583124667,687.0,,178.54750589320295,11,GR,GR,743.8136826783115
Pfäffikon,83983.0,,5755.0,632.627487277303,12750.0,33.0,158.1123524509505,10,NE,NE,451.37254901960785
Ponte Capriasca,77008.0,,227.0,272.6142235148425,1958.0,,183.02102237475637,13,GR,GR,115.93462717058223
Pierrafortscha,129883.0,,47.0,25.03937859607209,150.0,,154.18436195056927,12,FR,FR,313.33333333333337
Pfungen,73189.0,,1596.0,813.6279346113696,4150.0,,186.15929153983654,9,VS,VS,384.5783132530121
Personico,57198.0,,140.0,7.967968465143556,317.0,,187.00693585554905,5,TG,TG,441.64037854889585
Perly-Certoux,81072.0,,1622.0,1236.7854583377552,3304.0,,169.7323707319306,10,BE,BE,490.9200968523003
Remigen,74851.0,6504.75,329.0,196.1041076918497,1380.0,,192.5109025625587,4,GE,GE,238.40579710144928
Raron,76554.0,,1173.0,69.04289171961334,2024.0,,200.0,3,LU,LU,579.5454545454546
Remetschwil,93977.0,,656.0,471.5386174604721,2096.0,,189.84220619625594,6,ZG,ZG,312.97709923664127
Realp,66138.0,,39.0,1.932475605981064,149.0,,152.37375086642072,14,NW,NW,261.74496644295306
Regensberg,97394.0,,335.0,176.45512723965118,478.0,,158.80116197917482,17,SO,SO,700.836820083682
Regensdorf,76044.0,,10396.0,1403.2217853191744,20282.0,37.6,154.61989765092878,12,VD,VD,512.5727245833745
Rehetobel,69251.0,,573.0,266.9276141055204,1714.0,,177.3535052609694,11,JU,JU,334.3057176196033
Ramsen,61688.0,,767.0,110.20892949372082,1655.0,,186.5158534670715,12,VD,VD,463.4441087613293
Remaufens,77741.0,,220.0,242.28102748548372,1427.0,,166.35730499027818,11,TG,TG,154.1695865451997
Reinach (Ag),60288.0,,3887.0,910.4592526957258,9634.0,,172.41820008782986,9,FR,FR,403.46688810462945
Rechthalten,66523.0,,213.0,192.9534717132695,1165.0,,166.47575601317232,12,OW,OW,182.83261802575106
Randa,58450.0,,118.0,8.855184402922834,468.0,,170.73507965633326,15,ZG,ZG,252.13675213675214
Reichenburg,75624.0,,1506.0,379.6076211828548,4153.0,,154.5760635541124,16,VS,VS,362.62942451240065
Lüterkofen-Ichertswil,84761.0,,178.0,186.58227132766544,902.0,,164.03072387863904,11,AR,AR,197.3392461197339
Bösingen,69974.0,5018.275862068966,986.0,250.80474921185913,3360.0,,156.8709010817391,16,GR,GR,293.45238095238096
Semsales,65856.0,,608.0,55.61440645090228,1568.0,,164.73602573830885,10,NE,NE,387.7551020408163
Plasselb,59684.0,,154.0,58.341435044332655,1088.0,,195.14762445409065,8,AR,AR,141.5441176470588
Visp,71093.0,,14019.0,698.4142487886211,8838.0,20.7,157.79605322996807,16,AG,AG,1586.2186014935508
Sierre,59801.0,4208.729775627577,11875.0,933.1855820027342,17829.0,19.7,200.0,4,BE,BE,666.0496943182455
Brig-Glis,71123.0,,10686.0,385.97968858961417,14085.0,25.0,183.0030160518091,6,VS,VS,758.6794462193823
Gretzenbach,71061.0,,910.0,416.33091993757876,2789.0,,178.0293523855657,7,LU,LU,326.28182144137685
Wünnewil-Flamatt,65366.0,,2522.0,434.6077054361433,5814.0,,162.17282774790942,15,BE,BE,433.78052975576196
Marly,73244.0,,2787.0,1182.9766813945685,9242.0,,177.01076056680873,14,AI,AI,301.55810430642714
Wangen-Brüttisellen,85584.0,,5196.0,1223.1473105546977,8292.0,,157.4130267614008,13,OW,OW,626.6280752532562
Chiasso,56028.0,,11072.0,1408.4833563316718,7564.0,29.3,165.76226656832415,14,AG,AG,1463.7757800105765
Wettswil Am Albis,119344.0,,1427.0,1809.2902324261627,5337.0,,197.75847138287023,1,TI,TI,267.3786771594529
Aeugst Am Albis,112212.0,,436.0,285.60401168413887,1995.0,,175.30806365410143,9,UR,UR,218.54636591478697
Uetikon Am See,117896.0,,1702.0,2082.433812874429,6663.0,,173.4785698959033,11,BS,BS,255.44049227074888
Boécourt,64229.0,,474.0,77.85258430883998,961.0,,168.57264569300085,9,NE,NE,493.23621227887617
Bourrignon,59370.0,5439.0,88.0,18.873987250011616,263.0,,179.26866206952312,7,NW,NW,334.60076045627375
Châtillon (Ju),66959.0,,58.0,94.6951195929585,475.0,,200.0,3,OW,OW,122.10526315789473
Courchapoix,58802.0,,152.0,74.92771102935072,449.0,,169.74917148281415,13,AI,AI,338.5300668151447
Courroux,66026.0,,974.0,176.79886425600927,3443.0,,200.0,4,VS,VS,282.89282602381644
Courtételle,68960.0,,1308.0,191.18154549501912,2788.0,,188.44300426634868,1,TI,TI,469.15351506456244
Delémont,63818.0,,13813.0,604.0101266094887,12813.0,27.9,164.6775886251809,7,BE,BE,1078.0457348005932
Develier,65670.0,,773.0,123.49602804680792,1393.0,,188.085421777186,6,TG,TG,554.9174443646806
Ederswiler,55131.0,,30.0,35.95611290657179,115.0,,194.186826256309,8,BL,BL,260.8695652173913
Mervelier,59417.0,,78.0,57.0591868653657,526.0,,188.68478285919653,1,SG,SG,148.2889733840304
Movelier,55290.0,4630.5,74.0,51.763248156325005,414.0,,155.86471187730996,13,GL,GL,178.74396135265698
Pleigne,59630.0,,133.0,19.44321400269376,365.0,,168.87993448440227,10,UR,UR,364.3835616438356
Rossemaison,72527.0,,181.0,377.68870335640213,740.0,,171.98510351082854,15,TI,TI,244.59459459459458
Saulcy,56657.0,,86.0,33.9382073459066,277.0,,178.5050409849379,9,TG,TG,310.4693140794224
Soyhières,58906.0,,110.0,59.940135286076206,453.0,,188.63483097945104,9,GL,GL,242.82560706401765
Le Bémont (Ju),70049.0,,95.0,28.854830798340135,308.0,,182.3450804442501,9,GE,GE,308.44155844155847
Les Bois,66587.0,,552.0,51.09622661965129,1244.0,,159.3955308558323,8,VS,VS,443.7299035369775
Les Enfers,67377.0,,59.0,22.806251903510223,151.0,,185.45157327986632,11,BL,BL,390.72847682119203
Les Genevez (Ju),66649.0,,347.0,37.26329361620455,516.0,,188.74237518367886,8,TI,TI,672.4806201550388
Lajoux (Ju),62963.0,,204.0,59.37130488356607,720.0,,187.72809901631265,9,GL,GL,283.3333333333333
Le Noirmont,66239.0,,2234.0,93.28847768639945,1934.0,,195.15581357020733,18,SO,SO,1155.11892450879
Saint-Brais,57338.0,,86.0,15.147396632279946,237.0,,192.3448580393909,1,TI,TI,362.8691983122363
Soubey,51476.0,,36.0,8.772836043133719,125.0,,186.7964878356692,13,GL,GL,288.0
Alle,61565.0,,1246.0,176.378104625117,1946.0,,176.94320996489125,9,AI,AI,640.2877697841727
Boncourt,65435.0,,1923.0,117.9322782459902,1170.0,,153.74839780520804,16,GR,GR,1643.5897435897434
Bure,70251.0,,325.0,45.53795629252835,645.0,,185.93341309590056,8,LU,LU,503.8759689922481
Coeuve,67388.0,,164.0,64.7652305556396,717.0,,182.38498990586814,8,SG,SG,228.73082287308227
Cornol,60746.0,,385.0,104.85723803227212,1083.0,,182.8857363444037,7,ZH,ZH,355.4939981532779
Courchavon,76699.0,,176.0,48.20269606782403,323.0,,160.30749512471021,15,GL,GL,544.891640866873
Courgenay,60588.0,1498.8235294117646,1034.0,138.05508516764806,2439.0,,162.21727664393507,9,GE,GE,423.9442394423944
Courtedoux,68623.0,,326.0,89.55025063479478,761.0,,194.78406460240535,8,GL,GL,428.3837056504599
Fahy,54997.0,,141.0,42.92344037615709,337.0,,178.925655279506,8,ZH,ZH,418.39762611275967
Grandfontaine,58989.0,,105.0,38.29098810958455,378.0,,189.7943690873597,4,BL,BL,277.77777777777777
Porrentruy,64628.0,4979.032258064516,8032.0,444.6675372879163,6574.0,,175.3581445024029,9,SH,SH,1221.7827806510495
Vendlincourt,57639.0,6825.0,280.0,59.13748770468459,557.0,,179.7802532411075,13,SO,SO,502.69299820466784
Romont (Fr),64932.0,,4461.0,521.1304205048821,6124.0,,188.1348583112478,6,LU,LU,728.4454604833443
Arni (Ag),95403.0,,314.0,464.8396309121864,1987.0,,166.96244830779432,13,NE,NE,158.02717664821338
Islisberg,88810.0,,81.0,434.7397247192882,692.0,,176.48849920161263,8,TI,TI,117.05202312138728
Mettembert,62813.0,,15.0,29.088804874764254,112.0,,172.7427654574812,13,GE,GE,133.92857142857142
Oberwil-Lieli,130062.0,,549.0,462.55729032636344,2627.0,,168.21172706064704,14,GR,GR,208.98363151884277
Zollikon,163694.0,,6727.0,1860.2467702793808,13584.0,54.2,154.13799001218578,21,OW,OW,495.21495877502946
Hofstetten-Flüh,99147.0,9224.25,492.0,426.3752308827515,3402.0,,178.4741686742131,9,GE,GE,144.62081128747795
Zürich,87484.0,19636.576647761685,545938.0,4890.187837896027,436551.0,61.9,117.00979118382021,26,AR,AR,1250.5709527638237
Birmensdorf (Zh),91528.0,,2695.0,621.1988396881077,7380.0,,191.75473561500937,7,GE,GE,365.17615176151764
Dietikon,68527.0,9710.166666666668,19541.0,3079.6519683079378,28295.0,49.5,131.43784782549756,24,NW,NW,690.6167167344054
Geroldswil,84949.0,,2322.0,3236.5959565094604,5312.0,,140.26248236918346,16,BL,BL,437.1234939759036
Oberengstringen,76801.0,,1363.0,3248.0191968551435,6914.0,,136.33920326097294,21,JU,JU,197.13624529939253
Oetwil An Der Limmat,94126.0,,228.0,858.2117741785657,2573.0,,191.91773346989825,6,ZH,ZH,88.61251457442674
Schlieren,69482.0,,22901.0,3633.8437721618625,20391.0,58.6,141.4795866997721,18,VS,VS,1123.0935216517091
Uitikon,167704.0,13021.947580645161,1252.0,1169.6566557958447,5699.0,,182.1358187744211,9,SO,SO,219.68766450254432
Unterengstringen,97835.0,,1048.0,1266.258268018061,4345.0,,143.27210865122282,18,ZH,ZH,241.19677790563867
Urdorf,78121.0,,8556.0,1331.5741290474473,10503.0,44.2,168.81573566514402,12,VS,VS,814.6243930305627
Weiningen (Zh),92281.0,,2219.0,946.6463413221599,5108.0,,182.54811152302233,10,AI,AI,434.4166014095536
Saint-Aubin (Fr),70556.0,,488.0,255.71138624228655,2030.0,,178.32442434805006,15,AI,AI,240.39408866995075
Egerkingen,69025.0,8805.924731182795,3985.0,651.8174457555889,4311.0,,188.55111046293587,11,OW,OW,924.3794943168639
Härkingen,70495.0,4633.695652173913,3309.0,317.80726194054614,1781.0,,168.62205895474915,15,SH,SH,1857.9449747332958
Kestenholz,70020.0,,683.0,221.60613990157933,1884.0,,198.61966244342898,4,JU,JU,362.5265392781316
Niederbuchsiten,68807.0,,701.0,281.3407217616838,1341.0,,200.0,2,LU,LU,522.7442207307979
Oensingen,67912.0,6825.0,5749.0,563.1559533894892,6817.0,,168.13833223098757,15,ZH,ZH,843.332844359689
Wolfwil,69727.0,,798.0,363.7109925357363,2443.0,,169.17489052345047,15,SH,SH,326.6475644699141
Aedermannsdorf,70673.0,,182.0,45.784480790476394,593.0,,200.0,9,ZH,ZH,306.91399662731874
Balsthal,66902.0,,3048.0,444.5345964055212,6560.0,,198.6284684689148,4,AR,AR,464.63414634146346
Herbetswil,63642.0,,175.0,38.52746263517325,608.0,,171.72625903648657,11,ZG,ZG,287.8289473684211
Holderbank (So),61605.0,,260.0,97.57103270729672,779.0,,172.59241821104467,6,BE,BE,333.7612323491656
Laupersdorf,67054.0,0.0,451.0,120.50514217235133,1880.0,,174.40667532346282,10,AR,AR,239.89361702127658
Matzendorf,67349.0,,412.0,137.42811907088253,1409.0,,158.27352344194182,17,ZG,ZG,292.40596167494675
Mümliswil-Ramiswil,63426.0,,736.0,68.04455492488589,2481.0,,165.45246432262317,11,BS,BS,296.6545747682386
Biberist,65821.0,6409.2,3353.0,849.8723413678904,9545.0,,155.24614220232152,17,AI,AI,351.2833944473546
Bolken,72951.0,7551.369863013699,61.0,246.73904630440924,577.0,,165.67561370126194,12,ZG,ZG,105.71923743500867
Deitingen,71559.0,,1039.0,310.4163402736656,2338.0,,175.94547433657598,11,GR,GR,444.3969204448247
Derendingen,63045.0,8452.5,2099.0,1171.4714431869606,7133.0,,170.15065720559448,8,FR,FR,294.2660872003365
Etziken,70227.0,5188.235294117647,349.0,369.63246292783487,1069.0,,199.0473465023267,6,AI,AI,326.47333956969135
Gerlafingen,62892.0,,1728.0,3335.526085447878,5859.0,,126.96103167722579,12,SG,SG,294.93087557603684
Horriwil,77711.0,,207.0,392.35143538007225,943.0,,190.2953547071041,7,TI,TI,219.5121951219512
Hüniken,81634.0,,18.0,164.6886132144711,161.0,,174.91928993021313,6,GR,GR,111.80124223602485
Luterbach,64710.0,7288.75,1555.0,897.2583745118869,3724.0,,169.02542130239505,16,AR,AR,417.561761546724
Obergerlafingen,69044.0,,575.0,676.1498553167489,1266.0,,182.4134606399998,11,SO,SO,454.18641390205374
Recherswil,66464.0,,723.0,669.2449719248391,2202.0,,155.52915210534607,16,ZG,ZG,328.33787465940054
Subingen,70220.0,,3238.0,513.2647989729726,3299.0,,179.88652770571494,14,BS,BS,981.5095483479842
Zuchwil,60449.0,,6287.0,1934.2260556301196,9616.0,24.7,160.42793579365306,11,NW,NW,653.80615640599
Lohn-Ammannsegg,85975.0,,947.0,572.614167165981,2947.0,,180.85972103587656,15,NW,NW,321.3437393959959
Ried-Brig,72707.0,,402.0,45.76727408490911,2310.0,,183.82405197339625,11,ZG,ZG,174.02597402597402
Arisdorf,83214.0,,499.0,194.7324066832115,1734.0,,200.0,4,LU,LU,287.7739331026528
Augst,79924.0,,775.0,464.26643340873215,1087.0,,165.14356209569038,16,NE,NE,712.9714811407543
Bubendorf,78982.0,,3762.0,417.5858536575257,4534.0,,167.27753205863306,9,VD,VD,829.7309219232466
Frenkendorf,74901.0,9391.666666666666,2248.0,1283.0701393349352,6651.0,,156.01651119008292,12,BS,BS,337.9942865734476
Füllinsdorf,85508.0,8407.228260869564,2207.0,819.8676286446843,4730.0,,162.31857866911852,12,NW,NW,466.59619450317126
Giebenach,79189.0,,207.0,1190.7669440580623,1136.0,,156.85638534085072,13,GL,GL,182.21830985915494
Hersberg,89284.0,,38.0,215.7690974181004,393.0,,195.38132435905274,3,SO,SO,96.69211195928753
Lausen,71072.0,,1832.0,1030.134316493805,5886.0,,189.5582594059673,11,SH,SH,311.24702684335716
Liestal,75082.0,7584.212686567164,17494.0,867.046029496707,16034.0,35.3,161.55103426393603,13,LU,LU,1091.05650492703
Lupsingen,88276.0,,158.0,440.1647369263339,1565.0,,162.4994314220497,14,TI,TI,100.95846645367412
Pratteln,67801.0,,15974.0,1618.0795398937723,16576.0,39.0,168.61096623789058,10,AI,AI,963.6824324324325
Ramlinsburg,99213.0,,127.0,355.53465952942173,732.0,,167.66740951481145,7,TG,TG,173.49726775956285
Seltisberg,96817.0,7117.894736842105,220.0,415.75122154564366,1316.0,,184.75740462774658,9,JU,JU,167.17325227963525
Ziefen,78916.0,,480.0,221.69178870747717,1708.0,,180.52231853521693,4,OW,OW,281.03044496487115
Anwil,73988.0,,103.0,146.93022600528008,547.0,,155.5956598125178,15,SG,SG,188.2998171846435
Böckten,91648.0,,509.0,547.0620152564552,857.0,,196.97718913798894,2,GR,GR,593.9323220536756
Buckten,71541.0,,256.0,368.3269713220105,715.0,,200.0,11,OW,OW,358.041958041958
Buus,74029.0,,224.0,128.70063262489535,1134.0,,169.34806859636586,15,SO,SO,197.53086419753086
Diepflingen,80041.0,6576.315789473684,213.0,719.4353079032338,835.0,,165.9815732166325,13,SG,SG,255.08982035928145
Gelterkinden,74721.0,6085.290909090909,2502.0,601.4423347138351,6458.0,,177.4318805825416,14,BL,BL,387.42644781666155
Häfelfingen,73042.0,,117.0,66.43262219821766,246.0,,184.26749439756793,6,UR,UR,475.60975609756093
Hemmiken,62644.0,,51.0,72.08302539309574,263.0,,189.06431143642658,9,BE,BE,193.91634980988593
Itingen,78487.0,,1130.0,760.832947481606,2473.0,,200.0,6,TG,TG,456.9348968863728
Känerkinden,74516.0,6381.136363636364,40.0,363.2254694791606,532.0,,173.20876182105496,12,JU,JU,75.18796992481202
Kilchberg (Bl),82245.0,,11.0,119.81961223213403,182.0,,166.66681060893998,16,BE,BE,60.43956043956044
Läufelfingen,67966.0,8302.159090909092,500.0,150.02225418456067,1415.0,,157.6067398871353,17,GL,GL,353.35689045936397
Maisprach,87338.0,,219.0,195.6789743146784,956.0,,166.81143978942544,13,BE,BE,229.0794979079498
Nusshof,96662.0,6704.444444444444,80.0,183.33103893765949,277.0,,177.41942840642557,5,VD,VD,288.8086642599278
Oltingen,68446.0,,149.0,68.51073423839574,526.0,,200.0,2,ZG,ZG,283.2699619771863
Ormalingen,75799.0,,893.0,348.50788001996256,2375.0,,168.26679121939472,12,VD,VD,376.0
Rickenbach (Bl),76304.0,,104.0,176.4892480118254,570.0,,181.35124629124613,9,GR,GR,182.4561403508772
Rothenfluh,74658.0,,161.0,73.71470014632231,809.0,,178.92117953663666,6,FR,FR,199.01112484548824
Rümlingen,66653.0,,148.0,177.01296680602735,438.0,,195.81434825309555,13,ZG,ZG,337.8995433789954
Rünenberg,77553.0,,142.0,154.2134753443923,794.0,,200.0,10,SO,SO,178.84130982367756
Sissach,81685.0,7552.758620689655,4420.0,728.1482642525464,6894.0,,163.7346130260709,15,SH,SH,641.1372207716855
Tecknau,72251.0,,143.0,364.04079039181835,817.0,,168.51207230644593,12,AR,AR,175.03059975520196
Tenniken,74086.0,6772.5,430.0,185.60682399912065,938.0,,193.5527697409864,6,GL,GL,458.4221748400853
Thürnen,68643.0,,292.0,574.8401262835896,1459.0,,183.6759167321115,6,VD,VD,200.13708019191225
Wenslingen,72830.0,,165.0,117.76712213211421,712.0,,200.0,5,AI,AI,231.74157303370788
Wintersingen,74056.0,,181.0,91.37469201833717,602.0,,187.72486992422506,9,LU,LU,300.66445182724254
Wittinsburg,81825.0,,142.0,129.89556570097463,449.0,,173.13687830861406,7,SG,SG,316.2583518930958
Zeglingen,70221.0,6179.617834394904,99.0,66.3332112751122,519.0,,188.1115997108027,9,UR,UR,190.7514450867052
Zunzgen,68650.0,,559.0,467.9100495758245,2790.0,,191.2986263664212,7,NE,NE,200.3584229390681
Arboldswil,85770.0,,83.0,166.37780870300972,608.0,,190.41707438601375,1,GE,GE,136.51315789473685
Bennwil,82298.0,,207.0,118.20846945349972,677.0,,186.2687697548262,6,VD,VD,305.7607090103397
Bretzwil,68455.0,,169.0,114.03873365874142,736.0,,194.70737410287518,5,VS,VS,229.61956521739128
Diegten,74127.0,,428.0,171.29638679829276,1643.0,,195.5931335691901,12,TG,TG,260.4990870359099
Eptingen,61782.0,4546.111111111111,359.0,51.97401484879042,560.0,,200.0,7,AG,AG,641.0714285714287
Hölstein,76943.0,4736.666666666667,962.0,443.6776935877578,2643.0,,184.67531551294405,4,GE,GE,363.9803253878169
Lampenberg,83490.0,4900.0,63.0,146.4211680150141,581.0,,175.83086085570537,12,ZH,ZH,108.43373493975903
Langenbruck,61361.0,3442.064393939394,354.0,62.65280859367771,975.0,,181.49449163973662,5,AI,AI,363.0769230769231
Lauwil,66974.0,,74.0,44.05454060904043,324.0,,197.60370640678008,9,NE,NE,228.39506172839504
Liedertswil,65989.0,,90.0,72.01467991552124,156.0,,166.93289239494243,11,JU,JU,576.9230769230769
Niederdorf,68445.0,,855.0,325.91932372562894,1783.0,,181.81889211355812,9,SG,SG,479.52888390353337
Oberdorf (Bl),70074.0,,779.0,449.83576281593344,2577.0,,168.97429517794487,16,BE,BE,302.2894838960031
Reigoldswil,68545.0,6137.25,514.0,166.92116118658626,1593.0,,178.53481204264676,6,GE,GE,322.661644695543
Titterten,70694.0,3829.7368421052633,117.0,136.40739642874942,442.0,,197.62870984565652,1,JU,JU,264.70588235294116
Waldenburg,62353.0,7665.0,375.0,139.02223706445392,1124.0,,181.28857144196888,7,SH,SH,333.6298932384342
Aesch (Bl),78952.0,,5636.0,1644.0611336242166,11137.0,38.6,161.93972030925465,17,SH,SH,506.06087815390146
Allschwil,82729.0,8283.455710955712,13524.0,2307.9623973494527,22155.0,47.6,133.2673847786096,15,FR,FR,610.4265402843602
Arlesheim,106404.0,,6431.0,1335.8995685793093,9314.0,40.1,175.95441345292022,2,VD,VD,690.4659652136569
Biel-Benken,114051.0,,1030.0,721.0037282202825,3485.0,,181.46145696710164,8,NW,NW,295.5523672883788
Binningen,111494.0,,5859.0,4087.2106308722778,16053.0,44.7,165.80523627324862,14,AG,AG,364.9785086899645
Birsfelden,65726.0,,4404.0,4163.4089171091,10445.0,49.0,127.86999444067703,25,VS,VS,421.63714696026807
Bottmingen,117066.0,8610.0,1779.0,2661.2737993155206,7014.0,,152.91969171332,14,SO,SO,253.6355859709153
Ettingen,83971.0,,1284.0,946.1906139828685,5567.0,,172.94960663711225,10,BS,BS,230.64487156457696
Münchenstein,80666.0,9751.0,12344.0,1627.3123017664313,12457.0,52.4,185.09614689457365,12,VD,VD,990.9287950549892
Muttenz,82989.0,12905.189393939394,13843.0,1100.1871927221039,18120.0,40.7,166.02166058217242,7,SH,SH,763.962472406181
Oberwil (Bl),101575.0,,4014.0,1373.1107788655545,11430.0,33.0,168.52119422068336,11,NW,NW,351.18110236220474
Pfeffingen,114515.0,9452.796195652174,364.0,383.34183527167465,2413.0,,184.7518043420821,9,BL,BL,150.84956485702443
Reinach (Bl),80911.0,,11768.0,3093.1763692089467,20690.0,42.7,147.50172310548552,18,GR,GR,568.7771870468825
Schönenbuch,97389.0,10281.21195652174,395.0,1198.7983130163498,1494.0,,159.62901585573766,12,SG,SG,264.39089692101743
Therwil,92325.0,8552.727272727272,3364.0,1219.0725801499586,10125.0,,169.00545410253136,12,VS,VS,332.24691358024694
Blauen,88802.0,,94.0,93.11305795398872,707.0,,195.05058122215877,1,SH,SH,132.95615275813296
Brislach,71148.0,,378.0,186.1871807394195,1772.0,,162.48600274795015,11,GR,GR,213.31828442437921
Burg Im Leimental,91784.0,,38.0,98.31751572951337,286.0,,180.8812450243872,11,AR,AR,132.86713286713285
Dittingen,64771.0,4085.735294117647,253.0,117.43719351768911,740.0,,168.16665061232231,9,GL,GL,341.8918918918919
Duggingen,85667.0,,665.0,281.876767163878,1621.0,,194.7172053418406,6,BE,BE,410.2405922270204
Grellingen,70938.0,,387.0,608.386190379202,1958.0,,150.21683713876087,17,FR,FR,197.6506639427988
Laufen,68111.0,,4422.0,515.9353633722367,6054.0,,165.73607127317985,12,SO,SO,730.4261645193261
Liesberg,69871.0,,741.0,79.58880605410799,1105.0,,184.75865250014158,9,BE,BE,670.5882352941176
Nenzlingen,75750.0,9885.75,110.0,145.29121419681434,468.0,,200.0,2,ZG,ZG,235.04273504273505
Roggenburg,57002.0,,61.0,37.28745016592915,246.0,,178.59705935905808,9,GL,GL,247.96747967479675
Röschenz,80012.0,8820.0,255.0,192.0498391594965,1941.0,,169.48882139982624,14,TI,TI,131.37557959814526
Wahlen,68657.0,,221.0,321.6324056770544,1592.0,,200.0,6,VD,VD,138.81909547738695
Zwingen,68414.0,6037.5,1151.0,624.1817613782495,2848.0,,151.16413736545877,14,BS,BS,404.1432584269663
Misery-Courtion,66287.0,,468.0,205.58010596867717,2404.0,,144.6802868952406,18,TG,TG,194.67554076539102
Appenzell,80742.0,,4956.0,355.3056696997632,6096.0,6.3,182.5535856805053,11,SH,SH,812.992125984252
Gonten,72660.0,,771.0,57.11240014933517,1474.0,,171.8262126701058,5,ZH,ZH,523.0664857530529
Schlatt-Haslen,77821.0,,442.0,62.09358440822289,1119.0,,163.98167721952174,17,OW,OW,394.99553172475424
Oberegg,65017.0,5925.9375,730.0,131.18663538448007,1936.0,,189.13686976795105,6,VD,VD,377.06611570247935
Billens-Hennens,63325.0,,331.0,211.10496264985122,903.0,,181.25632477090318,10,NW,NW,366.55592469545957
Schlatt (Zh),75318.0,,163.0,97.44072252606074,785.0,,170.4355284014187,15,AI,AI,207.64331210191085
Guttet-Feschel,59488.0,,105.0,37.14250436564147,440.0,,160.38040174491604,10,SG,SG,238.63636363636365
Marsens,79248.0,6191.818181818182,995.0,242.32226458611018,2130.0,,190.3298514205733,5,ZG,ZG,467.1361502347418
La Brillaz,78062.0,,265.0,208.92327010514907,2208.0,,187.37723415134312,7,SO,SO,120.01811594202898
Villorsonnens,67502.0,,440.0,101.280683100866,1546.0,,177.36523957682576,8,OW,OW,284.6054333764554
Sâles,74154.0,,485.0,79.29029617844283,1467.0,,200.0,10,TG,TG,330.60668029993184
Hauterive (Fr),75275.0,,1283.0,227.7261110537386,2694.0,,161.358324371058,11,ZH,ZH,476.24350408314774
Avry,81830.0,,1310.0,313.2263146103603,1949.0,,153.55079629078716,14,OW,OW,672.139558748076
Zofingen,74986.0,,11239.0,1176.5071908245598,12876.0,29.0,156.2013358095322,15,GR,GR,872.8642435538986
Haut-Intyamon,61854.0,,380.0,28.826466661252905,1774.0,,178.99609894070613,6,ZG,ZG,214.20518602029313
Aesch (Zh),116463.0,,433.0,406.62193253507326,1659.0,,179.0177232285224,9,SO,SO,261.0006027727547
Pont-En-Ogoz,76919.0,7782.35294117647,459.0,208.4021380691384,2038.0,,174.01162395346222,12,NE,NE,225.2208047105005
Le Mouret,70299.0,,985.0,178.7754282928106,3354.0,,183.24916289600083,8,AG,AG,293.67918902802626
Hausen (Ag),75379.0,,1477.0,1570.6531736433244,3774.0,,143.3079786584385,17,JU,JU,391.3619501854796
Häggenschwil,78378.0,,434.0,160.0925528054227,1426.0,,199.8380523077906,4,AR,AR,304.34782608695656
Muolen,68123.0,7015.909090909091,480.0,149.9603701567246,1265.0,,177.0649669921796,6,TI,TI,379.4466403162055
St. Gallen,67622.0,8085.0,87789.0,2054.9811358552997,78863.0,39.1,173.3122596156384,12,UR,UR,1113.1836222309576
Wittenbach,66013.0,,3497.0,818.3426560141186,10142.0,,175.80902209445213,16,VD,VD,344.8037862354565
Berg (Sg),84795.0,,152.0,321.84715967544844,1033.0,,183.1865715288087,9,NE,NE,147.14424007744435
Eggersriet,75566.0,,454.0,277.4352738889695,2434.0,,185.3887114942628,9,LU,LU,186.52423993426459
Goldach,69259.0,6825.0,4736.0,1931.5293287713466,9783.0,,164.67756222667262,15,NE,NE,484.10508024123476
Mörschwil,106517.0,,1310.0,376.9710820256111,3671.0,,185.34691556240824,5,BE,BE,356.85099427948785
Rorschach,57061.0,,5199.0,6356.196317006785,10274.0,25.9,127.39489866767579,26,FR,FR,506.03465057426513
Rorschacherberg,73391.0,,2146.0,1021.42652619272,7716.0,,171.29790626079281,12,BS,BS,278.1233799896319
Steinach,68621.0,,1878.0,861.1940801023525,3581.0,,180.8140807372364,14,NW,NW,524.4345154984641
Tübach,79023.0,,791.0,935.0321891543269,1602.0,,167.99018118907804,10,SO,SO,493.75780274656677
Untereggen,79445.0,8085.0,312.0,154.6825432231224,1035.0,,199.84509276337863,11,GE,GE,301.4492753623189
Au (Sg),67032.0,,4596.0,1640.7748915040454,8628.0,,151.13479759560337,18,SG,SG,532.6842837273991
Balgach,80392.0,,4844.0,707.3092057175564,5210.0,,198.9496136574023,7,OW,OW,929.7504798464491
Berneck,74334.0,,2415.0,873.2458961745926,4008.0,,169.43909248708673,13,VS,VS,602.5449101796407
Diepoldsau,69119.0,6525.166666666667,3685.0,659.043580455839,6939.0,,151.02479728622606,15,GE,GE,531.0563481769708
Rheineck,59498.0,,1576.0,1908.3389088254974,3514.0,,160.1482016570279,18,VD,VD,448.49174729652816
St. Margrethen,58518.0,,4717.0,847.0081718385164,6718.0,,160.125171232509,14,AR,AR,702.1434950878238
Thal,70264.0,10208.333333333334,3866.0,704.3572296170521,7137.0,,184.57885503710335,3,BE,BE,541.6841810284433
Widnau,71362.0,0.0,5281.0,2692.930043193211,10409.0,11.9,139.4817443410661,15,FR,FR,507.3494091651456
Altstätten,64408.0,,7959.0,337.7520252336012,12581.0,11.3,169.46097938736574,11,ZH,ZH,632.6206183928145
Eichberg,65396.0,,291.0,266.94180767643417,1617.0,,148.61886653443918,17,LU,LU,179.96289424860854
Marbach (Sg),69299.0,,710.0,471.2116101848186,2169.0,,167.84579298006514,12,BS,BS,327.3397879207008
Oberriet (Sg),65489.0,,5183.0,270.63398631590485,9373.0,,140.56164409245923,22,GE,GE,552.971300544116
Rebstein,66560.0,4271.909090909091,1702.0,1391.7680361020846,5077.0,,140.3643700969503,12,GL,GL,335.23734488871384
Rüthi (Sg),66481.0,,1265.0,285.27157382528753,2633.0,,188.15897652607057,8,VS,VS,480.4405620964679
Buchs (Sg),68501.0,,8366.0,895.8722993323908,14038.0,12.3,181.5702003568446,4,SO,SO,595.9538395782876
Gams,70110.0,,1291.0,198.6418397047739,3728.0,,184.12343488355535,11,TG,TG,346.29828326180257
Grabs,68968.0,,3917.0,137.78401207906506,7488.0,,163.93157670328446,13,BE,BE,523.1036324786324
Sennwald,66662.0,,4733.0,138.2769733534999,6332.0,,177.71492171729685,11,TI,TI,747.4731522425774
Sevelen,64190.0,2978.0172413793102,2107.0,175.19851771239692,5411.0,,177.95512166844338,7,SG,SG,389.3919793014231
Wartau,63933.0,,2319.0,137.8653463418484,5595.0,,161.05982014147665,18,VD,VD,414.47721179624665
Bad Ragaz,69163.0,7578.103448275862,3889.0,269.75239011235806,6872.0,,199.48087129140396,8,BE,BE,565.9196740395809
Flums,58905.0,5635.0,2600.0,71.24177904365182,5400.0,,192.35618391403057,9,LU,LU,481.48148148148147
Mels,65892.0,,3705.0,70.29887705890103,9581.0,,175.89204948140812,10,GE,GE,386.70284938941654
Pfäfers,62552.0,,1169.0,12.947839683644094,1624.0,,180.26441963275022,11,OW,OW,719.8275862068966
Quarten,63673.0,,1284.0,50.012917431749116,3105.0,,182.5638035342292,7,GE,GE,413.52657004830917
Sargans,65244.0,,4153.0,663.4040691891834,6615.0,,141.81062901615306,21,UR,UR,627.8155706727135
Vilters-Wangs,67753.0,,1864.0,153.05520652881327,5121.0,,174.5542486466782,16,JU,JU,363.99140792813904
Walenstadt,68936.0,,2163.0,124.91840957819959,5926.0,,168.35330653115102,15,OW,OW,365.0016874789065
Amden,74574.0,,549.0,44.74269297513477,1901.0,,164.4739170070198,11,UR,UR,288.79537085744346
Benken (Sg),69544.0,,1281.0,186.76126968734536,3073.0,,173.6606750422378,12,ZG,ZG,416.85649202733487
Kaltbrunn,68436.0,6720.0,1766.0,261.4604971082438,5099.0,,200.0,1,UR,UR,346.3424200823691
Schänis,64451.0,,1495.0,104.52699081325005,4172.0,,188.42846623486886,9,AI,AI,358.34132310642383
Weesen,71976.0,6272.0,477.0,303.6520397201826,1898.0,,167.97527232209342,14,TG,TG,251.3171759747102
Schmerikon,75457.0,,1862.0,1099.9706321093886,4150.0,,176.042307168618,5,BE,BE,448.67469879518075
Uznach,70523.0,,3566.0,874.6027985425523,7038.0,,191.01630525185334,4,TG,TG,506.6780335322535
Ebnat-Kappel,61134.0,,2260.0,124.07614173191338,5323.0,,192.46218936350692,6,ZG,ZG,424.5726094307721
Lichtensteig,61134.0,,578.0,693.3223921597898,2141.0,,172.98961191396035,10,SG,SG,269.96730499766466
Kirchberg (Sg),66583.0,,5188.0,233.27927993588645,9791.0,,167.64215885718534,9,TG,TG,529.8743744254928
Lütisburg,64257.0,,592.0,115.60758193292295,1646.0,,189.16269621273867,9,VD,VD,359.6597812879708
Mosnang,63160.0,,1235.0,58.47280622697529,2981.0,,185.24377878076064,9,ZH,ZH,414.29050654142907
Degersheim,62195.0,,1794.0,319.7222238758562,4216.0,,189.7874261229966,7,ZH,ZH,425.5218216318786
Flawil,64032.0,9671.052631578947,4084.0,848.5696967476722,10632.0,31.2,179.85069946019036,7,GL,GL,384.1234010534236
Jonschwil,70606.0,,2380.0,367.5886447337241,3992.0,,191.55645852311028,10,GE,GE,596.1923847695391
Oberuzwil,69993.0,,2291.0,488.6003339481476,6743.0,,166.4033800881753,17,JU,JU,339.7597508527362
Uzwil,65724.0,,7127.0,1028.7747303552835,14570.0,21.5,188.0271253475923,6,GL,GL,489.15579958819495
Niederbüren,72782.0,,670.0,103.7658908486662,1529.0,,181.7885047832071,7,NE,NE,438.1948986265533
Niederhelfenschwil,75437.0,,941.0,190.5492826326289,3290.0,,200.0,7,SH,SH,286.0182370820669
Oberbüren,73405.0,,3547.0,255.88812047251696,4726.0,,166.75032994617405,11,TG,TG,750.5289885738467
Zuzwil (Sg),87541.0,,2049.0,512.8921866077665,5033.0,,200.0,5,TG,TG,407.1130538446255
Andwil (Sg),80389.0,,629.0,340.5891328544713,2144.0,,179.09000913830218,12,GL,GL,293.3768656716418
Gaiserwald,81935.0,,2654.0,699.6993155810127,8714.0,,162.25109841486338,8,VD,VD,304.5673628643562
Gossau (Sg),68553.0,,13629.0,660.9203798574277,18633.0,28.1,165.20671402079435,17,NE,NE,731.4442118821446
Waldkirch,74555.0,,1551.0,111.55998924832427,3576.0,,173.9303371825705,11,GE,GE,433.7248322147651
Riederalp,69431.0,14700.0,375.0,23.975713770172415,440.0,,186.0977461627371,7,BE,BE,852.2727272727273
Metzerlen-Mariastein,82467.0,,268.0,119.06927596299235,988.0,,186.49236613483063,8,NW,NW,271.2550607287449
Küssnacht (Sz),99227.0,,7500.0,484.3126745182025,14148.0,15.3,165.87534868498992,13,LU,LU,530.1102629346905
Les Montets,66921.0,,319.0,150.6194895528569,1572.0,,177.92439242046538,5,JU,JU,202.9262086513995
Montagny (Fr),63419.0,,588.0,174.2877103413135,3037.0,,200.0,10,TG,TG,193.6121172209417
Mézières (Fr),66990.0,,279.0,138.9027302102121,1163.0,,200.0,5,BL,BL,239.89681857265694
Siviriez,69145.0,,631.0,134.73453750754337,2675.0,,185.01588140728546,10,NW,NW,235.88785046728972
Torny,68805.0,,134.0,107.37290516810307,1095.0,,179.35339146676316,12,VD,VD,122.3744292237443
Bas-Intyamon,61765.0,,799.0,55.15290015182545,1726.0,,181.17986218910335,6,OW,OW,462.920046349942
Vuisternens-Devant-Romont,67744.0,,790.0,98.24642357416171,2383.0,,188.09028096786614,9,UR,UR,331.514897188418
La Sonnaz,74784.0,,222.0,217.68347583221282,1458.0,,162.18233669125502,13,GE,GE,152.2633744855967
Le Flon,64710.0,,181.0,129.4052205870135,1211.0,,174.671208538316,13,FR,FR,149.4632535094963
La Verrerie,66117.0,,334.0,101.03675687278215,1350.0,,153.82690066404703,9,TI,TI,247.40740740740742
Saint-Martin (Fr),72870.0,,234.0,106.08649120761162,1043.0,,184.78636960362064,8,NW,NW,224.352828379674
Acquarossa,56660.0,,828.0,29.51062050014899,1796.0,,189.380019168119,6,ZH,ZH,461.0244988864143
Maggia,57364.0,5642.903225806452,809.0,24.171684441841524,2674.0,,172.48522317096953,12,TI,TI,302.54300673148845
Lavizzara,60395.0,,212.0,2.666098520001332,498.0,,200.0,6,FR,FR,425.70281124497996
Castel San Pietro,74654.0,4075.1666666666665,1701.0,171.7153666730383,2262.0,,159.66243242000118,12,AI,AI,751.9893899204244
Ernen,61095.0,,166.0,15.061311685619135,544.0,,157.8713851144343,12,UR,UR,305.14705882352945
Cugy (Fr),67584.0,,441.0,226.84556229788998,2030.0,,180.78642396150704,9,SH,SH,217.24137931034483
Delley-Portalban,72527.0,,240.0,174.72726293967673,1319.0,,193.72101332100982,4,AI,AI,181.9560272934041
Wilchingen,68923.0,7350.0,869.0,74.8997542421844,1738.0,,200.0,8,UR,UR,500.0
Cadenazzo,56906.0,,2038.0,381.5669769131877,3132.0,,168.770351457571,11,NE,NE,650.7024265644955
Alto Malcantone,64271.0,,191.0,60.757826689916655,1390.0,,195.49562867099846,1,JU,JU,137.41007194244602
Lully (Fr),69392.0,,400.0,246.1459635525287,1226.0,,176.62171973922062,9,JU,JU,326.2642740619902
Bulle,67237.0,,17315.0,1111.6351190313217,27101.0,15.7,164.7310144002078,10,GR,GR,638.906313420169
Ried Bei Kerzers,76550.0,,958.0,200.51656113611355,1237.0,,190.97507195119718,2,LU,LU,774.4543249797898
Botterens,74604.0,6538.9655172413795,183.0,194.88137760806097,759.0,,187.56933754521106,4,TG,TG,241.10671936758894
Erlinsbach (So),69970.0,,693.0,396.92550597510467,3736.0,,151.83242671966792,16,BS,BS,185.49250535331907
Erlinsbach (Ag),89019.0,,1292.0,482.5737460637446,4639.0,,196.6488025807694,10,FR,FR,278.5082992024143
Ehrendingen,79579.0,,877.0,653.6058671737064,4928.0,,193.24986163253462,7,SH,SH,177.96266233766232
Villigen,71886.0,,1588.0,180.5440445127255,2231.0,,168.56470397079838,10,BL,BL,711.7884356790677
Aigle,59881.0,12600.0,6445.0,591.6840697069487,11752.0,33.8,179.19233614942107,11,NE,NE,548.4172906739278
Bex,60670.0,,2700.0,90.42365014256197,8841.0,,186.3872553829104,7,SG,SG,305.39531727180184
Villarzel,68108.0,,121.0,64.78167275692839,523.0,,183.17959341013153,7,TI,TI,231.35755258126196
Rovray,75697.0,,45.0,62.0916732345681,194.0,,171.04561398344438,8,AI,AI,231.95876288659795
Maracon,76784.0,,98.0,137.56791055619746,569.0,,168.36433497127746,7,SO,SO,172.23198594024606
Cudrefin,76967.0,4231.818181818182,383.0,121.23098704075906,1885.0,,178.24184840556424,9,AI,AI,203.18302387267906
Lussery-Villars,73547.0,,61.0,139.0900021810496,470.0,,196.01224722153822,6,JU,JU,129.7872340425532
Romainmôtier-Envy,63542.0,,192.0,75.8536537224065,560.0,,187.29711071294523,8,AI,AI,342.85714285714283
Montreux,71913.0,11025.0,12994.0,843.0678794437641,26955.0,44.8,164.82670665631014,12,BL,BL,482.0626970877388
Bercher,77091.0,,464.0,298.5374662854243,1344.0,,188.1768169269219,5,AG,AG,345.23809523809524
Rances,83241.0,,111.0,56.644046143197045,509.0,,136.6342326428499,21,AR,AR,218.0746561886051
Penthalaz,68749.0,8883.91304347826,1465.0,882.8601436980947,3169.0,,187.16320767991263,4,GE,GE,462.29094351530455
Penthaz,80881.0,8363.793103448275,668.0,569.0004461314552,1945.0,,147.41849336488946,19,NW,NW,343.4447300771208
Penthéréaz,82065.0,,99.0,75.39754451238699,430.0,,173.7117004245357,8,SH,SH,230.2325581395349
Perroy,104284.0,9065.0,475.0,556.4968104195596,1584.0,,156.8618714430852,12,SG,SG,299.87373737373736
Payerne,59873.0,6998.478260869565,7143.0,429.4462058221885,10758.0,12.9,155.68688704103687,11,GR,GR,663.9709983268266
Oulens-Sous-Echallens,85744.0,,148.0,105.17355336873246,603.0,,196.2208450899647,4,FR,FR,245.43946932006634
Orzens,66965.0,,69.0,48.37477702957621,214.0,,172.4412415645765,14,AI,AI,322.4299065420561
Pailly,85640.0,,208.0,105.70212406120429,575.0,,183.99996825910497,10,AR,AR,361.7391304347826
Paudex,94214.0,,1547.0,2327.6620031158895,1509.0,,152.73656168251588,18,AI,AI,1025.1822398939696
Premier,64776.0,,49.0,34.32563008984734,228.0,,186.77273268378156,10,LU,LU,214.91228070175438
Préverenges,83724.0,,1735.0,2972.383673702344,5260.0,,147.23367450348826,13,AG,AG,329.84790874524714
Prévonloup,71301.0,,34.0,127.99561921080684,230.0,,159.30306280099026,13,GE,GE,147.82608695652175
Provence,55364.0,4410.0,176.0,13.171886582262893,409.0,,194.8025770087866,4,SO,SO,430.3178484107579
Puidoux,78816.0,,2569.0,122.56194354394658,2974.0,,171.20361883231305,15,SH,SH,863.8197713517148
Pully,100998.0,,6103.0,3303.99092442497,19538.0,49.8,118.94756450433593,19,VD,VD,312.3656464325929
Prilly,63617.0,,6988.0,5526.942980602631,12758.0,46.6,110.5012009293422,28,AI,AI,547.7347546637404
Poliez-Pittet,73625.0,,503.0,179.08707519097266,850.0,,200.0,8,SO,SO,591.7647058823529
Pompaples,67939.0,,542.0,209.59700254481555,932.0,,190.36985245282105,13,OW,OW,581.5450643776824
Pomy,84052.0,,288.0,170.85183781284684,876.0,,172.82899189647023,10,BS,BS,328.7671232876712
Renens (Vd),59115.0,,16647.0,8987.249879007359,21541.0,39.9,72.18720163132033,36,BL,BL,772.8053479411356
Prangins,109730.0,,2045.0,758.3010753547269,4271.0,,166.5289466644989,19,AR,AR,478.810583001639
Saubraz,85069.0,,35.0,110.90434054033737,447.0,,200.0,3,ZH,ZH,78.29977628635346
Savigny,86823.0,,1514.0,225.7720060943677,3517.0,,183.16093232196113,4,TG,TG,430.48052317315893
Saint-Oyens,92702.0,,69.0,137.52051711325475,457.0,,184.8898511595481,3,OW,OW,150.98468271334792
Saint-Prex,93466.0,,3045.0,966.4670537313661,5865.0,,184.43166252818688,11,AR,AR,519.1815856777495
Saint-Saphorin (Lavaux),95994.0,,80.0,256.8450534098338,387.0,,180.65906191644189,4,SO,SO,206.71834625322995
Saint-Sulpice (Vd),119209.0,,1737.0,1996.5375275467957,5155.0,,153.33428080803623,14,TG,TG,336.9544131910766
Sainte-Croix,56339.0,,1990.0,123.32869614655911,5139.0,,175.6559679257903,12,VS,VS,387.2348705973925
Senarclens,89318.0,,153.0,98.76676321460712,480.0,,177.80755319096824,11,AR,AR,318.75
Sergey,65890.0,,22.0,90.87787687414269,133.0,,178.41328437657614,11,BS,BS,165.41353383458645
Signy-Avenex,93453.0,,717.0,318.47976199923573,608.0,,187.2881527666884,9,UR,UR,1179.2763157894738
Saint-Livres,85714.0,,110.0,105.51490239355022,715.0,,179.58373531804853,13,GL,GL,153.84615384615387
Rivaz,82497.0,,87.0,585.4988485782521,329.0,,184.31548406133518,6,OW,OW,264.4376899696049
Roche (Vd),61071.0,,626.0,300.1370334780734,1994.0,,175.37232968117812,8,LU,LU,313.9418254764293
Rolle,95262.0,,4851.0,2143.974440153035,6540.0,,156.71655680649536,12,FR,FR,741.743119266055
Romanel-Sur-Lausanne,69474.0,,1758.0,1597.0561830394186,4321.0,,131.80668879789897,23,JU,JU,406.85026614209676
Romanel-Sur-Morges,96391.0,,523.0,267.7889422041861,454.0,,190.6972232008683,10,AI,AI,1151.9823788546255
Ropraz,74988.0,0.0,211.0,142.52658490570857,530.0,,183.57941300398434,10,SO,SO,398.11320754716985
Rossinière,65628.0,,151.0,22.321661221866265,499.0,,194.72428840930044,10,BS,BS,302.60521042084173
Rossenges,94773.0,,15.0,127.96085241613994,91.0,,135.10451232833333,16,ZH,ZH,164.83516483516485
Saint-Barthélemy (Vd),77819.0,,324.0,206.64968455569885,834.0,,200.0,10,LU,LU,388.48920863309354
Saint-Cergue,79133.0,,437.0,120.42382462705234,3009.0,,176.54052821408285,15,TI,TI,145.23097374543036
Saint-George,96335.0,,225.0,95.57919689159829,1081.0,,195.54069806108907,8,AI,AI,208.14061054579093
Rennaz,62783.0,,3269.0,471.46623265939496,949.0,,159.0288925334282,20,SG,SG,3444.6786090621704
Novalles,66344.0,,31.0,52.9533348736426,106.0,,188.59610728601857,3,ZH,ZH,292.45283018867923
Rougemont,71085.0,,460.0,18.413597878074057,813.0,,163.99751098583056,11,NW,NW,565.8056580565806
Rueyres,80139.0,,97.0,187.29366506902295,304.0,,168.51456812292986,10,AR,AR,319.0789473684211
Noville,74324.0,,825.0,117.3184705475842,1215.0,,200.0,7,GL,GL,679.0123456790124
Lignerolle,71629.0,5195.689655172414,86.0,44.22597304095968,461.0,,176.64387912243615,7,ZG,ZG,186.55097613882862
Lonay,96993.0,,1565.0,771.2346948418391,2734.0,,174.46733776563048,13,VD,VD,572.4213606437454
Lovatens,63679.0,,33.0,44.01588249809428,146.0,,192.55752912342248,11,FR,FR,226.02739726027397
Longirod,84599.0,,90.0,58.38150814030904,556.0,,186.77776841961105,10,GE,GE,161.8705035971223
Leysin,63729.0,6311.151960784313,1507.0,254.1279381719714,3659.0,,179.3645219825226,10,BE,BE,411.861164252528
Les Clées,74504.0,,23.0,27.81808357042364,193.0,,185.16581417521007,5,UR,UR,119.17098445595855
Marchissy,83084.0,,83.0,42.14908388177962,508.0,,200.0,3,TG,TG,163.38582677165354
Mauborget,66516.0,,28.0,30.074221103599466,145.0,,178.80136503023215,14,AG,AG,193.10344827586206
Mathod,67405.0,,187.0,101.2456072498558,725.0,,181.869763599312,11,GR,GR,257.9310344827586
Lully (Vd),113672.0,,200.0,437.58041063466953,836.0,,190.774079144784,7,GR,GR,239.23444976076556
Lussy-Sur-Morges,149177.0,,273.0,339.2945834380357,719.0,,192.7190127112864,5,FR,FR,379.69401947148816
Luins,104050.0,,181.0,265.4892866894241,633.0,,194.7840115420071,1,OW,OW,285.9399684044234
Le Vaud,103387.0,,247.0,490.8832001419144,1367.0,,183.98680435151627,5,VS,VS,180.68763716166788
Lutry,109843.0,13095.867374005305,3555.0,1324.4024759464685,10751.0,,147.74676713767565,22,SH,SH,330.66691470560875
Jongny,96069.0,,257.0,733.7839177629181,1928.0,,196.13479075977654,2,AR,AR,133.298755186722
Juriens,63647.0,,54.0,36.27334825877607,348.0,,162.39970760813773,14,SH,SH,155.17241379310346
Jouxtens-Mézery,186004.0,8960.95890410959,199.0,852.5414734316236,1478.0,,174.81731950054535,14,LU,LU,134.64140730717187
Lavey-Morcles,61055.0,,392.0,72.78276885515608,1015.0,,167.86402253848746,8,SH,SH,386.2068965517241
Le Chenit,64872.0,3089.491525423729,6903.0,47.07132640446644,4753.0,,178.50956231667197,10,VD,VD,1452.3458868083317
Le Mont-Sur-Lausanne,94468.0,12340.263157894737,8988.0,1036.4572280331502,9531.0,32.2,173.10996045054614,14,SH,SH,943.0280138495436
Le Lieu,67007.0,,778.0,26.311473871155748,918.0,,184.52895421286448,9,TI,TI,847.4945533769063
Lausanne,69177.0,14719.198830409356,131981.0,3424.4615050297857,144873.0,53.8,147.2500211232809,25,NE,NE,911.0117137078682
Lavigny,93498.0,,945.0,265.83868840657885,1099.0,,200.0,1,VD,VD,859.8726114649681
La Chaux (Cossonay),80962.0,,58.0,60.00592975264153,432.0,,186.1270130434003,11,AR,AR,134.25925925925927
L'Isle,67775.0,,253.0,69.08942350180943,1094.0,,175.55796758332843,10,OW,OW,231.2614259597806
L'Abergement,83003.0,,39.0,46.34255939313904,270.0,,193.9412633799414,9,AI,AI,144.44444444444443
L'Abbaye,67919.0,,654.0,49.12706300669852,1541.0,,197.29023012635884,7,VS,VS,424.39974042829334
La Praz,72536.0,,31.0,42.801059711438526,207.0,,161.10626224568233,11,AG,AG,149.7584541062802
La Tour-De-Peilz,78852.0,,3588.0,4028.114427751985,12812.0,47.8,142.99195621529583,18,SH,SH,280.04995316890415
La Sarraz,71206.0,,758.0,333.92774408519415,2615.0,,186.7149733800705,2,AR,AR,289.8661567877629
La Rippe,117315.0,,254.0,69.31759522540868,1196.0,,174.7542601496886,12,SG,SG,212.37458193979933
Nyon,87613.0,,18180.0,3047.038982356051,23351.0,46.5,165.8648128341344,14,ZG,ZG,778.5533810115198
Mutrux,61014.0,,24.0,45.38096853627911,145.0,,177.2400979033312,12,FR,FR,165.51724137931035
Ollon,80443.0,9922.5,3165.0,140.01228671256575,8221.0,,180.29443153434545,13,UR,UR,384.98966062522805
Ogens,67036.0,,95.0,106.14759558575417,341.0,,176.20124793869695,11,TG,TG,278.5923753665689
Oppens,78118.0,,230.0,56.00870075757313,202.0,,179.6033096668466,10,BE,BE,1138.6138613861385
Orny,75116.0,,112.0,88.24349075408419,497.0,,162.55756120301734,11,SG,SG,225.35211267605635
Ormont-Dessus,66967.0,,799.0,24.61697139187543,1433.0,,158.12717424313897,12,OW,OW,557.5715282623867
Ormont-Dessous,60934.0,,427.0,19.561387852118273,1242.0,,200.0,9,ZG,ZG,343.8003220611916
Orges,72213.0,,149.0,110.3225714537364,424.0,,166.0452507957727,17,VD,VD,351.41509433962267
Onnens (Vd),75474.0,,213.0,108.80889742699914,513.0,,163.89606325570495,12,UR,UR,415.2046783625731
Orbe,63954.0,9079.411764705883,4815.0,704.0620266466915,7978.0,,139.671719623254,19,ZG,ZG,603.5347204813236
Mex (Vd),88955.0,,1833.0,257.14231090321636,807.0,,167.48940533979345,10,LU,LU,2271.375464684015
Molondin,60782.0,,105.0,46.490040804948265,269.0,,159.6319255625343,18,ZH,ZH,390.3345724907063
Mollens (Vd),71272.0,,74.0,26.494845955163115,324.0,,200.0,7,SO,SO,228.39506172839504
Mies,150817.0,,895.0,803.9784393635219,2180.0,,185.97935521939104,14,ZH,ZH,410.55045871559633
Moiry,75563.0,,68.0,46.679705946476886,300.0,,169.15385239772692,9,GE,GE,226.66666666666666
Missy,64357.0,,77.0,138.37440066361904,383.0,,200.0,4,ZG,ZG,201.04438642297652
Mauraz,77779.0,,16.0,93.20740595442297,67.0,,193.67151036602345,7,JU,JU,238.80597014925374
Moudon,58755.0,,2902.0,385.3759612060406,6646.0,,170.73766789052456,13,BE,BE,436.6536262413482
Mont-La-Ville,79233.0,,95.0,25.351087202839043,496.0,,142.22847236628226,17,BL,BL,191.53225806451613
Morrens (Vd),82304.0,,173.0,292.20325810427636,1155.0,,200.0,2,BL,BL,149.7835497835498
Montcherand,89903.0,,63.0,161.19929639309157,489.0,,157.32536358024828,17,JU,JU,128.83435582822085
Morges,74552.0,,12373.0,4385.971976213517,17701.0,46.0,105.26529294580567,28,TG,TG,699.0000564939835
Montagny-Près-Yverdon,76133.0,4980.738636363636,2016.0,222.28327555360374,780.0,,192.81027831477644,4,BS,BS,2584.6153846153848
Mont-Sur-Rolle,101563.0,,532.0,667.3003433493045,2752.0,,200.0,9,NW,NW,193.3139534883721
Montricher,76784.0,,295.0,38.337773346189564,943.0,,200.0,9,LU,LU,312.831389183457
Montpreveyres,79225.0,,129.0,155.81997709493842,656.0,,186.68898836038542,8,BS,BS,196.64634146341464
Hermenches,67367.0,,55.0,77.33628137302793,373.0,,188.04750041358133,8,FR,FR,147.45308310991956
Ependes (Vd),65636.0,,140.0,68.40786647145457,379.0,,192.02932996719173,8,GR,GR,369.39313984168865
Epalinges,97876.0,,3934.0,2088.2304234195517,9905.0,,167.55723479749864,10,AR,AR,397.1731448763251
Etagnières,83880.0,,730.0,311.73522136865114,1191.0,,180.66856494812862,9,BS,BS,612.9303106633082
Etoy,90352.0,,3311.0,615.3835925686925,2962.0,,174.54778706440993,4,TI,TI,1117.8257933828495
Essertines-Sur-Rolle,108146.0,,99.0,110.21001747285061,785.0,,177.81205882305932,13,AG,AG,126.11464968152866
Eysins,102096.0,,1931.0,765.5963278996421,1774.0,,159.9607336513809,9,SH,SH,1088.500563697858
Henniez,65889.0,6885.789473684211,283.0,192.4611451109842,469.0,,173.6019933919503,15,FR,FR,603.411513859275
Essertines-Sur-Yverdon,79838.0,,189.0,110.95230940382517,1142.0,,153.34813081155045,14,JU,JU,165.49912434325745
Duillier,106322.0,,343.0,254.28821383051292,1140.0,,175.6313145745512,10,NW,NW,300.8771929824561
Dully,148356.0,,119.0,308.32602095075316,620.0,,161.6607404995421,12,TG,TG,191.93548387096774
Dompierre (Vd),70954.0,,50.0,77.19008782784681,240.0,,162.57401422228335,13,UR,UR,208.33333333333334
Eclépens,76712.0,7604.423076923077,1644.0,205.71034928767267,1210.0,,180.3593018800403,14,AI,AI,1358.6776859504132
Echallens,74605.0,,2870.0,1022.7857920607528,6719.0,,189.2146079891342,1,BS,BS,427.14689685965175
Echandens,93383.0,9377.586206896553,1641.0,907.7948062876671,2999.0,,183.42186040903383,13,AI,AI,547.1823941313771
Ecublens (Vd),72717.0,,17672.0,2307.836836419199,13364.0,36.8,130.10915102473686,22,GE,GE,1322.3585752768631
Grandson,77982.0,4971.594444444444,1614.0,424.1025273003962,3390.0,,160.32368129291433,10,SG,SG,476.1061946902655
Genolier,126484.0,,1090.0,385.72917096026816,2012.0,,189.71767483311646,4,VD,VD,541.7495029821073
Grens,115367.0,,372.0,153.47233111714317,391.0,,163.51983731067526,18,TI,TI,951.4066496163683
Grandcour,65498.0,,249.0,108.50283102340514,976.0,,175.40094477074103,8,UR,UR,255.12295081967213
Gimel,73175.0,,617.0,122.38436725750456,2457.0,,186.8627759679552,5,NW,NW,251.1192511192511
Gingins,128167.0,,340.0,104.30355989876908,1256.0,,164.29320679265558,16,GR,GR,270.70063694267515
Grandevent,85453.0,,24.0,68.43309231255012,241.0,,180.80844124323244,10,NW,NW,99.58506224066389
Gland,84328.0,,8011.0,1626.506083640927,13987.0,37.0,141.43316766196688,15,GL,GL,572.7461213984413
Gollion,76652.0,,318.0,192.52859031505335,1066.0,,168.79083504822754,13,OW,OW,298.31144465290805
Givrins,119290.0,11860.227272727272,194.0,253.16212651919497,1068.0,,181.91599144799466,6,VD,VD,181.64794007490636
Grancy,103658.0,,83.0,108.78982341975956,538.0,,154.87226021035454,18,VS,VS,154.27509293680296
Gilly,108666.0,,336.0,191.09169251742085,1441.0,,184.43487190965178,12,VS,VS,233.17140874392783
Giez,83010.0,,101.0,89.92785170051945,464.0,,178.68789477974912,11,AR,AR,217.67241379310346
Fiez,76884.0,,52.0,73.28289649291297,432.0,,187.45980101546635,9,SH,SH,120.37037037037037
Féchy,141393.0,,371.0,347.5314161999341,923.0,,179.40081833305845,15,LU,LU,401.9501625135428
Fey,78457.0,,209.0,105.9447016445352,789.0,,199.2617476378466,5,AG,AG,264.89226869455007
Ferreyres,92990.0,,48.0,87.65562178391423,309.0,,180.88676513858337,6,SO,SO,155.3398058252427
Gryon,73084.0,,434.0,93.49776013158872,1519.0,,172.50063076464568,13,GL,GL,285.7142857142857
Froideville,79412.0,,310.0,425.99041014259905,2729.0,,176.9810170912338,16,NE,NE,113.59472334188348
Faoug,75821.0,,179.0,261.6653769409249,895.0,,185.17167451470974,5,BL,BL,200.0
Founex,147345.0,,992.0,907.2681752601976,3763.0,,170.38602348017633,11,VS,VS,263.61945256444324
Fontaines-Sur-Grandson,69572.0,,23.0,23.516092926794133,219.0,,180.34937856903554,11,GE,GE,105.0228310502283
Forel (Lavaux),76989.0,,1244.0,113.95803870625465,2087.0,,168.17829951553702,12,GE,GE,596.0709151892669
Bettens,78875.0,,95.0,177.43638212160903,646.0,,168.04010241334268,9,BL,BL,147.05882352941177
Bioley-Magnoux,68080.0,,47.0,61.81982407809985,257.0,,158.2642151725387,18,AI,AI,182.8793774319066
Bière,64822.0,,513.0,66.86768237834845,1669.0,,200.0,12,VS,VS,307.36968244457756
Belmont-Sur-Yverdon,70657.0,,68.0,74.43870913241685,445.0,,160.50131041617203,14,NE,NE,152.80898876404495
Belmont-Sur-Lausanne,111819.0,,540.0,1286.2323691299632,3915.0,,154.9339465895222,12,BE,BE,137.9310344827586
Begnins,100339.0,,419.0,397.3370412917144,2035.0,,164.697502717587,8,UR,UR,205.8968058968059
Berolle,79378.0,,66.0,37.776648495641595,303.0,,193.001595089773,7,BL,BL,217.82178217821783
Bougy-Villars,130173.0,,83.0,273.5237037025212,514.0,,172.4626048164617,14,UR,UR,161.4785992217899
Boussens,89058.0,,170.0,339.4453173332892,1006.0,,194.85053429034429,8,AG,AG,168.98608349900596
Bournens,86606.0,,59.0,156.51299654742942,531.0,,168.12008188801516,12,NW,NW,111.1111111111111
Boulens,69537.0,,61.0,91.20418346412353,368.0,,183.15280580757573,7,AI,AI,165.76086956521738
Bretonnières,72100.0,,61.0,46.33641819664874,261.0,,166.94982015396602,9,ZG,ZG,233.71647509578546
Bremblens,108734.0,,364.0,209.5983051894697,614.0,,200.0,8,SO,SO,592.8338762214984
Bottens,78969.0,,246.0,184.89618058976555,1354.0,,160.0844917719547,17,GL,GL,181.68389955686854
Bretigny-Sur-Morrens,78065.0,,268.0,326.9698478517281,899.0,,180.92411217273298,5,VS,VS,298.1090100111234
Bofflens,72561.0,,57.0,45.29586580103247,200.0,,188.9985563080031,12,FR,FR,285.0
Borex,114014.0,,124.0,567.3892297542675,1146.0,,179.7395773596068,11,BE,BE,108.2024432809773
Bogis-Bossey,113843.0,10759.583333333332,93.0,274.37986965433396,991.0,,174.09776260231467,15,TI,TI,93.84460141271443
Bonvillars,77133.0,6184.137931034483,134.0,64.22191904847041,517.0,,177.32856560413327,6,VS,VS,259.1876208897486
Arnex-Sur-Orbe,71031.0,,181.0,96.45025536386414,694.0,,179.56518539717086,5,GE,GE,260.806916426513
Arnex-Sur-Nyon,108146.0,8174.634146341464,36.0,146.11453052183722,270.0,,176.13610207774576,10,AI,AI,133.33333333333334
Aclens,82077.0,,1897.0,144.34162331277597,585.0,,192.81955528743052,8,SO,SO,3242.735042735043
Allaman,92742.0,,354.0,180.98008713980755,430.0,,200.0,10,AI,AI,823.2558139534883
Agiez,63999.0,,60.0,68.31656057704721,372.0,,170.86676200007685,14,BS,BS,161.29032258064515
Ballens,72435.0,,330.0,72.47171803720302,579.0,,158.63466601166664,14,NW,NW,569.9481865284974
Ballaigues,60904.0,,982.0,124.07795334944002,1218.0,,177.26843271626342,7,GR,GR,806.23973727422
Bavois,68368.0,,256.0,118.21281272034746,1041.0,,200.0,9,VD,VD,245.91738712776177
Baulmes,67342.0,,378.0,50.23207417363952,1165.0,,167.38044138226368,9,SG,SG,324.4635193133047
Bassins,99774.0,,234.0,67.80845031834193,1483.0,,200.0,10,VD,VD,157.78826702629806
Corcelles-Le-Jorat,77892.0,,95.0,60.8084785785683,499.0,,200.0,4,VS,VS,190.3807615230461
Corbeyrier,61813.0,,120.0,18.243679740516754,452.0,,171.49686029852617,16,NE,NE,265.4867256637168
Coppet,156741.0,9003.75,924.0,1503.4190922595546,3232.0,,171.38324385488062,13,NE,NE,285.8910891089109
Concise,74752.0,,225.0,90.16014083069528,1025.0,,200.0,5,VD,VD,219.5121951219512
Commugny,147141.0,,280.0,447.61746457904985,2973.0,,169.21278149275503,10,OW,OW,94.18096199125463
Corseaux,116198.0,,468.0,1850.7675100954582,2320.0,,155.83006525378724,14,LU,LU,201.72413793103448
Corcelles-Près-Concise,74601.0,,130.0,104.8032120440905,434.0,,170.08745674420862,13,BS,BS,299.5391705069124
Corcelles-Près-Payerne,60919.0,,868.0,278.7683152045119,2982.0,,161.60563564308208,14,FR,FR,291.07981220657274
Chexbres,86188.0,,783.0,1192.0267591818615,2261.0,,156.66364921033724,13,VS,VS,346.3069438301636
Chevroux,71555.0,,109.0,130.16315583842749,494.0,,160.16410132415086,13,LU,LU,220.64777327935224
Chessel,59134.0,,102.0,151.1750055794191,527.0,,178.79462252093245,10,TG,TG,193.54838709677418
Chéserex,111215.0,,232.0,110.37980534577423,1279.0,,167.19941927183694,6,OW,OW,181.391712275215
Cheseaux-Sur-Lausanne,75294.0,,2007.0,1047.0043837233263,4847.0,,171.5649249390682,13,GR,GR,414.070559108727
Cheseaux-Noréaz,120065.0,,260.0,118.76945680681479,736.0,,155.31482133665085,12,VS,VS,353.26086956521743
Chevilly,85478.0,,36.0,95.55719788735739,346.0,,183.8814103957151,5,BL,BL,104.04624277456648
Chigny,139286.0,,67.0,402.25184413315685,420.0,,187.92044726145969,3,GL,GL,159.52380952380952
Clarmont,77669.0,,45.0,201.68539996735882,228.0,,147.80079681374832,11,SH,SH,197.3684210526316
Coinsins,103683.0,,262.0,245.02433011339573,519.0,,182.82299795115,5,NW,NW,504.8169556840077
Daillens,85732.0,,871.0,175.85360131584022,1097.0,,196.41671734382194,4,OW,OW,793.9835916134913
Démoret,60763.0,,77.0,42.959886516369146,173.0,,161.3739513010722,19,UR,UR,445.08670520231215
Curtilles,68579.0,,66.0,55.603350968441575,308.0,,200.0,3,NE,NE,214.28571428571428
Denges,87180.0,,903.0,1186.065096178213,1830.0,,172.75614553029808,12,AI,AI,493.4426229508197
Denens,114222.0,,114.0,246.71777249096837,742.0,,166.61764216639946,14,SO,SO,153.63881401617252
Cugy (Vd),88401.0,,1245.0,785.0938647745538,2787.0,,170.21111625985858,12,JU,JU,446.71689989235733
Cossonay,72616.0,,1803.0,581.8456314666113,4893.0,,181.7424853804386,9,GE,GE,368.4855916615573
Cuarny,72441.0,,52.0,54.13239030666337,241.0,,180.53112152968555,6,AG,AG,215.76763485477179
Cuarnens,80828.0,,142.0,79.44068096381795,561.0,,187.18350499995557,12,BS,BS,253.11942959001783
Croy,68551.0,,115.0,110.12954021326871,403.0,,164.94177043415758,18,TI,TI,285.35980148883374
Crissier,70289.0,,10867.0,1727.7616634027033,10676.0,40.8,162.8282043902174,8,SG,SG,1017.8905957287374
Corsier-Sur-Vevey,68453.0,,1913.0,475.6508231148033,3385.0,,153.3739999608769,12,TG,TG,565.1403249630724
Crassier,108444.0,,406.0,600.3511701197453,1275.0,,171.48796364366032,11,GL,GL,318.4313725490196
Cronay,69225.0,,75.0,66.61016790140445,426.0,,165.6900013720219,10,VD,VD,176.056338028169
Bursinel,111947.0,,82.0,333.68060368591625,532.0,,165.1672540326578,14,GE,GE,154.13533834586465
Bursins,95379.0,,492.0,251.81124674408676,814.0,,195.67607936422877,4,OW,OW,604.4226044226044
Bussy-Sur-Moudon,67117.0,,39.0,96.19806520723431,262.0,,195.28054369176593,13,AI,AI,148.85496183206106
Burtigny,85789.0,,119.0,70.2646550649383,401.0,,188.34397452138083,11,ZH,ZH,296.7581047381546
Bullet,63557.0,5850.6,214.0,47.17376337979718,681.0,,163.0857768026596,14,TI,TI,314.24375917767986
Buchillon,135220.0,13296.818181818182,136.0,261.7466437479372,686.0,,172.2751497328421,14,GL,GL,198.25072886297377
Château-D'Oex,61491.0,14193.103448275862,1790.0,31.859586872821076,3653.0,,197.84173384677823,9,AR,AR,490.00821242814123
Chardonne,88871.0,,730.0,344.11351146698723,3337.0,,178.20687289826668,8,AR,AR,218.7593646988313
Champagne,75837.0,,621.0,275.0041764652968,1070.0,,200.0,3,VS,VS,580.3738317757009
Champtauroz,70507.0,,24.0,69.44654821424048,196.0,,185.11600838737127,9,BE,BE,122.44897959183673
Chavannes-Le-Veyron,72976.0,,32.0,55.77559803642008,160.0,,182.25302139678922,12,ZG,ZG,200.0
Dizy,73294.0,,58.0,75.46206643991056,238.0,,174.5108311121432,11,NW,NW,243.69747899159663
Chavannes-Sur-Moudon,68013.0,,61.0,49.1301529066164,229.0,,181.4512510952859,4,BS,BS,266.3755458515284
Chavannes-Le-Chêne,63258.0,5300.909090909091,60.0,89.57943567737493,322.0,,176.69939113088324,8,VD,VD,186.33540372670805
Chavannes-Des-Bois,143532.0,,74.0,472.9148029309172,983.0,,185.23257722517565,8,NE,NE,75.27975584944049
Chavannes-De-Bogis,115237.0,,1063.0,533.9222938597972,1384.0,,188.2651261366675,7,AG,AG,768.0635838150289
Chavannes-Près-Renens,59758.0,,4220.0,5492.666750399769,9774.0,,105.52432442311228,32,NE,NE,431.7577245754041
Chêne-Pâquier,76883.0,,48.0,84.79157691257696,173.0,,159.07259426364786,10,JU,JU,277.4566473988439
Chamblon,85279.0,,256.0,217.05976097958992,554.0,,149.98826381951528,18,BE,BE,462.0938628158845
Vallorbe,58110.0,,1431.0,180.33036991399672,4319.0,,185.57045333569897,13,BE,BE,331.3266959944431
Valeyres-Sous-Rances,86323.0,,185.0,90.97632152354174,578.0,,162.41999515826467,20,BL,BL,320.06920415224914
Valeyres-Sous-Montagny,78095.0,,121.0,280.6712569908094,707.0,,144.51190702668416,16,SO,SO,171.14568599717114
Ursins,82355.0,,131.0,73.07323670657662,232.0,,185.0035238796091,10,AR,AR,564.6551724137931
Valeyres-Sous-Ursins,156020.0,,39.0,83.27914282727374,235.0,,200.0,7,LU,LU,165.95744680851064
Vevey,63308.0,,14283.0,7990.4457404818895,20142.0,49.3,88.7127904669766,30,BS,BS,709.1152815013405
Vaulion,62017.0,,166.0,36.282217186569426,488.0,,192.1721488878974,6,NE,NE,340.1639344262295
Vaux-Sur-Morges,112889.0,,103.0,85.04818439365816,185.0,,180.2655999593469,11,AR,AR,556.7567567567568
Veytaux,73272.0,,282.0,124.1062155513338,1038.0,,177.10899605139315,3,BS,BS,271.67630057803467
Trey,67457.0,,80.0,85.26480688392658,318.0,,192.8218342393642,9,ZG,ZG,251.57232704402514
Treycovagnes,75202.0,,80.0,238.78980399993785,515.0,,172.92919377602763,11,GL,GL,155.3398058252427
Trélex,152700.0,,230.0,264.5405227012778,1426.0,,181.0002711135998,9,FR,FR,161.29032258064515
Tolochenaz,88972.0,,2597.0,1113.4232266187598,1934.0,,172.1254810577742,17,ZG,ZG,1342.8128231644262
Treytorrens (Payerne),60567.0,,24.0,41.37971462939581,108.0,,169.5152462780188,10,AI,AI,222.2222222222222
Villars-Sous-Yens,84656.0,,95.0,192.00359257220387,602.0,,192.69797741409118,5,FR,FR,157.80730897009968
Villars-Epeney,99236.0,,7.0,127.28576656379698,108.0,,175.9316522598635,16,GE,GE,64.81481481481481
Villars-Sainte-Croix,90159.0,6197.058823529412,1611.0,667.7662972113575,953.0,,161.05068302194113,11,FR,FR,1690.4512067156347
Villars-Le-Terroir,77271.0,,243.0,178.8577250609577,1308.0,,186.01504024469295,7,FR,FR,185.77981651376146
Villars-Le-Comte,65026.0,,32.0,32.181817516904594,132.0,,166.16457059414788,12,ZG,ZG,242.42424242424244
Vich,103789.0,,586.0,506.1895808454779,1182.0,,174.653857290642,13,BE,BE,495.76988155668363
Tartegnin,91344.0,,65.0,205.3135137354741,235.0,,177.52863424937013,11,TI,TI,276.59574468085106
Suchy,81755.0,,122.0,108.36323946265561,663.0,,195.06046884328578,2,BL,BL,184.01206636500754
Tannay,170030.0,,164.0,636.3543093961213,1746.0,,179.86587867178062,8,BL,BL,93.92898052691866
Syens,86858.0,,32.0,54.21294738023113,151.0,,179.0147167775083,8,VS,VS,211.9205298013245
Suscévaz,72581.0,,31.0,58.831434238713065,234.0,,191.60389901214901,7,NW,NW,132.47863247863248
Sullens,83566.0,7569.927697441602,196.0,289.79162894569265,1226.0,,197.55427681060283,7,NW,NW,159.8694942903752
Vullierens,78068.0,,153.0,75.07718229432987,547.0,,187.5191258402272,9,FR,FR,279.7074954296161
Vulliens,69596.0,,115.0,98.5798458685273,628.0,,179.03899490401747,4,ZH,ZH,183.12101910828025
Vuiteboeuf,64062.0,,233.0,104.89047623065989,608.0,,159.13413091160442,17,AI,AI,383.2236842105263
Vugelles-La Mothe,63898.0,,24.0,47.14264703057023,146.0,,163.49411849688465,14,NE,NE,164.3835616438356
Vufflens-Le-Château,135837.0,,200.0,349.9517927817112,837.0,,171.43610893620536,16,NE,NE,238.94862604540023
Vufflens-La-Ville,94356.0,,952.0,283.06876493322204,1342.0,,167.63521709673702,14,TG,TG,709.3889716840537
Vucherens,77875.0,,166.0,221.30287882616105,621.0,,174.67834279825024,14,VS,VS,267.3107890499195
Vuarrens,82414.0,,181.0,134.06570599440315,1119.0,,179.32840945600026,11,TI,TI,161.75156389633602
Yvorne,68414.0,,571.0,99.32810226226695,1109.0,,186.8205561246861,12,LU,LU,514.8782687105501
Yvonand,67463.0,,1139.0,254.46793948538098,3524.0,,176.0468758692703,12,SO,SO,323.2122587968218
Yens,106173.0,,411.0,147.69441670244413,1498.0,,185.62062351947014,8,OW,OW,274.3658210947931
Villeneuve (Vd),63860.0,,3001.0,192.24590361670923,6039.0,,178.78169259063478,17,BE,BE,496.936578903792
Vinzel,110691.0,,133.0,368.28013652059013,387.0,,146.1732764272662,20,VS,VS,343.66925064599485
Blenio,54448.0,,600.0,8.564918177703174,1747.0,,165.8211289696494,14,NW,NW,343.4459072696051
Cevio,53485.0,,739.0,7.404029820166612,1111.0,,177.7630972288668,6,GR,GR,665.1665166516651
Rapperswil-Jona,86127.0,,18225.0,1325.2959695563156,28779.0,33.9,146.7362211128606,13,VD,VD,633.2742624830605
Saas-Almagell,60110.0,,148.0,3.4939557424346943,385.0,,188.96797213771458,8,UR,UR,384.4155844155844
Saas-Balen,60934.0,,121.0,11.195832812530114,341.0,,200.0,5,GR,GR,354.8387096774194
Saas-Fee,63447.0,,1561.0,40.131499015124504,1638.0,,197.83227832236568,4,AI,AI,952.9914529914529
Saas-Grund,60392.0,,513.0,43.5432103024801,1057.0,,176.31026530500466,11,BS,BS,485.3358561967833
Capriasca,68753.0,,1525.0,185.30743757760888,6717.0,,200.0,10,AI,AI,227.03587911269912
Bioggio,75006.0,,4694.0,447.28718168514683,2801.0,,177.1334794021922,12,FR,FR,1675.8300606926098
Avegno Gordevio,61967.0,,463.0,57.75578707150637,1534.0,,174.29339267956883,7,TI,TI,301.82529335071706
Thayngen,68296.0,6737.5,2571.0,276.819073315356,5881.0,,167.64819581452468,12,GR,GR,437.170549226322
Schaffhausen,68374.0,7336.194582043344,28936.0,953.8697812050785,38964.0,38.6,164.58415403175016,11,NW,NW,742.6342264654553
Obergoms,59523.0,,395.0,4.199986786195419,663.0,,174.13833008397083,10,JU,JU,595.7767722473604
Gampel-Bratsch,60677.0,,718.0,100.99474202585385,2247.0,,181.41238467645485,8,OW,OW,319.537160658656
Mörel-Filet,58718.0,,291.0,71.75490905443432,759.0,,181.59850226903885,8,TI,TI,383.399209486166
Steg-Hohtenn,61793.0,,1015.0,117.71062384414186,1726.0,,178.71103213240892,6,AG,AG,588.0648899188876
Anniviers,69054.0,13752.236842105263,1654.0,11.413582679891736,2790.0,,186.43271701059092,8,AG,AG,592.831541218638
Clos Du Doubs,54730.0,,714.0,20.768454641348658,1304.0,,197.63155959526176,4,GE,GE,547.5460122699386
Saignelégier,61817.0,,1935.0,79.34282724689548,2531.0,,193.34659407317082,1,ZH,ZH,764.51995258791
Montfaucon,63575.0,,215.0,28.434116576747538,564.0,,157.41089804726658,21,AR,AR,381.20567375886526
Muriaux,70777.0,,205.0,29.972437090523954,518.0,,141.35799175194072,21,BE,BE,395.7528957528957
La Baroche,55531.0,,433.0,35.022907836014596,1135.0,,193.623960030803,5,TI,TI,381.4977973568282
Basse-Allaine,60146.0,,473.0,53.0600676314172,1197.0,,158.9000999578294,14,LU,LU,395.15455304928986
Centovalli,54555.0,,442.0,21.02533112243789,1070.0,,176.39745238875778,7,BL,BL,413.0841121495327
Breggia,68862.0,,303.0,73.27828423455537,1889.0,,161.62080895385955,19,TG,TG,160.40232927474855
Twann-Tüscherz,80258.0,,330.0,99.80594849727773,1174.0,,151.84000398190958,21,GE,GE,281.09028960817716
Aarberg,68703.0,,3155.0,597.2612469173014,4620.0,,181.31356469032156,10,BE,BE,682.9004329004329
Bargen (Be),65191.0,,339.0,128.77010916791482,1096.0,,189.9264333344734,10,LU,LU,309.30656934306575
Grossaffoltern,70594.0,,728.0,223.05795085524744,3070.0,,168.8152234742742,13,TI,TI,237.13355048859935
Kappelen,75424.0,,745.0,137.68652052872798,1409.0,,139.5716972624744,14,LU,LU,528.7437899219304
Meikirch,84445.0,,479.0,232.7013195328324,2600.0,,169.1591407923868,11,LU,LU,184.23076923076923
Radelfingen,70350.0,,260.0,93.85679862859514,1285.0,,184.81467580188522,9,BS,BS,202.33463035019454
Schüpfen,71529.0,,1316.0,194.3721306321463,3784.0,,155.60663351751208,14,OW,OW,347.7801268498943
Seedorf (Be),71782.0,,1267.0,155.88279001956943,3235.0,,180.9800333928979,9,AI,AI,391.65378670788255
Aarwangen,66722.0,2948.791866028708,1550.0,491.6788318677469,4813.0,,174.16712173184013,11,ZG,ZG,322.0444629129441
Auswil,55507.0,,141.0,120.89462018940158,477.0,,187.31837134495026,8,AG,AG,295.5974842767296
Bannwil,63938.0,5210.1,239.0,135.42344088994477,678.0,,180.25686856237667,10,GR,GR,352.5073746312684
Bleienbach,63035.0,,422.0,133.241278832348,779.0,,163.8920366997138,10,AI,AI,541.7201540436457
Busswil Bei Melchnau,65763.0,,45.0,65.67370140146096,166.0,,197.20787759608746,4,NE,NE,271.0843373493976
Gondiswil,58442.0,,230.0,85.219206590534,731.0,,176.65826389299215,6,SH,SH,314.63748290013683
Lotzwil,63363.0,3130.5555555555557,917.0,462.05284976789704,2779.0,,174.32536019787287,14,TG,TG,329.9748110831234
Melchnau,63968.0,,654.0,148.21055525698105,1518.0,,164.3181881335578,7,LU,LU,430.8300395256917
Oeschenbach,53982.0,,94.0,68.14653667260455,234.0,,172.58184570528365,15,ZG,ZG,401.70940170940173
Reisiswil,62079.0,,57.0,82.11976013648489,178.0,,165.79954468227297,17,GE,GE,320.2247191011236
Roggwil (Be),62048.0,,1761.0,501.8198606510201,4432.0,,171.6868261770799,10,VD,VD,397.3375451263538
Rohrbach,57584.0,,604.0,366.32537390846954,1599.0,,200.0,1,NE,NE,377.7360850531582
Rohrbachgraben,54413.0,,160.0,51.00465000947663,375.0,,158.8482243722423,13,BL,BL,426.6666666666667
Rütschelen,62340.0,,84.0,165.35382735867148,582.0,,153.91810869468492,15,GR,GR,144.3298969072165
Schwarzhäusern,68970.0,,79.0,137.05072646127365,519.0,,200.0,2,UR,UR,152.21579961464354
Thunstetten,65114.0,,1582.0,362.1769896448379,3587.0,,172.73508270323592,10,GL,GL,441.03707833844436
Ursenbach,55933.0,,462.0,96.65073624206738,903.0,,168.86963389564312,17,SH,SH,511.6279069767442
Wynau,62992.0,,341.0,320.58944732999026,1701.0,,191.94819941489428,9,VS,VS,200.4703115814227
Bern,72150.0,10349.982350849115,201797.0,2673.776975185046,137995.0,53.3,140.40548913515437,16,TI,TI,1462.3500851480126
Bolligen,90737.0,,1765.0,387.4736233440275,6374.0,,200.0,1,VD,VD,276.9061813617822
Bremgarten Bei Bern,94320.0,,717.0,2531.954913575004,4424.0,,161.27740494569036,13,SO,SO,162.07052441229655
Kirchlindach,91923.0,,946.0,264.2236197014653,3341.0,,169.67433249526735,11,LU,LU,283.1487578569291
Köniz,76493.0,,22364.0,866.44929227395,43508.0,45.7,200.0,7,SO,SO,514.0204100395329
Muri Bei Bern,106448.0,,11087.0,1746.7501460030637,13712.0,45.8,150.985328605539,14,LU,LU,808.5618436406068
Oberbalm,62332.0,,289.0,74.5183636938951,865.0,,190.2897803288795,9,BS,BS,334.1040462427746
Stettlen,84129.0,5818.75,847.0,903.1153878025247,3384.0,,174.18991214939248,17,BE,BE,250.29550827423168
Vechigen,78247.0,,1417.0,244.849702030407,5982.0,,196.74026199569605,8,GR,GR,236.87729856235373
Wohlen Bei Bern,85193.0,,2138.0,264.80600157714036,9283.0,,200.0,5,GL,GL,230.31347624690292
Zollikofen,74613.0,,10374.0,2548.720280093167,11591.0,47.0,151.39721476937763,15,SG,SG,895.0047450608231
Ittigen,77156.0,11642.4,12931.0,2509.536826790012,11546.0,48.6,140.06313481172134,17,SH,SH,1119.954962757665
Ostermundigen,65225.0,,8376.0,3214.9486868681906,18326.0,49.1,150.2122268555848,20,GL,GL,457.0555494925243
Biel/Bienne,61768.0,7015.3885762321015,44295.0,2773.4163490259184,56896.0,41.4,138.18668143211133,17,AI,AI,778.5257311586051
Evilard,99605.0,7122.715384615385,352.0,622.9366103972269,2657.0,,200.0,5,SG,SG,132.48024087316523
Arch,65957.0,4231.818181818182,569.0,270.29429298552986,1744.0,,178.97174130794684,10,SH,SH,326.2614678899082
Büetigen,69691.0,4111.40625,148.0,274.03175061698,916.0,,171.40122773886614,10,JU,JU,161.5720524017467
Büren An Der Aare,70510.0,,2317.0,303.2727802400652,3806.0,,179.31749072515342,6,GR,GR,608.7756174461377
Diessbach Bei Büren,74993.0,,296.0,147.52998436249308,1052.0,,158.1180813934928,15,TG,TG,281.3688212927757
Dotzigen,65819.0,,822.0,436.0304067735944,1580.0,,160.45774478238144,14,UR,UR,520.253164556962
Lengnau (Be),65408.0,,1773.0,731.0406965741073,5798.0,,189.6708382490027,9,BS,BS,305.7951017592273
Leuzigen,67021.0,,275.0,132.5005754915701,1361.0,,168.6431112128471,10,NE,NE,202.0573108008817
Meienried,82954.0,,24.0,62.706167151539354,57.0,,163.5895125542693,17,TG,TG,421.05263157894734
Meinisberg,68960.0,,257.0,333.77246733199104,1453.0,,184.24894590338084,6,GL,GL,176.87543014452856
Oberwil Bei Büren,71821.0,,176.0,132.7284108760655,904.0,,196.2794871438271,11,LU,LU,194.69026548672565
Pieterlen,62733.0,7030.434782608696,1372.0,708.0893987301498,5216.0,,182.7109014936423,4,SO,SO,263.0368098159509
Rüti Bei Büren,61327.0,,537.0,136.02931979085884,870.0,,193.39696266070365,8,BL,BL,617.2413793103449
Wengi,66004.0,,166.0,93.02455451451983,633.0,,167.59518884746322,14,SH,SH,262.2432859399684
Aefligen,62115.0,,284.0,640.9825046403142,1140.0,,151.36541772882225,13,TI,TI,249.12280701754386
Alchenstorf,64916.0,,137.0,89.15589407295413,634.0,,200.0,6,GR,GR,216.08832807570977
Bäriswil,76455.0,,183.0,555.9339727288939,1119.0,,168.82314665859832,16,AG,AG,163.53887399463807
Burgdorf,66404.0,6474.876533742332,14800.0,1136.6669450488382,17292.0,30.4,163.2722087480131,7,GL,GL,855.8871154291002
Hasle Bei Burgdorf,62147.0,,1428.0,161.4086869614447,3402.0,,198.0894726699281,7,GL,GL,419.75308641975306
Heimiswil,60041.0,,449.0,77.81087672342554,1629.0,,187.4642182723463,1,OW,OW,275.6292203806016
Hellsau,65614.0,,129.0,175.6889398450968,213.0,,184.8418785276675,6,BL,BL,605.6338028169014
Höchstetten,62532.0,,85.0,91.21381803566165,253.0,,200.0,10,BS,BS,335.9683794466403
Kernenried,70291.0,,136.0,164.6057807145833,534.0,,168.47729461002731,10,ZH,ZH,254.68164794007492
Kirchberg (Be),70272.0,,3253.0,621.7692117578357,5922.0,,186.82948527447022,4,SH,SH,549.3076663289429
Koppigen,68574.0,5030.948275862069,941.0,338.2429723386647,2281.0,,177.0033239585113,10,GR,GR,412.53836036825953
Krauchthal,68507.0,5303.529411764706,555.0,120.11235777077518,2381.0,,182.66681198470613,15,GL,GL,233.09533809323813
Lyssach,67247.0,,1769.0,243.89568463236137,1484.0,,200.0,1,NW,NW,1192.0485175202155
Oberburg,60444.0,,1246.0,209.41612647753496,2990.0,,185.2361272328913,5,VD,VD,416.7224080267559
Rüdtligen-Alchenflüh,61699.0,,1185.0,898.4776216828269,2490.0,,177.82790132218372,14,GE,GE,475.9036144578313
Rumendingen,61639.0,,148.0,37.235017306220726,91.0,,195.67152181737396,12,SG,SG,1626.3736263736264
Rüti Bei Lyssach,70841.0,,30.0,100.41775016186972,163.0,,173.3884363359224,11,AI,AI,184.04907975460122
Willadingen,67355.0,,39.0,97.42993743606159,196.0,,166.30868595626364,9,VS,VS,198.9795918367347
Wynigen,62966.0,,804.0,70.740918955055,2097.0,,163.5293285950369,19,SH,SH,383.4048640915594
Corgémont,66850.0,,795.0,101.64413154616986,1819.0,,149.35338019587897,21,BE,BE,437.0533260032985
Cormoret,65015.0,,141.0,35.27342339100814,511.0,,200.0,7,NE,NE,275.92954990215264
Cortébert,60663.0,2563.953488372093,233.0,45.77575442778122,660.0,,162.93830003206986,11,NW,NW,353.030303030303
Courtelary,68643.0,,831.0,66.4692815339034,1447.0,,175.9314197545907,10,ZG,ZG,574.2916378714582
La Ferrière,59911.0,,192.0,35.153269860298465,548.0,,175.45547387714274,10,VS,VS,350.3649635036497
Mont-Tramelan,51327.0,,48.0,21.688829002536618,111.0,,184.37246054341873,10,TI,TI,432.43243243243245
Orvin,71256.0,,516.0,63.976485899582514,1260.0,,191.5147357273124,11,NE,NE,409.5238095238095
Renan (Be),59436.0,,244.0,64.54358321222988,957.0,,192.17930686541052,9,BE,BE,254.96342737722048
Romont (Be),71934.0,,33.0,33.682369304966485,232.0,,170.87830104619167,8,SG,SG,142.24137931034483
Saint-Imier,58550.0,,3934.0,255.76391424611919,5177.0,,174.5827392335482,15,BL,BL,759.8995557272552
Sonceboz-Sombeval,65342.0,,1698.0,124.15163590754065,1909.0,,182.83052166658655,10,BE,BE,889.4709271870089
Sonvilier,57031.0,,306.0,51.42100320987506,1221.0,,175.69162225754874,13,ZH,ZH,250.61425061425064
Tramelan,65430.0,3906.4926686217004,2617.0,202.55626322573357,4727.0,,200.0,9,GR,GR,553.6280939284959
Villeret,67132.0,3274.090909090909,1388.0,57.064087880424545,924.0,,186.72220175902598,5,BE,BE,1502.1645021645022
Brüttelen,66177.0,,322.0,95.15431476572296,641.0,,189.94597231810286,7,NE,NE,502.3400936037441
Erlach,74591.0,,384.0,501.7563508640877,1394.0,,184.2249610235031,7,SO,SO,275.4662840746054
Finsterhennen,64973.0,,149.0,136.26818343514398,570.0,,196.05562878287677,1,TI,TI,261.4035087719298
Gals,77481.0,,632.0,114.32279002258423,849.0,,181.41933484488084,10,GE,GE,744.4051825677267
Gampelen,69948.0,,622.0,94.62133438379163,1016.0,,159.47640988752622,22,NW,NW,612.2047244094489
Ins,75978.0,,1889.0,158.37337285153401,3777.0,,184.1965256991678,3,ZH,ZH,500.1323801959227
Lüscherz,73016.0,,141.0,106.25525827627177,572.0,,169.02574300555915,12,BL,BL,246.5034965034965
Müntschemier,69845.0,,1021.0,317.9469403910112,1652.0,,168.45054115311044,14,ZG,ZG,618.0387409200968
Siselen,68093.0,,181.0,126.93803598984096,633.0,,187.35547798066418,8,NE,NE,285.9399684044234
Treiten,66976.0,,148.0,100.71261232515302,428.0,,197.4336077155954,5,TI,TI,345.7943925233645
Tschugg,78602.0,,381.0,113.70936891986625,497.0,,179.03008686660684,6,JU,JU,766.5995975855132
Vinelz,76688.0,,192.0,177.1278694683913,910.0,,182.61963281088052,10,GL,GL,210.98901098901098
Bätterkinden,68842.0,,1010.0,309.3098979992186,3375.0,,200.0,3,ZH,ZH,299.2592592592593
Deisswil Bei Münchenbuchsee,83406.0,,201.0,40.65016349734877,85.0,,183.15622806520417,2,VS,VS,2364.705882352941
Iffwil,83361.0,,173.0,76.64509437379365,445.0,,200.0,9,UR,UR,388.76404494382024
Mattstetten,81366.0,7739.117647058823,200.0,135.49104077082904,599.0,,186.94503611765916,11,ZH,ZH,333.889816360601
Moosseedorf,70581.0,,5096.0,630.1903971268778,4155.0,,146.40432032150946,17,TI,TI,1226.47412755716
Urtenen-Schönbühl,66894.0,,3952.0,894.8436947608104,6545.0,,181.0950630591754,10,GE,GE,603.8197097020627
Utzenstorf,67334.0,,1525.0,259.4114887404991,4469.0,,182.76530633040548,12,AR,AR,341.23965092861937
Wiggiswil,65847.0,,30.0,76.78971017883603,96.0,,198.47871530848906,6,TI,TI,312.5
Wiler Bei Utzenstorf,65685.0,,321.0,304.6385199763315,1032.0,,186.62941749047368,11,TG,TG,311.04651162790697
Zielebach,62835.0,4895.545454545455,55.0,190.86895900483407,323.0,,175.75345341990527,10,GR,GR,170.27863777089783
Zuzwil (Be),82382.0,,91.0,160.37869020890986,555.0,,159.81384365409986,18,BE,BE,163.96396396396395
Adelboden,57528.0,,2448.0,38.43587991234705,3420.0,,176.43485593399546,11,SG,SG,715.7894736842105
Aeschi Bei Spiez,62957.0,,980.0,64.1571542877599,2325.0,,166.51880852915954,13,FR,FR,421.505376344086
Frutigen,58858.0,,4594.0,97.31856295788153,7100.0,,170.19025047712563,8,SO,SO,647.0422535211268
Kandergrund,53834.0,,279.0,26.659467074620142,810.0,,188.5332999606535,8,VD,VD,344.44444444444446
Kandersteg,62462.0,,727.0,9.825538078687508,1299.0,,200.0,3,AI,AI,559.6612779060815
Krattigen,62702.0,,299.0,184.42650375332417,1130.0,,183.82390202078432,7,LU,LU,264.6017699115044
Reichenbach Im Kandertal,60847.0,,1478.0,30.92830853154047,3792.0,,161.71765227466935,11,BL,BL,389.7679324894515
Beatenberg,55087.0,,614.0,42.134260392197625,1229.0,,186.1970305204076,5,OW,OW,499.593165174939
Bönigen,61604.0,,800.0,171.78612062974543,2786.0,,195.99758206028432,12,NW,NW,287.1500358937545
Brienz (Be),62028.0,,1613.0,66.32912016438866,3256.0,,170.10508038265073,16,UR,UR,495.3931203931204
Brienzwiler,57373.0,,107.0,28.413568219567672,514.0,,177.67434461832283,16,AI,AI,208.17120622568095
Därligen,61906.0,,79.0,55.65940405101452,416.0,,179.59393383935875,6,TG,TG,189.90384615384613
Grindelwald,65440.0,13870.161290322581,3449.0,23.392097733511715,3930.0,,167.9684438187826,12,VD,VD,877.6081424936388
Gsteigwiler,62203.0,,157.0,64.77066875121258,436.0,,188.99381903307204,4,SO,SO,360.0917431192661
Gündlischwand,53192.0,,127.0,20.910930090020656,344.0,,177.9560169917722,8,BS,BS,369.1860465116279
Habkern,48678.0,,292.0,12.555081177082974,629.0,,186.15860175625198,5,FR,FR,464.2289348171701
Hofstetten Bei Brienz,55279.0,,395.0,59.21752050532583,529.0,,166.0206149660162,16,BE,BE,746.6918714555766
Interlaken,61456.0,,7176.0,1129.9272331263178,6123.0,16.9,160.54975835028682,13,BS,BS,1171.9745222929937
Iseltwald,61590.0,,107.0,17.72444326898537,401.0,,190.64233099443067,10,NW,NW,266.83291770573567
Lauterbrunnen,60524.0,,2306.0,14.092986455702903,2331.0,,174.2555637573292,13,VS,VS,989.2749892749893
Leissigen,69206.0,,225.0,126.49204186603158,1205.0,,200.0,12,SH,SH,186.7219917012448
Lütschental,51406.0,,122.0,15.697030644230894,239.0,,173.83520926847785,6,TI,TI,510.4602510460251
Matten Bei Interlaken,60815.0,,1451.0,645.6875830918639,4201.0,,176.00914360226665,14,LU,LU,345.3939538205189
Niederried Bei Interlaken,58669.0,,59.0,84.50318878324066,366.0,,193.0332427837443,10,VS,VS,161.20218579234975
Oberried Am Brienzersee,54814.0,,160.0,23.170815832382413,481.0,,158.46895829135843,11,VD,VD,332.64033264033264
Ringgenberg (Be),62279.0,,773.0,311.6798776477455,2655.0,,150.0391931167925,19,AR,AR,291.1487758945386
Saxeten,44533.0,,30.0,5.271991311543135,98.0,,157.06390149942388,16,BS,BS,306.12244897959187
Schwanden Bei Brienz,60783.0,,96.0,103.11848514622989,668.0,,197.7706619247087,5,ZG,ZG,143.7125748502994
Unterseen,67499.0,,3516.0,445.7287658109572,5708.0,,166.6433835280951,10,TI,TI,615.9775753328661
Wilderswil,61284.0,,1322.0,243.08309027191515,2768.0,,200.0,3,NW,NW,477.60115606936415
Arni (Be),59756.0,,259.0,92.3275132091508,983.0,,170.49135741056708,18,GE,GE,263.4791454730417
Biglen,66367.0,,775.0,503.12208124472835,1856.0,,177.0344227324796,10,TI,TI,417.56465517241384
Bowil,56688.0,,417.0,91.06756755709806,1293.0,,200.0,7,BE,BE,322.5058004640371
Brenzikofen,64601.0,,127.0,239.1487915260716,534.0,,200.0,3,BL,BL,237.82771535580525
Freimettigen,65725.0,,96.0,142.0803161522267,453.0,,200.0,3,NE,NE,211.9205298013245
Häutligen,70891.0,,57.0,110.1350882933649,268.0,,196.87730446198677,9,AR,AR,212.6865671641791
Herbligen,68661.0,,178.0,239.79184569094988,640.0,,192.63281225627145,3,ZH,ZH,278.125
Kiesen,74162.0,,405.0,218.3604969580527,990.0,,186.40440170846765,7,BL,BL,409.0909090909091
Konolfingen,68379.0,11411.842105263158,3100.0,440.7914959788324,5485.0,,186.6530271669739,8,BS,BS,565.1777575205105
Landiswil,53738.0,,330.0,66.1973772025371,623.0,,170.98554195163865,12,UR,UR,529.6950240770465
Linden,60637.0,,563.0,94.23978007465786,1275.0,,166.66026101766104,12,NW,NW,441.5686274509804
Mirchel,68107.0,,131.0,304.2489917345691,561.0,,176.48552653897474,11,SH,SH,233.51158645276294
Niederhünigen,63905.0,,122.0,137.02799404719516,710.0,,175.89207890277754,12,SG,SG,171.83098591549296
Oberthal,60103.0,,352.0,66.61270974275983,706.0,,172.4501662408329,13,ZH,ZH,498.5835694050991
Oppligen,68865.0,,215.0,176.17304291773704,660.0,,188.44384797736384,5,AR,AR,325.75757575757575
Rubigen,73300.0,,1410.0,416.5991588410971,2894.0,,189.58332690867698,7,JU,JU,487.2149274360746
Walkringen,61066.0,,993.0,105.73004250949555,1829.0,,180.12819465894484,13,OW,OW,542.9196282121378
Worb,71448.0,9377.083333333332,3915.0,514.3090730423145,11595.0,40.8,196.3014131074524,9,OW,OW,337.6455368693402
Zäziwil,61923.0,,484.0,294.57710568986806,1668.0,,159.5212041619329,10,GE,GE,290.16786570743403
Oberhünigen,55421.0,,81.0,55.05286976722886,333.0,,176.475642172487,11,GR,GR,243.24324324324326
Allmendingen,96142.0,,227.0,157.0219662514931,532.0,,167.46429692737132,6,ZG,ZG,426.69172932330827
Wichtrach,68348.0,,1162.0,393.1328430180868,4466.0,,147.52355027972882,17,FR,FR,260.1880877742947
Ferenbalm,69633.0,,384.0,124.13335746652238,1253.0,,177.35182075659762,16,GL,GL,306.46448523543495
Frauenkappelen,76331.0,,457.0,154.94166683399314,1470.0,,176.4141642002331,7,TG,TG,310.88435374149657
Gurbrü,64317.0,,67.0,130.73141074155424,249.0,,200.0,3,JU,JU,269.07630522088357
Kriechenwil,64152.0,,115.0,78.77888527756559,437.0,,188.5718942931553,10,ZH,ZH,263.1578947368421
Laupen,68486.0,,1338.0,719.4814214456057,3285.0,,156.43376789852513,10,UR,UR,407.3059360730594
Mühleberg,71565.0,,1246.0,117.4410768690717,3097.0,,200.0,3,TG,TG,402.3248304811107
Münchenwiler,77773.0,,207.0,280.64802966468767,588.0,,195.12103647671552,8,BL,BL,352.0408163265306
Neuenegg,69014.0,,2097.0,259.22677087793977,5730.0,,185.7815045278921,6,BS,BS,365.9685863874346
Wileroltigen,70926.0,,75.0,99.0974697938525,380.0,,175.4805358267816,10,TI,TI,197.3684210526316
Belprahon,65559.0,3421.090909090909,123.0,80.34577681000383,266.0,,164.70024555824787,15,GR,GR,462.406015037594
Champoz,67773.0,,29.0,20.85099876284074,150.0,,174.18782165189464,12,SG,SG,193.33333333333334
Corcelles (Be),63000.0,,57.0,25.897939700546022,186.0,,196.04454546542982,7,AR,AR,306.4516129032258
Court,61051.0,3801.7241379310344,763.0,57.52905436289115,1371.0,,200.0,4,SG,SG,556.5280816921954
Crémines,61924.0,,287.0,56.767914056126656,537.0,,200.0,6,VD,VD,534.4506517690876
Eschert,59337.0,,147.0,60.593250193757484,387.0,,171.98455336253323,11,VS,VS,379.8449612403101
Grandval,65219.0,,87.0,47.13378349189337,381.0,,162.6766631144625,15,NE,NE,228.3464566929134
Loveresse,61141.0,,305.0,71.29939506253405,358.0,,181.30838561453535,8,GR,GR,851.9553072625698
Perrefitte,65759.0,,90.0,54.468520854549816,480.0,,152.86061349178914,15,TG,TG,187.5
Reconvilier,57760.0,2478.0,850.0,294.3327038134511,2506.0,,181.49684625457783,6,AR,AR,339.1859537110934
Roches (Be),63647.0,,49.0,21.015106670921035,191.0,,177.55501132727076,10,AR,AR,256.544502617801
Saicourt,60497.0,,152.0,49.4205761538284,644.0,,172.45427502751912,9,TG,TG,236.0248447204969
Saules (Be),56658.0,,19.0,36.61960600601735,148.0,,155.67039021660793,12,VS,VS,128.37837837837836
Schelten,47880.0,,24.0,6.783018036044958,33.0,,187.63550055652925,9,NW,NW,727.2727272727273
Seehof,38789.0,,33.0,7.425456726543924,67.0,,171.93365339736724,12,AG,AG,492.5373134328358
Sorvilier,59923.0,,66.0,42.81070532060536,300.0,,161.97151683954036,16,LU,LU,220.0
Tavannes,60091.0,,1591.0,231.66173473925016,3505.0,,134.28074041364215,18,OW,OW,453.922967189729
Rebévelier,50479.0,,19.0,9.655063794325418,32.0,,179.4859930898276,11,BS,BS,593.75
La Neuveville,75279.0,,1612.0,549.7249380186911,3804.0,22.2,200.0,7,LU,LU,423.7644584647739
Nods,68110.0,,184.0,29.100108886412144,768.0,,200.0,6,FR,FR,239.58333333333334
Aegerten,61205.0,5880.0,383.0,1231.5053222891258,2473.0,,159.09574974239735,12,TI,TI,154.87262434290335
Bellmund,96794.0,5818.75,213.0,425.023303890864,1801.0,,166.1244124477065,13,ZH,ZH,118.26762909494725
Brügg,64274.0,,3358.0,952.6417215895349,4650.0,,176.16683056852088,11,FR,FR,722.1505376344086
Bühl,78744.0,,87.0,197.9178386386538,482.0,,162.77405380924242,13,NW,NW,180.49792531120332
Epsach,61404.0,,88.0,113.76486480941898,366.0,,183.23725826804846,3,AG,AG,240.43715846994533
Hagneck,70616.0,,100.0,251.7874618312701,436.0,,188.6261573991489,8,NE,NE,229.35779816513764
Hermrigen,68749.0,,89.0,94.7343918322714,315.0,,197.33159699741122,12,FR,FR,282.53968253968253
Jens,73372.0,,120.0,134.58579900192333,660.0,,176.9704129557473,9,VD,VD,181.8181818181818
Ipsach,75484.0,8575.0,743.0,2303.2523690212297,3869.0,,150.66388215382128,14,JU,JU,192.03928663737398
Ligerz,85607.0,,187.0,193.00421950897595,525.0,,164.63618194831736,14,UR,UR,356.19047619047615
Merzligen,77247.0,,50.0,154.8265942144798,403.0,,165.83848498479867,14,ZG,ZG,124.06947890818859
Mörigen,102470.0,,165.0,416.30904412410393,881.0,,171.85987684795953,15,VS,VS,187.2871736662883
Nidau,63462.0,,2873.0,5339.326732762038,7053.0,,124.57491258381414,18,SO,SO,407.3443924571105
Orpund,65256.0,8617.241379310344,934.0,950.842325648133,3373.0,,182.85952490364792,11,AG,AG,276.90483249332937
Port,77419.0,4900.0,1046.0,1500.1285041360236,3904.0,,150.83837305291195,18,UR,UR,267.93032786885243
Safnern,70965.0,5603.294117647059,564.0,361.00265723929664,2057.0,,198.27867053659844,5,SH,SH,274.1857073407876
Scheuren,77695.0,,119.0,236.76248761699,535.0,,173.23959825037213,12,LU,LU,222.42990654205607
Schwadernau,68926.0,,201.0,165.24802830962165,690.0,,177.80222786602963,13,NW,NW,291.30434782608694
Studen (Be),65748.0,,1797.0,1231.8481326634615,3537.0,,154.740105475395,18,VS,VS,508.0576759966073
Sutz-Lattrigen,80374.0,,628.0,391.24912624979686,1398.0,,139.1794968747773,15,FR,FR,449.21316165951356
Täuffelen,73138.0,,1139.0,680.3809554188173,3084.0,,185.5035543036084,11,ZH,ZH,369.32555123216605
Walperswil,70740.0,5122.727272727273,336.0,137.74026614582831,1045.0,,189.4893766342993,7,LU,LU,321.5311004784689
Worben,69045.0,,906.0,933.5664538376225,2615.0,,165.13303353845816,13,NE,NE,346.46271510516254
Därstetten,56895.0,8122.894736842105,321.0,25.42707961379253,868.0,,180.72355145021533,10,LU,LU,369.815668202765
Diemtigen,57173.0,,1429.0,17.16653595577609,2304.0,,187.55206699469198,7,SO,SO,620.2256944444445
Erlenbach Im Simmental,57644.0,,688.0,46.95677863782358,1731.0,,156.034757140873,18,LU,LU,397.4581166955517
Oberwil Im Simmental,52979.0,,326.0,18.414080017286242,845.0,,171.86294876997607,11,GR,GR,385.7988165680473
Spiez,69758.0,7458.315789473684,5834.0,755.3333726909004,13342.0,29.5,183.30131677278638,5,SH,SH,437.26577724479085
Wimmis,60422.0,,1439.0,126.26523407234707,2735.0,,159.7533558914166,13,TI,TI,526.1425959780621
Guttannen,57377.0,,157.0,1.2047532671724177,241.0,,184.3985397347747,9,SG,SG,651.4522821576763
Hasliberg,54451.0,,924.0,27.54002417448198,1129.0,,159.3458459125953,18,SG,SG,818.4233835252436
Meiringen,62242.0,5775.0,2900.0,118.6621188357919,4814.0,,185.65093095029204,10,BE,BE,602.4096385542169
Schattenhalb,56301.0,,714.0,18.46250604740556,586.0,,179.26356394815036,7,JU,JU,1218.4300341296928
Boltigen,52861.0,,444.0,17.157627732974383,1272.0,,155.58610317136674,22,JU,JU,349.05660377358487
Lenk,60950.0,,1809.0,18.721138696815725,2322.0,,197.2663243977804,6,SO,SO,779.0697674418606
St. Stephan,54515.0,,639.0,21.933945015138672,1326.0,,168.7396886051009,16,SO,SO,481.9004524886878
Zweisimmen,61282.0,,1853.0,41.39425457083606,3059.0,,167.38265056469896,12,AG,AG,605.7535142203334
Gsteig,114678.0,,358.0,15.622926148687991,1028.0,,182.83913585953712,10,TG,TG,348.2490272373541
Lauenen,66726.0,,421.0,15.234823940210168,865.0,,197.0645880440961,8,FR,FR,486.7052023121387
Saanen,89134.0,,7049.0,57.27090300903756,6924.0,,164.11788955701886,17,NE,NE,1018.0531484690931
Guggisberg,54077.0,,570.0,28.23879576837579,1493.0,,180.61179476527082,13,AR,AR,381.78164768921636
Rüschegg,59409.0,,416.0,28.913447787259845,1738.0,,186.11114386534405,11,BE,BE,239.35558112773302
Burgistein,64427.0,9772.14090909091,290.0,152.65246146739142,1069.0,,188.66309053243575,7,JU,JU,271.28157156220766
Gerzensee,80136.0,,332.0,167.96889902842062,1301.0,,180.73830387003383,8,AI,AI,255.18831667947734
Gurzelen,62707.0,,148.0,175.78411302918468,876.0,,172.49705802821566,12,BL,BL,168.9497716894977
Jaberg,68081.0,,87.0,232.56771533101633,305.0,,164.94047920025528,16,TI,TI,285.24590163934425
Kaufdorf,75419.0,,175.0,676.9552385636989,1101.0,,173.5741336451033,10,BL,BL,158.9464123524069
Kehrsatz,78646.0,0.0,1199.0,989.06458845912,4670.0,,152.63739128017627,19,ZH,ZH,256.745182012848
Niedermuhlern,64679.0,,168.0,74.90602780020046,521.0,,135.33366759534283,24,UR,UR,322.45681381957775
Rüeggisberg,58427.0,,558.0,50.742576561005954,1745.0,,185.97812995446097,5,GR,GR,319.7707736389685
Seftigen,63401.0,,748.0,732.9850451982062,2188.0,,185.2014589349914,6,NE,NE,341.86471663619744
Toffen,71561.0,,496.0,537.1753177934025,2661.0,,138.43347397323723,18,GE,GE,186.39609169485155
Wattenwil,61902.0,,1058.0,210.4621654673744,3230.0,,162.4606905512963,14,SG,SG,327.55417956656345
Wald (Be),73446.0,,621.0,84.39308113397955,1198.0,,188.3329510186522,6,SO,SO,518.3639398998331
Eggiwil,52472.0,,1289.0,40.34256715605443,2451.0,,200.0,9,TI,TI,525.907792737658
Langnau Im Emmental,59795.0,,6125.0,199.82880535169207,9574.0,,178.03992873105094,11,SH,SH,639.753499059954
Lauperswil,56524.0,,1346.0,126.09727202232469,2712.0,,167.64957028392683,12,BS,BS,496.3126843657817
Röthenbach Im Emmental,54460.0,,590.0,31.973784640683213,1200.0,,176.90051824689255,6,TG,TG,491.66666666666663
Rüderswil,58397.0,,767.0,142.78986604189626,2390.0,,199.00222699198585,1,JU,JU,320.9205020920502
Schangnau,52970.0,,585.0,25.655737097818612,924.0,,170.02661804777617,13,SO,SO,633.1168831168831
Signau,55320.0,,995.0,131.12457279111166,2698.0,,166.5243513576163,6,OW,OW,368.7916975537435
Trub,52145.0,,633.0,19.89124876410819,1277.0,,172.54072530138984,14,JU,JU,495.6930305403289
Trubschachen,54579.0,,1013.0,95.25762139826834,1510.0,,164.62169723415812,12,GE,GE,670.8609271523179
Amsoldingen,69149.0,,126.0,174.01381218985534,834.0,,179.8627370379255,19,SH,SH,151.0791366906475
Blumenstein,61921.0,,357.0,82.41553376549611,1308.0,,200.0,12,VS,VS,272.93577981651373
Buchholterberg,62048.0,,506.0,101.73109565265638,1552.0,,183.69392550187163,8,NW,NW,326.03092783505156
Eriz,53639.0,,176.0,19.573303296289897,480.0,,176.0002047161641,10,GE,GE,366.66666666666663
Fahrni,67002.0,,223.0,116.64148641969409,800.0,,174.30037621463802,14,JU,JU,278.75
Heiligenschwendi,60889.0,,580.0,128.77415665206482,721.0,,155.09119760042572,20,VS,VS,804.4382801664354
Heimberg,64925.0,,2414.0,1395.5637038724042,7079.0,,177.3262343473141,5,TG,TG,341.0086170363046
Hilterfingen,87914.0,,944.0,1442.5083794061234,4095.0,,162.3761907513738,8,GL,GL,230.52503052503053
Homberg,59673.0,,177.0,77.41169357819685,500.0,,176.41812580982187,8,VD,VD,354.0
Horrenbach-Buchen,48276.0,,106.0,11.68128439476619,224.0,,200.0,7,BL,BL,473.2142857142857
Oberhofen Am Thunersee,87274.0,,731.0,773.8212261339946,2523.0,,175.65761493890255,12,LU,LU,289.734443123266
Oberlangenegg,58636.0,,252.0,53.92136007558627,473.0,,168.11658366212703,15,LU,LU,532.76955602537
Pohlern,57471.0,,60.0,24.879402886272622,247.0,,173.32957807625573,7,ZG,ZG,242.914979757085
Sigriswil,65839.0,,1823.0,87.58837484508626,4871.0,,196.2358508112202,1,VD,VD,374.255799630466
Teuffenthal (Be),54486.0,,69.0,37.6016771324668,154.0,,181.27878276324165,12,JU,JU,448.05194805194805
Thierachern,70872.0,7155.225,516.0,333.6423807033021,2539.0,,154.62646978401003,13,LU,LU,203.2296179598267
Thun,67098.0,,29489.0,2115.878958297045,44125.0,31.6,169.64615225555968,6,GE,GE,668.3059490084986
Uebeschi,62244.0,,240.0,144.37165961859336,707.0,,168.3388644100571,13,SO,SO,339.4625176803395
Uetendorf,66840.0,,3497.0,593.704113800954,6067.0,,200.0,7,AI,AI,576.3969012691609
Unterlangenegg,59856.0,,341.0,145.7978476641534,1072.0,,194.54546779006373,6,NW,NW,318.0970149253731
Wachseldorn,52143.0,,91.0,63.16154587087365,238.0,,172.57815104607766,10,TI,TI,382.35294117647055
Forst-Längenbühl,63161.0,,180.0,196.67100866097212,779.0,,196.97931247131118,5,AR,AR,231.06546854942235
Affoltern Im Emmental,55743.0,,489.0,99.69017019524044,1211.0,,179.88886472778273,8,UR,UR,403.7985136251032
Dürrenroth,54322.0,,429.0,76.3661700419344,1077.0,,191.9288635235922,3,ZH,ZH,398.32869080779943
Eriswil,51821.0,,393.0,124.97704586699648,1337.0,,185.85339322037535,6,BS,BS,293.94166043380704
Huttwil,58616.0,3895.5,3119.0,312.43681878008044,5135.0,,163.74733554469853,15,AR,AR,607.400194741967
Lützelflüh,60200.0,,1615.0,163.4921871339352,4372.0,,168.48953143359458,13,GR,GR,369.3961573650503
Rüegsau,61193.0,,1300.0,222.98074021620403,3295.0,,192.91317305161468,7,NE,NE,394.5371775417299
Sumiswald,56889.0,,2999.0,85.63400679791647,5209.0,,174.00984286716226,8,SH,SH,575.7343060088309
Trachselwald,55839.0,,349.0,54.4025194305636,916.0,,173.33323038436916,10,BS,BS,381.00436681222703
Walterswil (Be),53597.0,,203.0,71.26938246651987,555.0,,164.8685957923619,6,SH,SH,365.76576576576576
Wyssachen,52606.0,,593.0,93.0531517284623,1124.0,,185.30077474371868,9,TI,TI,527.5800711743772
Attiswil,66172.0,,445.0,195.34552931524405,1546.0,,200.0,9,SO,SO,287.83958602846053
Berken,53633.0,,44.0,30.646694150882805,47.0,,163.6461189126516,9,GR,GR,936.1702127659574
Farnern,65685.0,6762.0,72.0,54.335086401202105,226.0,,179.7520188815813,8,AR,AR,318.5840707964602
Graben,55133.0,,67.0,117.2308881474702,337.0,,199.85412599188118,6,AI,AI,198.81305637982197
Heimenhausen,64084.0,,192.0,222.19745260372488,1219.0,,176.27808057186957,14,UR,UR,157.50615258408533
Herzogenbuchsee,64922.0,3726.279069767442,4256.0,774.824143735146,7502.0,,177.95045068953462,9,SH,SH,567.3153825646494
Inkwil,64786.0,,129.0,198.96605347742477,676.0,,161.80196787254496,11,AR,AR,190.8284023668639
Niederönz,64549.0,,904.0,549.5984395428,1803.0,,180.16026615629585,4,SH,SH,501.38657792567943
Oberbipp,68924.0,,905.0,229.35096563848307,1955.0,,174.58388536948868,11,GL,GL,462.91560102301787
Ochlenberg,54530.0,,178.0,43.6865694037362,536.0,,194.29622196533296,12,FR,FR,332.089552238806
Rumisberg,70984.0,,79.0,95.4402593342219,493.0,,196.73033245364522,7,FR,FR,160.24340770791076
Thörigen,62887.0,,367.0,221.31942366418514,1193.0,,200.0,5,TI,TI,307.62782900251466
Walliswil Bei Niederbipp,64491.0,,77.0,150.7320689945492,222.0,,186.98292389096278,9,ZG,ZG,346.84684684684686
Walliswil Bei Wangen,69869.0,5271.724137931034,99.0,190.3004579255323,632.0,,182.72372695056805,9,ZG,ZG,156.64556962025316
Wiedlisbach,63334.0,,1275.0,345.4186559557183,2654.0,,178.9819864518073,7,OW,OW,480.4069329314243
Messen,75184.0,,453.0,124.43263527308495,1498.0,,173.29112061577882,13,SG,SG,302.40320427236315
Wildhaus-Alt St. Johann,57607.0,,1586.0,29.878692753823998,2601.0,,184.74513645013002,9,AG,AG,609.7654748173779
Aarau,77762.0,8085.0,36390.0,1755.5270500358447,22710.0,39.8,155.5398493868791,15,NE,NE,1602.3778071334214
Villmergen,68626.0,8130.8935406698565,4028.0,691.8669827384559,8242.0,,174.63868343853704,8,NE,NE,488.71633098762436
Mettauertal,71808.0,,743.0,103.1694563247944,2176.0,,198.5952816088628,9,SO,SO,341.4522058823529
Kaisten,75468.0,9395.217391304348,913.0,158.89987350038243,2946.0,,163.09705832556813,15,AR,AR,309.91174473862867
Laufenburg,72090.0,6241.0526315789475,2336.0,265.68873744891016,3858.0,,194.0744587916431,5,BL,BL,605.4950751684811
Gambarogno,61769.0,,2793.0,93.20008187296985,5024.0,,198.70183767025668,8,SG,SG,555.9315286624203
Monteceneri,62021.0,,3027.0,122.66786066061319,4729.0,,176.8377307087913,9,LU,LU,640.093042926623
Tägerwilen,77461.0,,3818.0,531.0445084539354,5453.0,,142.11961570587675,16,GR,GR,700.1650467632495
Steckborn,71915.0,4622.763157894737,1566.0,482.86749444178304,4054.0,,165.38001460652998,10,SH,SH,386.2851504686729
Stettfurt,93077.0,10376.470588235294,468.0,194.0941825288464,1276.0,,197.24839782094662,1,NE,NE,366.7711598746082
Uttwil,85021.0,,391.0,512.4289358296794,1921.0,,173.81690134218886,12,TG,TG,203.53982300884957
Altnau,72927.0,,942.0,338.95589924676227,2355.0,,161.15045606372368,8,LU,LU,400.0
Berlingen,81097.0,,341.0,282.93289360969305,957.0,,169.20782718204387,8,AI,AI,356.32183908045977
Güttingen,69890.0,,648.0,212.27263877662995,1799.0,,190.1952862967439,1,BL,BL,360.2001111728738
Gottlieben,102474.0,,125.0,455.5665107412606,347.0,,183.00996860837432,9,ZG,ZG,360.2305475504323
Egnach,72684.0,,1985.0,281.80434753929177,5180.0,,173.2083510372345,11,NE,NE,383.20463320463324
Dozwil,76690.0,,272.0,516.5471504521198,732.0,,168.61054970496286,11,VS,VS,371.58469945355193
Horn,75803.0,,1238.0,1573.76442710624,3165.0,,156.1691851130258,12,UR,UR,391.1532385466035
Eschenz,71426.0,7695.882352941177,651.0,173.59614387265646,1923.0,,164.1912969075289,9,VD,VD,338.53354134165363
Hefenhofen,66894.0,,825.0,260.4280608367993,1340.0,,200.0,6,BE,BE,615.6716417910447
Münchwilen (Tg),68044.0,,2818.0,737.3709947789914,5976.0,,166.75756688818012,11,ZG,ZG,471.5528781793842
Kreuzlingen,70456.0,9422.972222222223,11716.0,2125.838910326598,23407.0,21.8,174.00141051392686,12,FR,FR,500.5340282821378
Kesswil,85559.0,,409.0,234.77835637696927,1005.0,,200.0,2,NW,NW,406.9651741293532
Matzingen,69203.0,7656.25,1125.0,447.3903805276268,3167.0,,189.87695307740756,8,TG,TG,355.22576570887276
Romanshorn,62950.0,6147.272727272727,6167.0,1318.8849641924664,11945.0,17.3,158.48051448112102,18,GE,GE,516.2829635830891
Roggwil (Tg),78556.0,,1731.0,274.4900683020666,3452.0,,182.93177100392248,11,AI,AI,501.4484356894554
Salmsach,66550.0,,513.0,464.1647588527475,1631.0,,174.34788830395823,10,SH,SH,314.5309625996321
Raperswilen,66338.0,,149.0,54.39915359568714,421.0,,165.8324678405796,13,TI,TI,353.91923990498816
Schönholzerswilen,66159.0,,333.0,78.18459165662193,867.0,,183.98189167574586,8,TG,TG,384.08304498269894
Müllheim,71107.0,,1329.0,360.1277434259699,3339.0,,158.21273163323653,14,UR,UR,398.02336028751125
Sommeri,61053.0,,500.0,163.85599040686662,673.0,,195.95381719818573,5,NW,NW,742.9420505200594
Wuppenau,78185.0,,422.0,96.25888991121525,1213.0,,171.94093815406464,11,VS,VS,347.8977741137675
Fischingen,70857.0,,1578.0,96.16733166524723,3028.0,,181.92863752174804,10,GR,GR,521.1360634081902
Märstetten,74091.0,8883.91304347826,1301.0,300.4408229961081,3008.0,,180.82892892182812,6,FR,FR,432.51329787234044
Ermatingen,86911.0,,1132.0,388.45862699812125,3780.0,,171.6913776722415,8,TG,TG,299.47089947089944
Salenstein,101702.0,,556.0,228.73073555100942,1454.0,,186.19853583748554,4,NE,NE,382.39339752407153
Felben-Wellhausen,69691.0,,1165.0,453.28086569913455,3232.0,,167.71149919503367,7,OW,OW,360.4579207920792
Mammern,82895.0,,574.0,134.99432601973447,704.0,,191.53752052901933,3,ZG,ZG,815.340909090909
Bottighofen,107379.0,,928.0,1306.9167453797997,2696.0,,144.90173239354365,18,UR,UR,344.21364985163206
Münsterlingen,79626.0,,3530.0,807.7734580569111,3723.0,,172.6844752220546,8,GE,GE,948.1600859521891
Erlen,63980.0,,1457.0,331.73705021081975,3980.0,,200.0,7,SO,SO,366.08040201005025
Bürglen (Tg),60457.0,,1712.0,336.88838168605974,4173.0,,161.15861887312747,14,SG,SG,410.2564102564102
Thundorf,71199.0,,433.0,112.61780376610274,1737.0,,168.55729807201035,6,SH,SH,249.2803684513529
Warth-Weiningen,114549.0,,598.0,163.5624975793914,1476.0,,185.85059412115857,10,NW,NW,405.14905149051486
Uesslingen-Buch,73191.0,,413.0,74.98576077020844,1139.0,,181.84674148357874,12,BS,BS,362.59877085162424
Wäldi,71604.0,,457.0,96.24537029769243,1171.0,,184.16980341910016,6,NW,NW,390.264730999146
Affeltrangen,68588.0,,1267.0,201.07857430152137,2880.0,,185.0515648737091,10,TI,TI,439.93055555555554
Bettwiesen,75267.0,2190.3,352.0,383.94843761309954,1342.0,,185.14725480467064,6,UR,UR,262.29508196721315
Lommis,84349.0,,469.0,159.29667227935104,1331.0,,194.83616526755043,6,GL,GL,352.36664162284
Amlikon-Bissegg,70558.0,,502.0,100.84737470177276,1414.0,,185.00510328449195,5,BS,BS,355.021216407355
Weinfelden,70497.0,,10621.0,746.5190504449622,12504.0,19.7,167.86909077221944,7,LU,LU,849.4081893793986
Birwinken,68861.0,,375.0,121.76815028679684,1428.0,,188.70763366464774,6,GE,GE,262.60504201680675
Wigoltingen,70935.0,,1051.0,150.2434712524768,2640.0,,200.0,5,AI,AI,398.1060606060606
Wagenhausen,66859.0,,429.0,156.32803123565319,1858.0,,176.23504629908464,9,BE,BE,230.89343379978473
Wängi,76408.0,,2069.0,312.1429556807229,5065.0,,161.82810003089608,10,VS,VS,408.4896347482724
Aadorf,71425.0,,4050.0,469.1462273498415,9800.0,,191.26017263584373,6,NW,NW,413.265306122449
Bichelsee-Balterswil,67549.0,10801.304347826086,921.0,246.3583079135736,3030.0,,175.3912055675437,11,TI,TI,303.96039603960395
Bussnang,66444.0,,3297.0,145.27647190371368,2615.0,,145.76065473541274,17,ZH,ZH,1260.8030592734226
Kemmental,68571.0,10004.166666666666,876.0,113.90605649182315,2837.0,,191.42009332868392,8,NW,NW,308.7768769827282
Hauptwil-Gottshaus,67954.0,,596.0,176.99412079201,2104.0,,169.9587414754703,10,NE,NE,283.2699619771863
Neunforn,75994.0,,425.0,90.60186894871482,1112.0,,177.61676911736225,14,BE,BE,382.19424460431657
Kradolf-Schönenberg,63025.0,,1108.0,327.66651648617994,3932.0,,181.24855451720475,6,AI,AI,281.79043743641915
Bischofszell,62023.0,,3414.0,590.8993216950937,6417.0,,176.12173566658996,12,LU,LU,532.0243104254324
Sulgen,64981.0,3753.75,2624.0,453.4020716499762,4152.0,,185.47544782457163,12,AR,AR,631.9845857418112
Amriswil,61580.0,7350.0,6370.0,777.1225884968366,14951.0,10.8,164.6063431288275,14,NW,NW,426.0584576282523
Zihlschlacht-Sitterdorf,65528.0,,1530.0,182.68705293583628,2624.0,,185.6202705992834,8,SO,SO,583.079268292683
Sirnach,67677.0,8128.235294117647,4190.0,672.4599639274434,8200.0,,168.44008549319022,10,BS,BS,510.9756097560976
Eschlikon,71776.0,10245.454545454546,1963.0,794.2834855279158,4916.0,,182.02491686824706,12,FR,FR,399.3083807973963
Hüttwilen,85085.0,,778.0,101.26601833318178,1783.0,,188.08355718126202,3,LU,LU,436.34324172742566
Arbon,62684.0,6506.111111111111,7060.0,2671.418832293981,16354.0,17.5,135.48505816924177,16,NW,NW,431.69866699278464
Gachnang,76687.0,,1526.0,475.53887909865074,4636.0,,190.87072691578234,6,TG,TG,329.16307161345986
Frauenfeld,72891.0,9254.318181818182,22877.0,1007.0709768566178,27099.0,24.9,160.4744950879975,18,VD,VD,844.2008930218827
Langrickenbach,69051.0,,340.0,134.5645406856963,1503.0,,190.59383372522618,8,ZG,ZG,226.2142381902861
Lengwil,72414.0,,909.0,195.55387149845876,1796.0,,183.28612804631533,6,UR,UR,506.1247216035635
Berg (Tg),75348.0,,1823.0,285.2184618494089,3590.0,,200.0,4,BE,BE,507.7994428969359
Wilen (Tg),77826.0,,522.0,1060.755557643768,2506.0,,164.54918697856007,11,AR,AR,208.30007980845969
Rickenbach (Tg),63125.0,,983.0,2523.5630798022207,3061.0,,145.96455155132503,15,NE,NE,321.13688337144725
Herdern,78031.0,,347.0,82.33779690311162,1176.0,,178.7778025748491,13,NE,NE,295.0680272108844
Pfyn,68039.0,0.0,812.0,167.29206176209638,2259.0,,173.55170939852124,7,AR,AR,359.4510845506861
Hohentannen,73236.0,,279.0,75.95269758760898,655.0,,191.14110641020028,12,GR,GR,425.9541984732824
Schlatt (Tg),71589.0,,557.0,118.14685622923821,1887.0,,154.415703431359,18,VD,VD,295.17753047164814
Basadingen-Schlattingen,71942.0,,777.0,128.45357863599523,1902.0,,162.73748260622264,17,UR,UR,408.51735015772874
Hüttlingen,68229.0,,280.0,81.97579026901224,906.0,,163.05618487925904,12,AI,AI,309.0507726269316
Braunau,70601.0,,291.0,94.8172065330104,904.0,,193.18126724978072,6,JU,JU,321.9026548672566
Tobel-Tägerschen,65728.0,8619.545454545454,784.0,229.06784943357016,1730.0,,200.0,1,NE,NE,453.1791907514451
Homburg,74556.0,,892.0,63.49440210867614,1573.0,,177.71744189347356,8,AR,AR,567.0692943420216
Diessenhofen,67796.0,,1985.0,408.7516514164336,4138.0,,172.8109964643887,13,AG,AG,479.70033832769457
Lyss,68911.0,6648.409090909091,8802.0,1014.8066348798814,16558.0,35.6,169.47643235803375,16,SO,SO,531.5859403309579
Madiswil,62318.0,,1256.0,142.79457910611708,3330.0,,195.80720144772027,3,GR,GR,377.1771771771772
Schwarzenburg,62918.0,,3255.0,154.34669090938655,6795.0,,164.33687102620698,12,VS,VS,479.0286975717439
Bettenhausen,59299.0,,112.0,178.52496840662724,692.0,,181.5467255049098,9,ZG,ZG,161.84971098265896
Glarus Süd,61870.0,,4913.0,22.650005195569328,9675.0,,194.3783534028986,2,ZG,ZG,507.8036175710594
Glarus Nord,68064.0,,9204.0,135.46928915876777,19810.0,16.9,185.97905226095563,10,SG,SG,464.6138313982837
Glarus,68806.0,6405.0,9014.0,125.625507495951,12886.0,16.8,181.41872349683405,7,BL,BL,699.5188576749961
Corbières,71336.0,,213.0,117.4108142401405,1042.0,,193.68445532499084,6,BE,BE,204.41458733205374
Riedholz,82697.0,,480.0,297.7063073146109,2310.0,,136.06233894125316,18,AG,AG,207.79220779220782
Mont-Noble,66620.0,,228.0,27.4090955524944,1187.0,,189.8641972289439,5,GE,GE,192.0808761583825
Avenches,60314.0,3489.9059561128524,2986.0,267.0477481746754,4875.0,,167.149633018752,12,AR,AR,612.5128205128206
Vully-Les-Lacs,75018.0,,726.0,172.1241977490534,3627.0,,150.5847574058025,15,TI,TI,200.1654259718776
Montilliez,81241.0,,334.0,156.7139889335814,1872.0,,185.88818606411803,7,TI,TI,178.41880341880344
Goumoëns,84771.0,,339.0,105.05317260778568,1206.0,,199.41469551468035,3,NW,NW,281.09452736318406
Jorat-Menthue,75546.0,,349.0,90.43642036675301,1574.0,,176.9149291065264,11,NE,NE,221.72808132147395
Tévenon,74608.0,,135.0,59.290403916908424,862.0,,193.62528393049203,11,OW,OW,156.61252900232017
Bourg-En-Lavaux,105708.0,,1825.0,536.6282939133987,5464.0,,198.0678782519163,6,TI,TI,334.00439238653
Echichens,101315.0,,852.0,247.70486680097468,3222.0,,196.9052698501516,9,GL,GL,264.43202979515826
Valbroye,65655.0,,1441.0,101.26343355535501,3425.0,,200.0,1,VD,VD,420.7299270072993
Yverdon-Les-Bains,60395.0,6964.867424242424,21552.0,2147.0069175367066,30292.0,29.0,166.63432781629245,13,AI,AI,711.4749768915885
Belp,72465.0,,5250.0,505.8960767366379,11718.0,36.4,175.36599464741005,7,OW,OW,448.02867383512546
Merenschwand,76482.0,,1616.0,265.37568474993253,3893.0,,152.95036646282608,11,GL,GL,415.1040328795273
Servion,84732.0,,769.0,368.5420876966409,2228.0,,172.11134762039154,9,GL,GL,345.1526032315979
Champvent,73620.0,,382.0,75.99665572727697,724.0,,166.492777201456,16,BL,BL,527.6243093922652
Donneloye,70973.0,,184.0,100.08611667342375,916.0,,200.0,8,ZG,ZG,200.87336244541484
Aeschi (So),74552.0,,238.0,241.1859308515007,1328.0,,174.61767472466462,11,SH,SH,179.21686746987953
Serravalle,61312.0,,609.0,21.47427562288782,2070.0,,181.61188114725758,5,TI,TI,294.2028985507246
Collina D'Oro,103313.0,,2486.0,795.8199246008098,4903.0,,179.1975029722619,9,SH,SH,507.0365082602488
Buch Am Irchel,87363.0,4698.75,202.0,104.85071780693217,1066.0,,179.4661649056421,11,AI,AI,189.49343339587242
Neftenbach,89717.0,7968.9473684210525,1764.0,405.7712853433652,5765.0,,200.0,6,UR,UR,305.9843885516045
Escholzmatt-Marbach,53624.0,,2293.0,43.93831398398827,4559.0,,170.1676581246776,6,SH,SH,502.9611756964246
Rickenbach (Lu),66644.0,,1535.0,314.0893598240665,3884.0,,179.3429346561344,7,VS,VS,395.21112255406797
Schötz,64634.0,,1995.0,323.15349901872395,4964.0,,165.1833035521236,13,LU,LU,401.89363416599514
Werthenstein,60131.0,,1897.0,141.67047987719204,2181.0,,158.591520007171,16,AR,AR,869.784502521779
Wikon,71351.0,,847.0,174.32918639420433,1503.0,,168.84254616956977,5,AR,AR,563.5395874916833
Zell (Lu),62590.0,,1705.0,170.05535706766258,2205.0,,177.51231319943753,10,NE,NE,773.2426303854876
Wolhusen,63970.0,,2430.0,345.1165517192995,4747.0,,169.63013685830768,12,JU,JU,511.9022540551927
Vitznau,84026.0,,758.0,141.35418748133412,1476.0,,168.0091532227098,15,GR,GR,513.5501355013549
Wauwil,69114.0,,807.0,902.6250780465293,2660.0,,148.61135801387863,19,LU,LU,303.38345864661653
Weggis,112909.0,10744.251277139208,2900.0,417.95529556551827,4707.0,,173.99168588625884,13,BS,BS,616.1036753770979
Sursee,71063.0,,14891.0,1772.2819379338155,11029.0,25.6,137.2088201920407,17,SO,SO,1350.1677395956115
Udligenswil,92882.0,8820.0,483.0,351.0090851407049,2475.0,,187.40325074132616,2,ZH,ZH,195.15151515151516
Ufhusen,58062.0,4755.882352941177,304.0,73.4107433896439,919.0,,180.40758871482262,8,AR,AR,330.79434167573453
Buchrain,78130.0,,2589.0,1356.3695297833165,6807.0,,142.6636879015512,21,AG,AG,380.34376377258707
Buttisholz,70338.0,,1923.0,228.0816438771572,3486.0,,172.76740156421346,15,OW,OW,551.6351118760757
Büron,65846.0,,1227.0,536.3744420678785,2768.0,,162.60425583055346,15,GE,GE,443.28034682080926
Dierikon,72097.0,6523.125,3620.0,598.0248523902853,1685.0,,177.97052542804235,11,UR,UR,2148.367952522255
Ballwil,72668.0,,907.0,369.53414755758746,2840.0,,195.89771799818718,7,FR,FR,319.3661971830986
Alberswil,63857.0,,307.0,245.79987375584713,735.0,,149.075710097821,15,SO,SO,417.68707482993193
Adligenswil,90029.0,13450.5,1716.0,777.5081038297915,5617.0,,172.85962950027763,11,TG,TG,305.501157201353
Aesch (Lu),80013.0,,567.0,315.8730329539487,1453.0,,174.00147157566528,16,LU,LU,390.2271163110805
Altbüron,70881.0,,543.0,147.62080466295396,1014.0,,188.39404023618616,5,GR,GR,535.5029585798816
Flühli,53851.0,,1107.0,17.021840307183695,1858.0,,183.01257974722455,14,AR,AR,595.8019375672766
Grossdietwil,66075.0,,509.0,95.31012048442405,920.0,,167.64148714345626,11,LU,LU,553.2608695652174
Grosswangen,66366.0,,1503.0,179.12616472353662,3524.0,,173.17851951459718,15,ZH,ZH,426.5039727582293
Fischbach,58432.0,,208.0,75.7513099143555,724.0,,167.2038887213589,8,LU,LU,287.292817679558
Hasle (Lu),55561.0,,922.0,44.83200574901108,1842.0,,195.6373047947219,8,FR,FR,500.542888165038
Geuensee,73017.0,,1042.0,438.0337512377879,2941.0,,175.3287633848088,8,VS,VS,354.3012580754845
Gisikon,91839.0,,377.0,1458.4205738379567,1515.0,,191.87998298323745,3,SG,SG,248.84488448844886
Greppen,91850.0,,161.0,401.1168092293062,1219.0,,174.52055621968609,11,NE,NE,132.0754716981132
Ebikon,70658.0,9963.333333333334,7174.0,1647.228450134915,14788.0,28.8,150.58091799213943,19,VD,VD,485.12307276169867
Eich,101889.0,,607.0,269.3818095392101,1750.0,,154.22841078070158,13,AG,AG,346.8571428571429
Egolzwil,74113.0,,669.0,373.40939156036427,1664.0,,148.69963310063818,12,AG,AG,402.0432692307692
Hochdorf,68296.0,,5391.0,1111.9039607450518,10067.0,21.3,143.55531612357876,17,TG,TG,535.5120691367835
Doppleschwand,59480.0,,226.0,123.31302285039698,824.0,,182.6082943263986,9,JU,JU,274.2718446601942
Horw,87642.0,,5366.0,1179.2614164296233,15817.0,23.2,174.17939474429645,12,SO,SO,339.25523171271414
Eschenbach (Lu),75635.0,,1559.0,282.07711916780454,3779.0,,153.0713585065488,18,GL,GL,412.5430007938608
Entlebuch,60166.0,,1878.0,60.22667798549378,3422.0,,192.74705355292593,6,GR,GR,548.801870251315
Hildisrieden,87920.0,,663.0,362.4431011773244,2502.0,,168.62598461761652,18,GE,GE,264.98800959232614
Emmen,61244.0,,17400.0,1655.4487181420218,32619.0,26.9,163.31508635525822,14,LU,LU,533.4314356663294
Ermensee,73524.0,,408.0,202.16841112766693,1044.0,,200.0,4,FR,FR,390.8045977011495
Hergiswil Bei Willisau,55701.0,,891.0,61.6417646673749,1944.0,,192.75791640488004,2,SH,SH,458.3333333333333
Menznau,58686.0,,1603.0,104.53296649170692,3149.0,,174.78779538929666,10,ZH,ZH,509.0504922197523
Meierskappel,91868.0,,459.0,190.29816979094704,1595.0,,164.46892493798157,12,NE,NE,287.7742946708464
Meggen,137422.0,,2450.0,1018.6210327928675,7795.0,,136.1048803414485,22,BE,BE,314.30404105195635
Oberkirch,84340.0,,3629.0,595.5384304238261,5106.0,,162.42398866322776,15,LU,LU,710.7324716020368
Neuenkirch,70485.0,,2915.0,266.70335846206234,7229.0,,173.79774563881324,7,VS,VS,403.2369622354406
Nebikon,70752.0,,1085.0,874.2347473384293,2941.0,,155.22248182990361,16,JU,JU,368.9221353281197
Nottwil,75454.0,,3057.0,403.33487455551176,4120.0,,173.43629633431308,13,BE,BE,741.9902912621359
Mauensee,79746.0,,290.0,189.15974364971325,1510.0,,179.0025808616554,14,LU,LU,192.05298013245033
Inwil,74568.0,,1538.0,263.7920073998891,2924.0,,173.62509042767235,14,BL,BL,525.9917920656635
Knutwil,76443.0,,839.0,249.03007191535156,2516.0,,167.41638809121383,15,TG,TG,333.46581875993644
Kriens,69259.0,11309.703557312252,13734.0,1116.5329345496007,30008.0,32.0,169.7943390128361,12,VS,VS,457.67795254598775
Luthern,53012.0,,689.0,32.7119481148931,1240.0,,186.26464901323638,9,BE,BE,555.6451612903226
Malters,66294.0,,4152.0,264.5606233287695,7868.0,,160.6331708069826,18,LU,LU,527.7071682765633
Rothenburg,76997.0,,7561.0,527.2258219425995,7863.0,,195.15501238834725,2,AG,AG,961.5922675823477
Ruswil,65435.0,,3451.0,163.82626591579447,7541.0,,176.66014367022697,9,VS,VS,457.6316138443177
Romoos,49537.0,,282.0,18.486750663264623,661.0,,180.08065379230652,7,BE,BE,426.6263237518911
Roggliswil,65232.0,,247.0,124.951632581541,791.0,,189.20590738379033,9,SH,SH,312.2629582806574
Schwarzenberg,68509.0,,479.0,48.05077292722664,1817.0,,182.9586998220077,13,LU,LU,263.621353880022
Schüpfheim,58939.0,,2569.0,106.86332647337842,4281.0,,193.08620526937963,5,JU,JU,600.0934361130577
Schongau,72670.0,,456.0,89.98105936578251,1069.0,,183.2887169152665,2,GE,GE,426.5668849391955
Sempach,83993.0,,2077.0,512.91948147822,4380.0,,164.96776243886438,12,AR,AR,474.20091324200916
Schlierbach,71947.0,,195.0,149.81039089594555,1008.0,,183.7214994492399,11,OW,OW,193.45238095238096
Rain,81883.0,,974.0,341.5798832330711,3314.0,,158.95414558883073,16,NE,NE,293.9046469523235
Pfaffnau,65542.0,,1885.0,164.67211984192897,2777.0,,179.75770643997438,11,GL,GL,678.7900612171408
Römerswil,67112.0,,676.0,105.3430830674103,1788.0,,178.30805836265375,9,LU,LU,378.07606263982103
Dagmersellen,68643.0,,3599.0,249.7627638537787,6004.0,,174.03631080426905,7,ZG,ZG,599.433710859427
Ettiswil,64526.0,,986.0,224.89803209188045,2904.0,,175.51381363808153,12,TI,TI,339.53168044077137
Reiden,64187.0,,5065.0,294.04308574793004,7674.0,,148.42490063679296,14,JU,JU,660.0208496221006
Hohenrain,72177.0,,1205.0,102.3412493721622,2462.0,,170.60989833255508,18,GE,GE,489.43948009748175
Triengen,67077.0,9206.842105263158,2650.0,215.14970827749679,4923.0,,178.94581978156495,11,BE,BE,538.2896607759496
Luzern,73169.0,,84440.0,2777.8350001637214,86234.0,43.4,150.69982220175638,14,SG,SG,979.1961407333534
Lüsslingen-Nennigkofen,72914.0,,519.0,151.01536713367025,1144.0,,162.87006553873528,11,VS,VS,453.67132867132864
Drei Höfe,71561.0,,77.0,148.04462308373292,732.0,,197.3047191264826,5,FR,FR,105.1912568306011
Beringen,70000.0,8054.824046920821,2668.0,274.805570755889,5269.0,,163.87959569692777,12,ZG,ZG,506.3579426836212
Gommiswald,75132.0,25220.58823529412,1473.0,169.91502094764417,5718.0,,192.61132499677754,10,LU,LU,257.60755508919203
Eschenbach (Sg),71843.0,,4168.0,179.64692361887046,10266.0,,184.36629989745447,9,TG,TG,406.0003896356906
Nesslau,59352.0,,1943.0,41.70768549630722,3890.0,,169.83944988850388,10,LU,LU,499.4858611825193
Wattwil,58924.0,,4695.0,183.0150930839924,9165.0,,200.0,11,GL,GL,512.2749590834698
Bütschwil-Ganterschwil,63880.0,,2583.0,239.68420797069925,5336.0,,159.36855049825346,14,ZG,ZG,484.07046476761616
Wil (Sg),72562.0,,16136.0,1188.7665807758888,25176.0,29.8,180.2273375319074,12,VS,VS,640.9278678106133
Bözberg,75521.0,6576.315789473684,329.0,101.6057756413273,1696.0,,193.85790161163945,5,VS,VS,193.98584905660377
Montanaire,69265.0,,737.0,85.14233145315364,2860.0,,168.97778182546426,13,LU,LU,257.6923076923077
Naters,65684.0,,2467.0,73.24766842779857,10674.0,,200.0,6,BE,BE,231.12235338204985
Leuk,61918.0,,1740.0,79.16236041697731,4340.0,,175.3546442188511,5,GL,GL,400.9216589861751
Turtmann-Unterems,61103.0,,512.0,29.19167068945204,1212.0,,184.0061250895499,15,AG,AG,422.44224422442244
Saint-Maurice,57902.0,,2047.0,292.9111880985933,4623.0,,180.57038368094993,13,ZG,ZG,442.7860696517413
Haute-Sorne,59854.0,,3549.0,107.53978021353609,7453.0,,176.7668034161323,9,AR,AR,476.1840869448544
Fontenais,63224.0,1470.0,282.0,83.75054438495322,1632.0,,191.21509528592463,4,TG,TG,172.7941176470588
Terre Di Pedemonte,72018.0,,746.0,233.8689745803587,2685.0,,189.2418103999018,8,GE,GE,277.83985102420854
Lugano,74763.0,13073.690889882304,58853.0,833.6819345996182,63629.0,25.2,144.26507570408643,18,LU,LU,924.9398859010829
Mendrisio,69883.0,7015.909090909091,19675.0,474.18068861817824,15085.0,21.0,194.16160156287572,7,SG,SG,1304.2757706330792
Wiesendangen,87104.0,10385.869565217392,1600.0,354.84888764295647,6798.0,,151.02120294077596,17,TG,TG,235.36334215945868
Sauge,66678.0,,167.0,56.9183030106624,829.0,,194.84743457676524,8,ZH,ZH,201.4475271411339
Fraubrunnen,73594.0,,1284.0,171.70487389067407,5498.0,,194.94961418485227,11,ZH,ZH,233.539468897781
Jegenstorf,78352.0,7195.263157894737,2230.0,456.78791746172163,5872.0,,158.43052717171207,16,GL,GL,379.7683923705722
Oberdiessbach,68603.0,,1709.0,223.3488786007582,3723.0,,171.29734443936985,8,ZG,ZG,459.03840988450173
Plateau De Diesse,66140.0,,477.0,83.37391410272396,2157.0,,162.4717001192209,17,AI,AI,221.1404728789986
Stocken-Höfen,60297.0,,194.0,72.82405236807652,1018.0,,175.95387361347554,15,GR,GR,190.56974459724952
Innertkirchen,58899.0,,579.0,4.569219255361894,1079.0,,175.33625358192242,20,VS,VS,536.6079703429101
Uttigen,71783.0,,363.0,547.8355923833539,2176.0,,185.45068928747924,5,ZH,ZH,166.81985294117646
Val-De-Charmey,69824.0,,1148.0,23.882937315920127,2729.0,,199.39094713357,6,ZH,ZH,420.6669109563943
Bremgarten (Ag),75644.0,,4880.0,746.8573646399956,8871.0,,192.41935114535147,1,JU,JU,550.1070905196709
Schinznach,71605.0,,1361.0,201.06486796093805,2462.0,,169.2813939706281,14,GE,GE,552.8025995125913
Endingen,75352.0,,830.0,242.64466069220796,2717.0,,174.10098347549885,9,UR,UR,305.483989694516
Bettmeralp,70352.0,,754.0,16.35667161712791,483.0,,154.57064985227902,21,ZH,ZH,1561.0766045548653
Bussigny,72280.0,8972.068965517241,6486.0,2403.6772625190833,11632.0,36.3,140.48466102641228,16,UR,UR,557.5997248968363
Arzier-Le Muids,116769.0,6467.222222222223,389.0,58.76438592706605,2968.0,,193.8109443278273,1,VD,VD,131.06469002695417
Bauma,71924.0,,1964.0,172.6577679352943,5112.0,,200.0,4,AI,AI,384.1940532081377
Péry-La Heutte,62538.0,,466.0,83.21226461188522,1976.0,,160.54388217849402,8,SG,SG,235.82995951417004
Valbirse,60012.0,,1770.0,212.50944376975337,3974.0,,168.6963190568533,14,BS,BS,445.39506794162054
Petit-Val,53029.0,,192.0,19.66143975686111,484.0,,179.3884148807261,3,AR,AR,396.6942148760331
Beromünster,68812.0,8897.368421052632,2968.0,163.71335766347926,6830.0,,182.3426718015377,9,SO,SO,434.55344070278187
Schenkon,98583.0,,1838.0,502.01967491930964,3117.0,,162.1346835440266,7,BS,BS,589.6695540583895
Illnau-Effretikon,74595.0,,6852.0,522.9674793515321,17756.0,39.9,180.40054821142098,8,AG,AG,385.8977247127732
Rapperswil (Be),83981.0,,899.0,113.7642647981233,2705.0,,171.60279641338087,16,GE,GE,332.3475046210721
Ersigen,70742.0,,649.0,139.26564650197,2032.0,,178.2025230185865,11,OW,OW,319.3897637795275
Seeberg,61499.0,,502.0,97.91560997107906,1599.0,,187.08555109121397,5,AR,AR,313.9462163852408
Belmont-Broye,67784.0,,2700.0,224.04750156879714,6148.0,,177.5479185379125,10,NW,NW,439.167208848406
Belfaux,72654.0,,846.0,403.46036218164534,3452.0,,168.85793013373566,12,TG,TG,245.0753186558517
Gibloux,71186.0,,3392.0,233.94203545326312,8393.0,,175.69449859654074,12,BE,BE,404.1463124031932
Mont-Vully,83716.0,,1257.0,246.8337562246373,4561.0,,175.8660517455826,6,SO,SO,275.59745669809257
Faido,55853.0,,1147.0,20.409003131777332,2705.0,,174.2258029001472,13,NW,NW,424.02957486136785
Onsernone,49301.0,,245.0,6.060548637884152,663.0,,176.05780447539837,2,GE,GE,369.5324283559578
Jorat-Mézières,78051.0,,927.0,270.5062436556361,3189.0,,200.0,3,AG,AG,290.68673565381
Münsingen,75972.0,,6661.0,784.9986747244383,13049.0,42.7,179.4625306683339,8,AG,AG,510.4605716913173
Estavayer,68104.0,,4675.0,241.99318721091302,10623.0,,172.81454290241652,13,ZG,ZG,440.0828391226584
Cheyres-Châbles,74615.0,,407.0,229.48939630780515,2487.0,,187.84378532782506,8,UR,UR,163.6509851226377
Corminboeuf,92581.0,,1248.0,418.958620267731,3029.0,,170.21952491496097,7,OW,OW,412.0171673819743
Courtepin,70049.0,,2732.0,259.68909411032837,5772.0,,194.64163145960828,3,JU,JU,473.31947331947333
Plaffeien,59172.0,,1671.0,54.3102386385876,3693.0,,184.9336435334173,9,NW,NW,452.4776604386678
Grono,60202.0,,1213.0,40.65237594998234,1580.0,,177.9353729592908,10,GE,GE,767.7215189873417
Vaz/Obervaz,84617.0,,2788.0,63.50150112946439,2732.0,,185.99985302858278,6,SO,SO,1020.497803806735
Lantsch/Lenz,71031.0,,194.0,25.518492791112,518.0,,156.1545049965519,13,TG,TG,374.5173745173745
Schmitten (Gr),57394.0,,46.0,17.79565329449193,205.0,,162.90428578323997,15,SO,SO,224.39024390243904
Brusio,52985.0,,942.0,22.382072523309635,1099.0,,161.84457211479472,12,LU,LU,857.1428571428571
Poschiavo,57726.0,,2346.0,17.60260078634538,3505.0,,181.952147790898,9,UR,UR,669.3295292439371
Falera,83751.0,,266.0,26.290976830418074,635.0,,200.0,12,ZH,ZH,418.8976377952756
Laax,86803.0,,1724.0,69.18253748420949,2102.0,,200.0,1,BS,BS,820.1712654614653
Sagogn,68723.0,,111.0,101.56493839791172,769.0,,188.42039948973883,2,FR,FR,144.34330299089726
Schluein,67048.0,15746.107758620688,305.0,118.07996821026416,616.0,,186.1737931596723,10,AG,AG,495.12987012987014
Fürstenau,70221.0,,184.0,240.61384477067045,353.0,,150.24662584119102,14,AR,AR,521.2464589235127
Rothenbrunnen,64468.0,6300.0,479.0,98.81907949377326,304.0,,170.74086793427608,11,OW,OW,1575.657894736842
Scharans,68501.0,3756.6666666666665,420.0,66.18416091111206,836.0,,167.4367222722004,10,BS,BS,502.3923444976076
Sils Im Domleschg,65942.0,,320.0,102.35590539812428,976.0,,169.52789068713338,11,SH,SH,327.86885245901635
Flerden,62413.0,,76.0,55.58710842715901,255.0,,176.85227884108363,15,BS,BS,298.03921568627453
Masein,65681.0,,127.0,123.42083506397546,531.0,,171.51880529855515,14,SH,SH,239.1713747645951
Tschappina,50506.0,,91.0,6.449819345984017,146.0,,150.24580502061096,19,FR,FR,623.2876712328767
Urmein,66573.0,,52.0,32.335275788964616,163.0,,190.85849254933825,3,UR,UR,319.0184049079754
Avers,65222.0,,136.0,1.7747999132322376,169.0,,163.89751870249535,10,TI,TI,804.7337278106509
Sufers,61929.0,,82.0,4.194096090764348,147.0,,183.54975256171727,1,FR,FR,557.8231292517006
Rongellen,53581.0,,13.0,28.189122053490628,59.0,,200.0,3,VD,VD,220.33898305084745
Zillis-Reischen,64566.0,,202.0,19.711684778519587,426.0,,165.9931588513037,15,TG,TG,474.17840375586854
Bonaduz,72799.0,,1803.0,235.09362690045828,3565.0,,139.37118824387454,20,GL,GL,505.75035063113603
Domat/Ems,67279.0,,3951.0,339.30883733042793,8392.0,,171.8458976910049,11,ZH,ZH,470.80552907530983
Rhäzüns,67818.0,,392.0,121.68211169381696,1612.0,,195.13440473891637,6,BE,BE,243.17617866004963
Felsberg,76324.0,,564.0,223.66570734279946,2886.0,,200.0,3,BL,BL,195.42619542619545
Flims,78867.0,,1816.0,55.27319677457089,2902.0,,160.93477527396988,14,NW,NW,625.7753273604411
Tamins,68715.0,,256.0,28.835780700468977,1223.0,,187.13027122167128,10,GR,GR,209.32134096484057
Trin,68864.0,,353.0,31.89264287559728,1557.0,,172.66523418540243,6,AI,AI,226.71804752729608
Samnaun,66531.0,,1181.0,12.661742007638479,750.0,,178.27517232806156,11,NW,NW,1574.6666666666667
Bever,84855.0,,345.0,13.655037321724842,618.0,,200.0,8,BS,BS,558.252427184466
Celerina/Schlarigna,164028.0,,963.0,59.8808831698155,1415.0,,156.7808709096414,13,AR,AR,680.565371024735
Madulain,83013.0,,83.0,12.15038958736409,196.0,,183.67632927725708,11,JU,JU,423.46938775510205
Pontresina,98211.0,,2147.0,17.582216463763476,2072.0,,186.82363161799094,16,ZH,ZH,1036.196911196911
Samedan,78701.0,,2957.0,25.216847613194734,2901.0,,196.0078852097734,6,GE,GE,1019.3036883833162
St. Moritz,91614.0,,8439.0,172.4628852761149,4997.0,15.8,179.5101322914065,11,JU,JU,1688.8132879727837
S-Chanf,78575.0,,303.0,5.1896264981986695,713.0,,184.57044444437227,6,TG,TG,424.96493688639555
Sils Im Engadin/Segl,97865.0,,1043.0,11.123196065631287,708.0,,174.00723050293948,11,BS,BS,1473.1638418079096
Silvaplana,99312.0,,952.0,24.838422086643135,1124.0,,183.7623139037369,10,FR,FR,846.9750889679716
Zuoz,90018.0,,893.0,18.213954231160347,1224.0,,174.65313908653656,11,VD,VD,729.5751633986928
Buseno,49923.0,,17.0,7.54957947805277,91.0,,189.24632757011437,4,BL,BL,186.8131868131868
Castaneda,57352.0,,104.0,71.66081413173825,254.0,,173.64681153705257,12,GL,GL,409.4488188976378
Rossa,57384.0,,27.0,2.89264670588714,168.0,,185.63241059720778,13,AR,AR,160.71428571428572
Santa Maria In Calanca,62009.0,,15.0,12.370587100947986,113.0,,179.42877875671326,11,VD,VD,132.7433628318584
Lostallo,59741.0,,310.0,16.232457184269993,866.0,,196.71439431367332,9,SH,SH,357.9676674364896
Mesocco,59260.0,,641.0,8.527354206394255,1414.0,,179.14068278823973,9,BS,BS,453.32390381895334
Soazza,64136.0,,117.0,7.404830529768888,324.0,,153.32891440207592,18,NE,NE,361.1111111111111
Cama,60696.0,,210.0,43.91863000225571,720.0,,198.43644573959497,6,NE,NE,291.6666666666667
Roveredo (Gr),60008.0,,1274.0,68.58426126513275,2656.0,,165.64009865556557,10,VS,VS,479.6686746987952
San Vittore,62267.0,,514.0,40.6082027005976,961.0,,169.738914244812,13,AR,AR,534.8595213319459
Fideris,63545.0,,219.0,25.02172359800129,626.0,,170.78839812231732,9,TI,TI,349.8402555910543
Furna,59231.0,,95.0,6.104837471708928,203.0,,200.0,3,AR,AR,467.98029556650243
Jenaz,57887.0,,411.0,45.971753799045324,1164.0,,147.4490751193817,17,OW,OW,353.09278350515467
Conters Im Prättigau,73999.0,,98.0,12.405334372476506,224.0,,200.0,6,TG,TG,437.5
Küblis,61108.0,4140.845070422535,583.0,115.98885879321769,910.0,,194.52584664926852,3,SO,SO,640.6593406593407
Untervaz,69731.0,,1094.0,101.10222599576429,2674.0,,182.203498202206,12,UR,UR,409.1249065071055
Zizers,72086.0,,2324.0,316.51108230411495,3691.0,,175.57277063532828,12,VS,VS,629.6396640476836
Fläsch,83116.0,,440.0,39.33577670113306,879.0,,183.8432442554115,7,TG,TG,500.5688282138794
Jenins,84436.0,,283.0,85.61883365655035,964.0,,186.84848246471228,3,TG,TG,293.5684647302905
Maienfeld,85151.0,4944.545454545455,2208.0,100.10014611985507,3266.0,,188.5445862851299,7,BE,BE,676.056338028169
Malans,88887.0,,951.0,238.113956688493,2529.0,,185.62509322946133,7,GR,GR,376.03795966785293
Schiers,61127.0,,1553.0,48.792254454415506,2993.0,,180.79570460497683,10,GR,GR,518.8773805546275
Seewis Im Prättigau,65580.0,,637.0,28.138422984834005,1450.0,,176.7276663945271,9,VS,VS,439.31034482758616
Disentis/Mustér,63082.0,,1196.0,23.219046847780138,2104.0,,177.47479450894312,4,ZG,ZG,568.4410646387832
Medel (Lucmagn),59405.0,,150.0,2.411753896312732,328.0,,177.0577695215205,9,AG,AG,457.3170731707317
Sumvitg,56222.0,,444.0,10.248976273744852,1063.0,,196.8984890439554,5,FR,FR,417.68579492003767
Tujetsch,60827.0,,621.0,8.905539284548846,1199.0,,188.81062277144463,9,NE,NE,517.931609674729
Ferrera,63761.0,,38.0,1.0361036238044616,76.0,,135.89126624409244,17,VS,VS,500.0
Trimmis,72274.0,,1174.0,81.21284842763896,3424.0,,188.9204487715211,13,SO,SO,342.8738317757009
Davos,78715.0,,9699.0,37.746233232291736,10774.0,25.6,182.49911952427473,3,SO,SO,900.2227584926675
Andeer,65518.0,,495.0,18.80650343151449,923.0,,179.51362835850057,14,TG,TG,536.2946912242686
Val Müstair,59019.0,,1224.0,6.938375498241171,1430.0,,174.10194887035183,10,JU,JU,855.944055944056
Cazis,60169.0,,1567.0,76.23805967105106,2439.0,,196.0004114823171,9,GE,GE,642.4764247642476
Bregaglia,72248.0,,1160.0,6.198264313017537,1591.0,,194.15107042398827,7,ZG,ZG,729.1011942174733
Churwalden,65794.0,,967.0,43.900803442758054,2114.0,,167.91466168861146,16,ZH,ZH,457.42667928098393
Grüsch,67526.0,7541.739130434783,1348.0,49.22844981378171,2176.0,,185.55279984343775,7,ZG,ZG,619.4852941176471
Landquart,65758.0,,6225.0,531.1879103378483,9244.0,13.1,159.37095134573102,11,AI,AI,673.4097793163133
Trun,56898.0,,669.0,22.387736138787567,1141.0,,159.05911009293666,18,NW,NW,586.3277826468011
Safiental,55604.0,,424.0,6.349709354085842,964.0,,170.5356864894105,11,SG,SG,439.83402489626553
Lumnezia,57553.0,14700.0,917.0,12.565446995445908,2075.0,,192.8013988651865,7,FR,FR,441.9277108433735
Valsot,60139.0,,433.0,4.884856155249861,801.0,,194.25004076201873,10,TG,TG,540.5742821473159
Arosa,70929.0,15132.35294117647,2941.0,20.434377711855223,3159.0,19.9,187.47196001764823,5,BL,BL,930.9908198797087
Ilanz/Glion,63800.0,,3478.0,37.77428905330798,5067.0,,190.45419316962725,9,TI,TI,686.402210380896
Albula/Alvra,59388.0,,728.0,13.964787792881623,1354.0,,187.59219863898565,6,GL,GL,537.6661742983752
Vals,61030.0,,658.0,5.396106959942273,958.0,,170.3251056006855,11,FR,FR,686.8475991649269
Domleschg,68764.0,,549.0,48.97406564113156,2262.0,,185.9287573151275,8,SH,SH,242.7055702917772
Scuol,70046.0,,3389.0,10.381121263246934,4546.0,,191.89657213138918,2,ZG,ZG,745.4905411350637
Zernez,66834.0,,1010.0,4.50708599477636,1592.0,,191.27184699743583,5,ZG,ZG,634.4221105527639
Calanca,51756.0,,120.0,5.341140404953483,204.0,,197.78165750399373,10,NW,NW,588.2352941176471
Surses,63522.0,,1563.0,7.576367610962689,2465.0,,190.54700116343218,10,VD,VD,634.0770791075051
Obersaxen Mundaun,65652.0,,651.0,16.303058223934016,1160.0,,185.09455780621352,8,GR,GR,561.2068965517242
Luzein,64833.0,,543.0,19.65695937013379,1689.0,,195.83680595017938,7,ZH,ZH,321.49200710479573
Lucens,60504.0,,1060.0,246.52898338168364,4736.0,,176.79715600302916,9,BS,BS,223.81756756756758
Chavornay,66924.0,4562.068965517241,1922.0,262.22297697021884,5440.0,,163.78771971605192,17,AG,AG,353.30882352941177
Goms,60777.0,,684.0,8.886640562810978,1149.0,,177.46148319310004,9,NE,NE,595.3002610966057
Sion,64917.0,8289.353546910756,38639.0,1048.537235665658,37154.0,19.6,156.8671002112907,15,ZG,ZG,1039.96877859719
Crans-Montana,74419.0,15134.963768115942,4960.0,176.13515343847152,10496.0,,167.8707946214679,16,VS,VS,472.5609756097561
Bellinzona,66122.0,,28816.0,270.27241225030156,45305.0,19.3,174.75618103349103,8,NE,NE,636.0445866902108
Riviera,58636.0,,1527.0,50.66315145807874,4269.0,,167.5443406562972,17,GR,GR,357.6950105411103
Horgen,99261.0,13163.018540669857,10955.0,789.6080132539187,24549.0,42.0,166.37670379154372,8,AI,AI,446.25035642999717
Elgg,75838.0,,1820.0,204.28271306390909,5175.0,,149.27296502711962,21,LU,LU,351.69082125603865
Grosshöchstetten,70523.0,9261.0,1762.0,547.0181664854022,4071.0,,176.9645172301404,9,LU,LU,432.8174895603046
Kirchdorf (Be),68684.0,,607.0,121.33546247589506,1853.0,,178.64204909052958,9,VS,VS,327.57690232056126
Thusis,59085.0,,2452.0,196.22348436617233,3439.0,,165.5128457403152,7,AG,AG,712.9979645245711
Bergün Filisur,61722.0,,575.0,4.780050630303596,898.0,,189.8430463859359,6,UR,UR,640.3118040089087
Breil/Brigels,61489.0,,747.0,17.674275230134313,1706.0,,193.87073532272024,3,ZH,ZH,437.86635404454864
Lupfig,72818.0,,3212.0,390.87699304455026,3401.0,,151.43395044048887,14,JU,JU,944.4281093795942
Boudry,67176.0,,5211.0,378.7174197528473,6317.0,,164.24526932368394,13,AI,AI,824.9168909292385
Cortaillod,72025.0,,1876.0,1442.4649635316612,4807.0,,152.0071090200681,19,SG,SG,390.2641980445184
Rochefort,74842.0,,224.0,52.18390003989152,1354.0,,165.31473472681276,13,FR,FR,165.4357459379616
Milvignes,78332.0,,2877.0,1034.792883132765,9308.0,,180.6396441993052,10,FR,FR,309.0889557370004
La Chaux-De-Fonds,59763.0,8853.40909090909,28000.0,695.1415304340499,37600.0,26.7,169.16700015658603,9,SG,SG,744.6808510638298
Les Planchettes,68364.0,,58.0,16.391593244801626,200.0,,175.85410151120922,8,SO,SO,290.0
La Sagne,61366.0,5096.0,427.0,41.76779021674218,1075.0,,149.4742380188315,22,SG,SG,397.2093023255814
La Brévine,65227.0,17926.80487804878,331.0,14.309272138377334,624.0,,189.37686274966958,5,GR,GR,530.4487179487179
Brot-Plamboz,64177.0,,128.0,19.292865248246304,297.0,,161.19983231955229,19,BE,BE,430.97643097643095
Le Cerneux-Péquignot,68753.0,,133.0,16.984016377059447,310.0,,180.71405151002932,9,ZG,ZG,429.0322580645161
La Chaux-Du-Milieu,65283.0,,106.0,29.767348677274835,496.0,,183.82980377841295,9,BL,BL,213.70967741935485
Les Ponts-De-Martel,60340.0,,550.0,69.36932385205299,1231.0,,199.62700119339732,8,VD,VD,446.79122664500403
Cornaux,63123.0,,868.0,401.6333727246049,1682.0,,155.79226624731075,19,VS,VS,516.052318668252
Cressier (Ne),65713.0,,1290.0,243.4586131285998,2005.0,,131.93733857525913,20,ZG,ZG,643.3915211970075
Le Landeron,66117.0,7158.643597781529,1366.0,469.38170913583974,4652.0,,177.40901791625294,9,VD,VD,293.6371453138435
Lignières,69365.0,,247.0,81.04241068233435,1061.0,,200.0,5,FR,FR,232.79924599434494
Val-De-Ruz,69329.0,,6969.0,142.2924569623397,17514.0,,196.96895355807862,7,VS,VS,397.9102432339842
La Côte-Aux-Fées,52762.0,4900.0,291.0,36.419174379626696,473.0,,182.73811523449837,12,BL,BL,615.2219873150106
Les Verrières,51656.0,775.0909090909091,238.0,22.391922137909944,658.0,,172.37879200018514,11,JU,JU,361.7021276595745
Val-De-Travers,56720.0,,5842.0,85.70651542419128,10691.0,,191.1374841656192,9,UR,UR,546.4409316247311
Val Terbi,62528.0,,1086.0,67.70287329027342,3270.0,,164.63295056916346,18,GR,GR,332.1100917431193
Haute-Ajoie,58510.0,,768.0,25.69359671137417,1064.0,,186.86101513531213,9,ZG,ZG,721.8045112781955
La Grande Béroche,75944.0,,3280.0,216.66128322713908,9229.0,,185.11794513436863,9,BL,BL,355.4014519449561
Stammheim,76300.0,,1389.0,121.73937182649377,2947.0,,194.52250524407236,2,TG,TG,471.32677298948084
Wädenswil,87503.0,15978.260869565218,10377.0,716.6553144729282,25704.0,40.9,200.0,1,AI,AI,403.71148459383755
Kallnach,68449.0,,1111.0,117.46470179141555,2235.0,,184.55438835735563,10,AI,AI,497.0917225950783
Rheinwald,64279.0,,362.0,4.188412657184651,570.0,,172.32666008665655,11,LU,LU,635.0877192982456
Reitnau,66123.0,,634.0,216.90186000369843,1621.0,,177.14953205682343,9,BL,BL,391.11659469463297
Courrendlin,62491.0,,944.0,170.26459727989493,3687.0,,151.5293382585216,17,AI,AI,256.03471657173856
Thurnen,68522.0,,341.0,350.4752352871193,2060.0,,165.58780782353475,13,AI,AI,165.53398058252426
Steffisburg,67551.0,8008.9655172413795,6540.0,1149.2182754746416,16581.0,20.4,160.7522032071053,17,UR,UR,394.42735661299076
Niederbipp,64025.0,7339.5,3434.0,281.3452433745477,5557.0,,168.93624689252295,12,SG,SG,617.9593305740507
Altishofen,72741.0,,2876.0,141.74103189951862,2057.0,,180.67637545648327,7,FR,FR,1398.152649489548
Villaz,66127.0,,776.0,161.62478192982604,2409.0,,165.82779499114827,16,BE,BE,322.1253632212536
Prez,73204.0,,511.0,154.99660309491597,2465.0,,195.05520977878967,6,TI,TI,207.30223123732253
La Punt Chamues-Ch,92671.0,,276.0,12.266097380187295,750.0,,179.87201960916053,11,UR,UR,368.0
Cugnasco-Gerra,69039.0,,456.0,164.30705712033082,2858.0,,177.9939729590228,9,BE,BE,159.5521343596921
Lavertezzo,60359.0,8112.222222222223,903.0,1372.9738910332094,1253.0,,159.41901306047674,12,VS,VS,720.6703910614525
Verzasca,50868.0,14888.461538461539,252.0,3.5551915658394564,776.0,,182.29620248371864,9,LU,LU,324.74226804123714
Hitzkirch,72879.0,9003.75,3246.0,220.40157021634076,6086.0,,189.86967408868557,7,ZG,ZG,533.355241537956
Willisau,65007.0,,6057.0,190.2571231944859,9242.0,14.9,164.8303236002913,14,GR,GR,655.3776238909327
Seedorf (Ur),71858.0,,829.0,102.90270119590639,2058.0,,168.9626160524404,11,GE,GE,402.81827016520896
Surpierre,63555.0,,194.0,82.88948111082911,1220.0,,174.50690916157612,5,VS,VS,159.01639344262296
Bois-D'Amont,72095.0,,404.0,194.1609968235197,2422.0,,157.60465313434284,13,ZH,ZH,166.80429397192404
Tafers,68723.0,,3195.0,188.96473661325226,8026.0,,165.56316058351163,15,BE,BE,398.0812359830551
Welschenrohr-Gänsbrunnen,59501.0,,298.0,48.84846412489401,1209.0,,172.30803969088387,10,FR,FR,246.48469809760132
Stüsslingen,74013.0,,206.0,157.43280735895212,1259.0,,191.3277799976851,6,ZH,ZH,163.6219221604448
Muntogna Da Schons,56496.0,,258.0,6.834560112110558,368.0,,183.86933057807923,12,GL,GL,701.0869565217391
Aubonne,92910.0,,4113.0,275.0723821657078,3856.0,,179.77302163442707,7,BE,BE,1066.649377593361
Val De Bagnes,73414.0,,7358.0,35.71100467890776,10907.0,,192.36477667477885,2,OW,OW,674.6126340882003
Martigny,62258.0,,15154.0,663.6483746476596,22247.0,20.0,170.37328664919576,11,UR,UR,681.1704948981885
Noble-Contrée,71377.0,,787.0,643.0433648748856,4693.0,,178.5260272733065,8,SO,SO,167.6965693586192
Neuchâtel,70217.0,6705.94696969697,37929.0,1412.6236316577088,45309.0,39.2,162.33653485344263,11,OW,OW,837.1184532874263
Le Locle,57950.0,5461.771980676328,9351.0,317.66271887614187,10907.0,26.8,180.3634708001415,9,FR,FR,857.3393233703126
Langenthal,66698.0,,13386.0,773.7701274731276,16141.0,25.0,162.43552470291795,15,AG,AG,829.3166470478905
Hindelbank,69188.0,5185.833333333334,999.0,284.5255137358154,2794.0,,140.17901503759163,18,NE,NE,357.55189692197564
Riggisberg,65547.0,,1916.0,90.90908093151727,3184.0,,176.9570743200382,11,NW,NW,601.7587939698492
Crans (Vd),154360.0,,302.0,587.2324144607123,2445.0,,194.64731756360803,12,UR,UR,123.51738241308793
Klosters,73810.0,,2405.0,20.366645771115408,4478.0,,193.6696828601573,5,AI,AI,537.070120589549
Tresa,58895.0,,2142.0,269.7935677882015,3126.0,,191.4103890208455,8,ZH,ZH,685.2207293666028
Hautemorges,85163.0,,1175.0,132.1901205181521,4383.0,,197.04202983995864,4,ZH,ZH,268.0812229066849
Assens,82541.0,,1470.0,208.62757020023085,1717.0,,178.95745554356492,7,FR,FR,856.144437973209
Murten,74596.0,,5616.0,255.73407845473463,9552.0,19.4,180.04964110506828,8,BS,BS,587.9396984924623
Böztal,72137.0,6239.68085106383,734.0,135.2789980942916,2940.0,,169.2000333130473,10,AG,AG,249.65986394557822
Zurzach,69465.0,,4035.0,325.19633153102814,8336.0,,171.55595206481752,12,GE,GE,484.0451055662188
Oron,69439.0,,2436.0,238.14562636975518,6341.0,,186.5272319998311,15,VS,VS,384.1665352468065
Blonay - Saint-Légier,103760.0,10959.100049407116,4845.0,363.71451620410323,12464.0,,193.91565468190853,4,FR,FR,388.719512195122
Val Mara,,,977.0,260.35820610510103,3005.0,,174.9454303387332,9,SO,SO,325.12479201331115
Schwende-Rüte,,,2681.0,62.903469677939604,6108.0,,172.5380862583357,11,JU,JU,438.93254747871646
Andelfingen,,,2073.0,210.42135031856455,3681.0,,177.61503637973334,11,SH,SH,563.1621841890791
Münchenbuchsee,71902.0,,5211.0,908.964015996101,10696.0,41.5,178.6518668830683,11,FR,FR,487.1914734480179
Neckertal,,,2439.0,78.78818566983298,6420.0,,157.45179062568528,18,JU,JU,379.9065420560748
Les Breuleux,62686.0,4004.4827586206898,1314.0,108.28625815104509,1627.0,,144.33019974387162,10,FR,FR,807.6213890596189
Menziken,61836.0,,2234.0,1140.9584456094183,8672.0,,158.72766692629597,7,NW,NW,257.61070110701104
Herznach-Ueken,,,520.0,235.71643057092737,2667.0,,159.0077058499984,13,BE,BE,194.9756280464942
Damphreux-Lugnez,,,76.0,30.466699609128714,370.0,,172.03906416721804,15,SH,SH,205.40540540540542
Reutigen,61347.0,,202.0,112.12292278300363,1393.0,,176.51241655048125,6,ZG,ZG,145.01076812634602
Wangen An Der Aare,67738.0,,1120.0,374.43424524314634,2920.0,,168.93630415724698,3,BS,BS,383.5616438356164
Buchegg,74516.0,,1054.0,115.20016864931573,2964.0,,200.0,7,ZH,ZH,355.60053981106614
Basse-Vendline,,,,36.875156177684644,736.0,,184.48919077717375,9,AR,AR,0.0
Baden,83085.0,8372.116666666667,30237.0,1693.0116245426932,23853.0,51.3,165.19155358847937,10,VS,VS,1267.6392906552635
Kloten,73958.0,8884.615384615385,41693.0,1121.5746852029363,21737.0,49.6,176.54007821417588,7,GL,GL,1918.0659704651055
Nürensdorf,99500.0,,1175.0,584.5757847429422,5862.0,,156.25392223194572,12,VD,VD,200.44353462981917
Chur,71104.0,,34967.0,464.2048394032367,39177.0,24.1,190.29704172108717,8,VS,VS,892.5389897133522
Root,70903.0,,5541.0,633.5283649986985,6064.0,,171.64119695977976,9,GE,GE,913.7532981530343
Rue,68390.0,,231.0,77.50401620973985,1618.0,,189.18147997728474,9,AR,AR,142.7688504326329
Ursy,69649.0,,1023.0,204.27043950271906,3502.0,,161.59946662950836,5,NW,NW,292.11878926327813
Grolley-Ponthaux,,,,,,,156.70254063551295,12,LU,LU,0.0
Laténa,,,,,,29.5,192.27726699612936,3,GR,GR,0.0
Giornico,54758.0,,396.0,29.499441978096314,801.0,,185.31835055865758,8,VS,VS,494.3820224719101
Quinto,60042.0,,755.0,9.82940004123253,926.0,,166.3659534300413,11,VD,VD,815.3347732181426
Lema,,,,,,,166.9639759066335,15,UR,UR,0.0
Oberbuchsiten,70547.0,4815.60480389231,809.0,239.25532599232847,2406.0,,194.15952011352925,1,GR,GR,336.24272651704075
Neuendorf,70468.0,,2255.0,336.0008660857049,2396.0,,158.33254068777023,14,GR,GR,941.1519198664441
Moutier,,3781.909090909091,,,,22.9,200.0,7,BS,BS,0.0
Fétigny-Ménières,,,,,,,166.49961110603587,18,NE,NE,0.0
Gurmels,73462.0,,888.0,229.94831622620333,4675.0,,186.96010991056454,7,BL,BL,189.94652406417111
Kriegstetten,71941.0,,597.0,267.23809010838085,1446.0,,172.02931851608915,12,GR,GR,412.8630705394191
Brugg,73705.0,4501.875,10285.0,856.2248269568612,13529.0,39.9,179.28355621366208,4,GR,GR,760.2187892674995
