STRUCTURE,STRUCTURE_ID,STRUCTURE_NAME,ACTION,SSV_SWISS_CITY,Villes suisses,SSV_CLASS_CITY,Classe de taille de la commune (habitants),SSV_MOB_COM,Pendulaires (sortants et intracommunaux),STATISTICAL_OPERATION,Opération statistique,OBS_VALUE,Valeur d'observation,OBS_STATUS,Statut d'observation,PERIOD,Période,EMBARGO_DATE,Date de publication,LAST_UPDATE,Date d’actualisation,DB_STATE,Etat de la base de données,REGION_REF,Référence spatiale,REGION_STATE,Date de référence spatiale,DATASET_COMMENT,Remarques
DATAFLOW,CH1.SSV:DF_SSV_MOB_COM(2026.1.0),"Statistiques des villes suisses 2026, pendulaires selon le principal moyen de transport",I,117,Hinwil,2,10 000-14 999,pen_tim,Transport individuel motorisé (TIM),CI,Intervalle de confiance (+/-),19.53,,A,Valeur normale,2023,,28.04.2026,,28.04.2026,,,,POLG,Communes,06.04.2025,,DATASET_COMMENT,"Source: Office fédéral de la statistique – Pendularité (PEND), Relevé structurel (RS)

Les données concernent les 180 villes de la publication ""Statistiques des villes suisses"", constituées de 173 villes statistiques et de 7 autres membres de l'Union des villes suisses: Appenzell, Arosa, La Neuveville, Moutier, Morat, Willisau et Worb."
DATAFLOW,CH1.SSV:DF_SSV_MOB_COM(2026.1.0),"Statistiques des villes suisses 2026, pendulaires selon le principal moyen de transport",I,155,Männedorf,2,10 000-14 999,pen_t,"Pendulaires, total",CI,Intervalle de confiance (+/-),16.08,,A,Valeur normale,2023,,28.04.2026,,28.04.2026,,,,POLG,Communes,06.04.2025,,DATASET_COMMENT,"Source: Office fédéral de la statistique – Pendularité (PEND), Relevé structurel (RS)

Les données concernent les 180 villes de la publication ""Statistiques des villes suisses"", constituées de 173 villes statistiques et de 7 autres membres de l'Union des villes suisses: Appenzell, Arosa, La Neuveville, Moutier, Morat, Willisau et Worb."
DATAFLOW,CH1.SSV:DF_SSV_MOB_COM(2026.1.0),"Statistiques des villes suisses 2026, pendulaires selon le principal moyen de transport",I,156,Meilen,2,10 000-14 999,pen_t,"Pendulaires, total",OBS,Valeur observée,6070,,A,Valeur normale,2023,,28.04.2026,,28.04.2026,,,,POLG,Communes,06.04.2025,,DATASET_COMMENT,"Source: Office fédéral de la statistique – Pendularité (PEND), Relevé structurel (RS)

Les données concernent les 180 villes de la publication ""Statistiques des villes suisses"", constituées de 173 villes statistiques et de 7 autres membres de l'Union des villes suisses: Appenzell, Arosa, La Neuveville, Moutier, Morat, Willisau et Worb."
DATAFLOW,CH1.SSV:DF_SSV_MOB_COM(2026.1.0),"Statistiques des villes suisses 2026, pendulaires selon le principal moyen de transport",I,198,Uster,4,20 000-49 999,pen_t,"Pendulaires, total",OBS,Valeur observée,16606,,A,Valeur normale,2023,,28.04.2026,,28.04.2026,,,,POLG,Communes,06.04.2025,,DATASET_COMMENT,"Source: Office fédéral de la statistique – Pendularité (PEND), Relevé structurel (RS)

Les données concernent les 180 villes de la publication ""Statistiques des villes suisses"", constituées de 173 villes statistiques et de 7 autres membres de l'Union des villes suisses: Appenzell, Arosa, La Neuveville, Moutier, Morat, Willisau et Worb."
DATAFLOW,CH1.SSV:DF_SSV_MOB_COM(2026.1.0),"Statistiques des villes suisses 2026, pendulaires selon le principal moyen de transport",I,198,Uster,4,20 000-49 999,pen_tp,Transport public (TP),CI,Intervalle de confiance (+/-),12.66,,A,Valeur normale,2023,,28.04.2026,,28.04.2026,,,,POLG,Communes,06.04.2025,,DATASET_COMMENT,"Source: Office fédéral de la statistique – Pendularité (PEND), Relevé structurel (RS)

Les données concernent les 180 villes de la publication ""Statistiques des villes suisses"", constituées de 173 villes statistiques et de 7 autres membres de l'Union des villes suisses: Appenzell, Arosa, La Neuveville, Moutier, Morat, Willisau et Worb."
DATAFLOW,CH1.SSV:DF_SSV_MOB_COM(2026.1.0),"Statistiques des villes suisses 2026, pendulaires selon le principal moyen de transport",I,250,Urdorf,2,10 000-14 999,pen_tp,Transport public (TP),OBS,Valeur observée,1727,,U,Faible fiabilité,2023,,28.04.2026,,28.04.2026,,,,POLG,Communes,06.04.2025,,DATASET_COMMENT,"Source: Office fédéral de la statistique – Pendularité (PEND), Relevé structurel (RS)

Les données concernent les 180 villes de la publication ""Statistiques des villes suisses"", constituées de 173 villes statistiques et de 7 autres membres de l'Union des villes suisses: Appenzell, Arosa, La Neuveville, Moutier, Morat, Willisau et Worb."
DATAFLOW,CH1.SSV:DF_SSV_MOB_COM(2026.1.0),"Statistiques des villes suisses 2026, pendulaires selon le principal moyen de transport",I,250,Urdorf,2,10 000-14 999,pen_tim,Transport individuel motorisé (TIM),CI,Intervalle de confiance (+/-),29.39,,U,Faible fiabilité,2023,,28.04.2026,,28.04.2026,,,,POLG,Communes,06.04.2025,,DATASET_COMMENT,"Source: Office fédéral de la statistique – Pendularité (PEND), Relevé structurel (RS)

Les données concernent les 180 villes de la publication ""Statistiques des villes suisses"", constituées de 173 villes statistiques et de 7 autres membres de l'Union des villes suisses: Appenzell, Arosa, La Neuveville, Moutier, Morat, Willisau et Worb."
DATAFLOW,CH1.SSV:DF_SSV_MOB_COM(2026.1.0),"Statistiques des villes suisses 2026, pendulaires selon le principal moyen de transport",I,355,Köniz,4,20 000-49 999,pen_tp,Transport public (TP),CI,Intervalle de confiance (+/-),12.43,,A,Valeur normale,2023,,28.04.2026,,28.04.2026,,,,POLG,Communes,06.04.2025,,DATASET_COMMENT,"Source: Office fédéral de la statistique – Pendularité (PEND), Relevé structurel (RS)

Les données concernent les 180 villes de la publication ""Statistiques des villes suisses"", constituées de 173 villes statistiques et de 7 autres membres de l'Union des villes suisses: Appenzell, Arosa, La Neuveville, Moutier, Morat, Willisau et Worb."
DATAFLOW,CH1.SSV:DF_SSV_MOB_COM(2026.1.0),"Statistiques des villes suisses 2026, pendulaires selon le principal moyen de transport",I,361,Zollikofen,2,10 000-14 999,pen_t,"Pendulaires, total",CI,Intervalle de confiance (+/-),16.53,,A,Valeur normale,2023,,28.04.2026,,28.04.2026,,,,POLG,Communes,06.04.2025,,DATASET_COMMENT,"Source: Office fédéral de la statistique – Pendularité (PEND), Relevé structurel (RS)

Les données concernent les 180 villes de la publication ""Statistiques des villes suisses"", constituées de 173 villes statistiques et de 7 autres membres de l'Union des villes suisses: Appenzell, Arosa, La Neuveville, Moutier, Morat, Willisau et Worb."
DATAFLOW,CH1.SSV:DF_SSV_MOB_COM(2026.1.0),"Statistiques des villes suisses 2026, pendulaires selon le principal moyen de transport",I,362,Ittigen,2,10 000-14 999,pen_t,"Pendulaires, total",OBS,Valeur observée,4223,,A,Valeur normale,2023,,28.04.2026,,28.04.2026,,,,POLG,Communes,06.04.2025,,DATASET_COMMENT,"Source: Office fédéral de la statistique – Pendularité (PEND), Relevé structurel (RS)

Les données concernent les 180 villes de la publication ""Statistiques des villes suisses"", constituées de 173 villes statistiques et de 7 autres membres de l'Union des villes suisses: Appenzell, Arosa, La Neuveville, Moutier, Morat, Willisau et Worb."
DATAFLOW,CH1.SSV:DF_SSV_MOB_COM(2026.1.0),"Statistiques des villes suisses 2026, pendulaires selon le principal moyen de transport",I,371,Biel/Bienne,5,50 000-99 999,pen_tim,Transport individuel motorisé (TIM),OBS,Valeur observée,7560,,A,Valeur normale,2023,,28.04.2026,,28.04.2026,,,,POLG,Communes,06.04.2025,,DATASET_COMMENT,"Source: Office fédéral de la statistique – Pendularité (PEND), Relevé structurel (RS)

Les données concernent les 180 villes de la publication ""Statistiques des villes suisses"", constituées de 173 villes statistiques et de 7 autres membres de l'Union des villes suisses: Appenzell, Arosa, La Neuveville, Moutier, Morat, Willisau et Worb."
DATAFLOW,CH1.SSV:DF_SSV_MOB_COM(2026.1.0),"Statistiques des villes suisses 2026, pendulaires selon le principal moyen de transport",I,404,Burgdorf,3,15 000-19 999,pen_tp,Transport public (TP),CI,Intervalle de confiance (+/-),25.93,,A,Valeur normale,2023,,28.04.2026,,28.04.2026,,,,POLG,Communes,06.04.2025,,DATASET_COMMENT,"Source: Office fédéral de la statistique – Pendularité (PEND), Relevé structurel (RS)

Les données concernent les 180 villes de la publication ""Statistiques des villes suisses"", constituées de 173 villes statistiques et de 7 autres membres de l'Union des villes suisses: Appenzell, Arosa, La Neuveville, Moutier, Morat, Willisau et Worb."
DATAFLOW,CH1.SSV:DF_SSV_MOB_COM(2026.1.0),"Statistiques des villes suisses 2026, pendulaires selon le principal moyen de transport",I,546,Münchenbuchsee,2,10 000-14 999,pen_tp,Transport public (TP),OBS,Valeur observée,1714,,U,Faible fiabilité,2023,,28.04.2026,,28.04.2026,,,,POLG,Communes,06.04.2025,,DATASET_COMMENT,"Source: Office fédéral de la statistique – Pendularité (PEND), Relevé structurel (RS)

Les données concernent les 180 villes de la publication ""Statistiques des villes suisses"", constituées de 173 villes statistiques et de 7 autres membres de l'Union des villes suisses: Appenzell, Arosa, La Neuveville, Moutier, Morat, Willisau et Worb."
DATAFLOW,CH1.SSV:DF_SSV_MOB_COM(2026.1.0),"Statistiques des villes suisses 2026, pendulaires selon le principal moyen de transport",I,546,Münchenbuchsee,2,10 000-14 999,pen_tim,Transport individuel motorisé (TIM),CI,Intervalle de confiance (+/-),28,,U,Faible fiabilité,2023,,28.04.2026,,28.04.2026,,,,POLG,Communes,06.04.2025,,DATASET_COMMENT,"Source: Office fédéral de la statistique – Pendularité (PEND), Relevé structurel (RS)

Les données concernent les 180 villes de la publication ""Statistiques des villes suisses"", constituées de 173 villes statistiques et de 7 autres membres de l'Union des villes suisses: Appenzell, Arosa, La Neuveville, Moutier, Morat, Willisau et Worb."
DATAFLOW,CH1.SSV:DF_SSV_MOB_COM(2026.1.0),"Statistiques des villes suisses 2026, pendulaires selon le principal moyen de transport",I,700,Moutier,1,moins de 10 000,pen_tp,Transport public (TP),OBS,Valeur observée,637,,U,Faible fiabilité,2023,,28.04.2026,,28.04.2026,,,,POLG,Communes,06.04.2025,,DATASET_COMMENT,"Source: Office fédéral de la statistique – Pendularité (PEND), Relevé structurel (RS)

Les données concernent les 180 villes de la publication ""Statistiques des villes suisses"", constituées de 173 villes statistiques et de 7 autres membres de l'Union des villes suisses: Appenzell, Arosa, La Neuveville, Moutier, Morat, Willisau et Worb."
DATAFLOW,CH1.SSV:DF_SSV_MOB_COM(2026.1.0),"Statistiques des villes suisses 2026, pendulaires selon le principal moyen de transport",I,700,Moutier,1,moins de 10 000,pen_tim,Transport individuel motorisé (TIM),CI,Intervalle de confiance (+/-),27.96,,U,Faible fiabilité,2023,,28.04.2026,,28.04.2026,,,,POLG,Communes,06.04.2025,,DATASET_COMMENT,"Source: Office fédéral de la statistique – Pendularité (PEND), Relevé structurel (RS)

Les données concernent les 180 villes de la publication ""Statistiques des villes suisses"", constituées de 173 villes statistiques et de 7 autres membres de l'Union des villes suisses: Appenzell, Arosa, La Neuveville, Moutier, Morat, Willisau et Worb."
DATAFLOW,CH1.SSV:DF_SSV_MOB_COM(2026.1.0),"Statistiques des villes suisses 2026, pendulaires selon le principal moyen de transport",I,939,Steffisburg,3,15 000-19 999,pen_t,"Pendulaires, total",OBS,Valeur observée,7707,,A,Valeur normale,2023,,28.04.2026,,28.04.2026,,,,POLG,Communes,06.04.2025,,DATASET_COMMENT,"Source: Office fédéral de la statistique – Pendularité (PEND), Relevé structurel (RS)

Les données concernent les 180 villes de la publication ""Statistiques des villes suisses"", constituées de 173 villes statistiques et de 7 autres membres de l'Union des villes suisses: Appenzell, Arosa, La Neuveville, Moutier, Morat, Willisau et Worb."
DATAFLOW,CH1.SSV:DF_SSV_MOB_COM(2026.1.0),"Statistiques des villes suisses 2026, pendulaires selon le principal moyen de transport",I,939,Steffisburg,3,15 000-19 999,pen_tp,Transport public (TP),CI,Intervalle de confiance (+/-),28.59,,U,Faible fiabilité,2023,,28.04.2026,,28.04.2026,,,,POLG,Communes,06.04.2025,,DATASET_COMMENT,"Source: Office fédéral de la statistique – Pendularité (PEND), Relevé structurel (RS)

Les données concernent les 180 villes de la publication ""Statistiques des villes suisses"", constituées de 173 villes statistiques et de 7 autres membres de l'Union des villes suisses: Appenzell, Arosa, La Neuveville, Moutier, Morat, Willisau et Worb."
DATAFLOW,CH1.SSV:DF_SSV_MOB_COM(2026.1.0),"Statistiques des villes suisses 2026, pendulaires selon le principal moyen de transport",I,1054,Ebikon,2,10 000-14 999,pen_tp,Transport public (TP),CI,Intervalle de confiance (+/-),19.83,,A,Valeur normale,2023,,28.04.2026,,28.04.2026,,,,POLG,Communes,06.04.2025,,DATASET_COMMENT,"Source: Office fédéral de la statistique – Pendularité (PEND), Relevé structurel (RS)

Les données concernent les 180 villes de la publication ""Statistiques des villes suisses"", constituées de 173 villes statistiques et de 7 autres membres de l'Union des villes suisses: Appenzell, Arosa, La Neuveville, Moutier, Morat, Willisau et Worb."
DATAFLOW,CH1.SSV:DF_SSV_MOB_COM(2026.1.0),"Statistiques des villes suisses 2026, pendulaires selon le principal moyen de transport",I,1059,Kriens,4,20 000-49 999,pen_tp,Transport public (TP),OBS,Valeur observée,3866,,A,Valeur normale,2023,,28.04.2026,,28.04.2026,,,,POLG,Communes,06.04.2025,,DATASET_COMMENT,"Source: Office fédéral de la statistique – Pendularité (PEND), Relevé structurel (RS)

Les données concernent les 180 villes de la publication ""Statistiques des villes suisses"", constituées de 173 villes statistiques et de 7 autres membres de l'Union des villes suisses: Appenzell, Arosa, La Neuveville, Moutier, Morat, Willisau et Worb."
DATAFLOW,CH1.SSV:DF_SSV_MOB_COM(2026.1.0),"Statistiques des villes suisses 2026, pendulaires selon le principal moyen de transport",I,1201,Altdorf (UR),2,10 000-14 999,pen_t,"Pendulaires, total",CI,Intervalle de confiance (+/-),16.25,,A,Valeur normale,2023,,28.04.2026,,28.04.2026,,,,POLG,Communes,06.04.2025,,DATASET_COMMENT,"Source: Office fédéral de la statistique – Pendularité (PEND), Relevé structurel (RS)

Les données concernent les 180 villes de la publication ""Statistiques des villes suisses"", constituées de 173 villes statistiques et de 7 autres membres de l'Union des villes suisses: Appenzell, Arosa, La Neuveville, Moutier, Morat, Willisau et Worb."
DATAFLOW,CH1.SSV:DF_SSV_MOB_COM(2026.1.0),"Statistiques des villes suisses 2026, pendulaires selon le principal moyen de transport",I,1301,Einsiedeln,3,15 000-19 999,pen_t,"Pendulaires, total",OBS,Valeur observée,7393,,A,Valeur normale,2023,,28.04.2026,,28.04.2026,,,,POLG,Communes,06.04.2025,,DATASET_COMMENT,"Source: Office fédéral de la statistique – Pendularité (PEND), Relevé structurel (RS)

Les données concernent les 180 villes de la publication ""Statistiques des villes suisses"", constituées de 173 villes statistiques et de 7 autres membres de l'Union des villes suisses: Appenzell, Arosa, La Neuveville, Moutier, Morat, Willisau et Worb."
DATAFLOW,CH1.SSV:DF_SSV_MOB_COM(2026.1.0),"Statistiques des villes suisses 2026, pendulaires selon le principal moyen de transport",I,1407,Sarnen,2,10 000-14 999,pen_tp,Transport public (TP),OBS,Valeur observée,586,,U,Faible fiabilité,2023,,28.04.2026,,28.04.2026,,,,POLG,Communes,06.04.2025,,DATASET_COMMENT,"Source: Office fédéral de la statistique – Pendularité (PEND), Relevé structurel (RS)

Les données concernent les 180 villes de la publication ""Statistiques des villes suisses"", constituées de 173 villes statistiques et de 7 autres membres de l'Union des villes suisses: Appenzell, Arosa, La Neuveville, Moutier, Morat, Willisau et Worb."
DATAFLOW,CH1.SSV:DF_SSV_MOB_COM(2026.1.0),"Statistiques des villes suisses 2026, pendulaires selon le principal moyen de transport",I,1407,Sarnen,2,10 000-14 999,pen_tim,Transport individuel motorisé (TIM),CI,Intervalle de confiance (+/-),19.82,,A,Valeur normale,2023,,28.04.2026,,28.04.2026,,,,POLG,Communes,06.04.2025,,DATASET_COMMENT,"Source: Office fédéral de la statistique – Pendularité (PEND), Relevé structurel (RS)

Les données concernent les 180 villes de la publication ""Statistiques des villes suisses"", constituées de 173 villes statistiques et de 7 autres membres de l'Union des villes suisses: Appenzell, Arosa, La Neuveville, Moutier, Morat, Willisau et Worb."
DATAFLOW,CH1.SSV:DF_SSV_MOB_COM(2026.1.0),"Statistiques des villes suisses 2026, pendulaires selon le principal moyen de transport",I,1509,Stans,1,moins de 10 000,pen_tim,Transport individuel motorisé (TIM),CI,Intervalle de confiance (+/-),25.94,,A,Valeur normale,2023,,28.04.2026,,28.04.2026,,,,POLG,Communes,06.04.2025,,DATASET_COMMENT,"Source: Office fédéral de la statistique – Pendularité (PEND), Relevé structurel (RS)

Les données concernent les 180 villes de la publication ""Statistiques des villes suisses"", constituées de 173 villes statistiques et de 7 autres membres de l'Union des villes suisses: Appenzell, Arosa, La Neuveville, Moutier, Morat, Willisau et Worb."
DATAFLOW,CH1.SSV:DF_SSV_MOB_COM(2026.1.0),"Statistiques des villes suisses 2026, pendulaires selon le principal moyen de transport",I,2228,Villars-sur-Glâne,2,10 000-14 999,pen_tp,Transport public (TP),OBS,Valeur observée,1752,,U,Faible fiabilité,2023,,28.04.2026,,28.04.2026,,,,POLG,Communes,06.04.2025,,DATASET_COMMENT,"Source: Office fédéral de la statistique – Pendularité (PEND), Relevé structurel (RS)

Les données concernent les 180 villes de la publication ""Statistiques des villes suisses"", constituées de 173 villes statistiques et de 7 autres membres de l'Union des villes suisses: Appenzell, Arosa, La Neuveville, Moutier, Morat, Willisau et Worb."
DATAFLOW,CH1.SSV:DF_SSV_MOB_COM(2026.1.0),"Statistiques des villes suisses 2026, pendulaires selon le principal moyen de transport",I,2228,Villars-sur-Glâne,2,10 000-14 999,pen_tim,Transport individuel motorisé (TIM),CI,Intervalle de confiance (+/-),25.44,,A,Valeur normale,2023,,28.04.2026,,28.04.2026,,,,POLG,Communes,06.04.2025,,DATASET_COMMENT,"Source: Office fédéral de la statistique – Pendularité (PEND), Relevé structurel (RS)

Les données concernent les 180 villes de la publication ""Statistiques des villes suisses"", constituées de 173 villes statistiques et de 7 autres membres de l'Union des villes suisses: Appenzell, Arosa, La Neuveville, Moutier, Morat, Willisau et Worb."
DATAFLOW,CH1.SSV:DF_SSV_MOB_COM(2026.1.0),"Statistiques des villes suisses 2026, pendulaires selon le principal moyen de transport",I,2275,Murten,1,moins de 10 000,pen_t,"Pendulaires, total",OBS,Valeur observée,4303,,A,Valeur normale,2023,,28.04.2026,,28.04.2026,,,,POLG,Communes,06.04.2025,,DATASET_COMMENT,"Source: Office fédéral de la statistique – Pendularité (PEND), Relevé structurel (RS)

Les données concernent les 180 villes de la publication ""Statistiques des villes suisses"", constituées de 173 villes statistiques et de 7 autres membres de l'Union des villes suisses: Appenzell, Arosa, La Neuveville, Moutier, Morat, Willisau et Worb."
DATAFLOW,CH1.SSV:DF_SSV_MOB_COM(2026.1.0),"Statistiques des villes suisses 2026, pendulaires selon le principal moyen de transport",I,2275,Murten,1,moins de 10 000,pen_tp,Transport public (TP),CI,Intervalle de confiance (+/-),40.76,,U,Faible fiabilité,2023,,28.04.2026,,28.04.2026,,,,POLG,Communes,06.04.2025,,DATASET_COMMENT,"Source: Office fédéral de la statistique – Pendularité (PEND), Relevé structurel (RS)

Les données concernent les 180 villes de la publication ""Statistiques des villes suisses"", constituées de 173 villes statistiques et de 7 autres membres de l'Union des villes suisses: Appenzell, Arosa, La Neuveville, Moutier, Morat, Willisau et Worb."
DATAFLOW,CH1.SSV:DF_SSV_MOB_COM(2026.1.0),"Statistiques des villes suisses 2026, pendulaires selon le principal moyen de transport",I,2761,Aesch (BL),2,10 000-14 999,pen_tim,Transport individuel motorisé (TIM),CI,Intervalle de confiance (+/-),29.93,,U,Faible fiabilité,2023,,28.04.2026,,28.04.2026,,,,POLG,Communes,06.04.2025,,DATASET_COMMENT,"Source: Office fédéral de la statistique – Pendularité (PEND), Relevé structurel (RS)

Les données concernent les 180 villes de la publication ""Statistiques des villes suisses"", constituées de 173 villes statistiques et de 7 autres membres de l'Union des villes suisses: Appenzell, Arosa, La Neuveville, Moutier, Morat, Willisau et Worb."
DATAFLOW,CH1.SSV:DF_SSV_MOB_COM(2026.1.0),"Statistiques des villes suisses 2026, pendulaires selon le principal moyen de transport",I,2762,Allschwil,4,20 000-49 999,pen_tp,Transport public (TP),OBS,Valeur observée,4174,,A,Valeur normale,2023,,28.04.2026,,28.04.2026,,,,POLG,Communes,06.04.2025,,DATASET_COMMENT,"Source: Office fédéral de la statistique – Pendularité (PEND), Relevé structurel (RS)

Les données concernent les 180 villes de la publication ""Statistiques des villes suisses"", constituées de 173 villes statistiques et de 7 autres membres de l'Union des villes suisses: Appenzell, Arosa, La Neuveville, Moutier, Morat, Willisau et Worb."
DATAFLOW,CH1.SSV:DF_SSV_MOB_COM(2026.1.0),"Statistiques des villes suisses 2026, pendulaires selon le principal moyen de transport",I,2762,Allschwil,4,20 000-49 999,pen_tim,Transport individuel motorisé (TIM),CI,Intervalle de confiance (+/-),24.4,,A,Valeur normale,2023,,28.04.2026,,28.04.2026,,,,POLG,Communes,06.04.2025,,DATASET_COMMENT,"Source: Office fédéral de la statistique – Pendularité (PEND), Relevé structurel (RS)

Les données concernent les 180 villes de la publication ""Statistiques des villes suisses"", constituées de 173 villes statistiques et de 7 autres membres de l'Union des villes suisses: Appenzell, Arosa, La Neuveville, Moutier, Morat, Willisau et Worb."
DATAFLOW,CH1.SSV:DF_SSV_MOB_COM(2026.1.0),"Statistiques des villes suisses 2026, pendulaires selon le principal moyen de transport",I,2765,Binningen,3,15 000-19 999,pen_tp,Transport public (TP),CI,Intervalle de confiance (+/-),23.25,,A,Valeur normale,2023,,28.04.2026,,28.04.2026,,,,POLG,Communes,06.04.2025,,DATASET_COMMENT,"Source: Office fédéral de la statistique – Pendularité (PEND), Relevé structurel (RS)

Les données concernent les 180 villes de la publication ""Statistiques des villes suisses"", constituées de 173 villes statistiques et de 7 autres membres de l'Union des villes suisses: Appenzell, Arosa, La Neuveville, Moutier, Morat, Willisau et Worb."
DATAFLOW,CH1.SSV:DF_SSV_MOB_COM(2026.1.0),"Statistiques des villes suisses 2026, pendulaires selon le principal moyen de transport",I,2766,Birsfelden,2,10 000-14 999,pen_tp,Transport public (TP),OBS,Valeur observée,2135,,A,Valeur normale,2023,,28.04.2026,,28.04.2026,,,,POLG,Communes,06.04.2025,,DATASET_COMMENT,"Source: Office fédéral de la statistique – Pendularité (PEND), Relevé structurel (RS)

Les données concernent les 180 villes de la publication ""Statistiques des villes suisses"", constituées de 173 villes statistiques et de 7 autres membres de l'Union des villes suisses: Appenzell, Arosa, La Neuveville, Moutier, Morat, Willisau et Worb."
DATAFLOW,CH1.SSV:DF_SSV_MOB_COM(2026.1.0),"Statistiques des villes suisses 2026, pendulaires selon le principal moyen de transport",I,2773,Reinach (BL),4,20 000-49 999,pen_tp,Transport public (TP),OBS,Valeur observée,2783,,A,Valeur normale,2023,,28.04.2026,,28.04.2026,,,,POLG,Communes,06.04.2025,,DATASET_COMMENT,"Source: Office fédéral de la statistique – Pendularité (PEND), Relevé structurel (RS)

Les données concernent les 180 villes de la publication ""Statistiques des villes suisses"", constituées de 173 villes statistiques et de 7 autres membres de l'Union des villes suisses: Appenzell, Arosa, La Neuveville, Moutier, Morat, Willisau et Worb."
DATAFLOW,CH1.SSV:DF_SSV_MOB_COM(2026.1.0),"Statistiques des villes suisses 2026, pendulaires selon le principal moyen de transport",I,2937,Neuhausen am Rheinfall,2,10 000-14 999,pen_tp,Transport public (TP),OBS,Valeur observée,1436,,U,Faible fiabilité,2023,,28.04.2026,,28.04.2026,,,,POLG,Communes,06.04.2025,,DATASET_COMMENT,"Source: Office fédéral de la statistique – Pendularité (PEND), Relevé structurel (RS)

Les données concernent les 180 villes de la publication ""Statistiques des villes suisses"", constituées de 173 villes statistiques et de 7 autres membres de l'Union des villes suisses: Appenzell, Arosa, La Neuveville, Moutier, Morat, Willisau et Worb."
DATAFLOW,CH1.SSV:DF_SSV_MOB_COM(2026.1.0),"Statistiques des villes suisses 2026, pendulaires selon le principal moyen de transport",I,2937,Neuhausen am Rheinfall,2,10 000-14 999,pen_tim,Transport individuel motorisé (TIM),CI,Intervalle de confiance (+/-),24.41,,A,Valeur normale,2023,,28.04.2026,,28.04.2026,,,,POLG,Communes,06.04.2025,,DATASET_COMMENT,"Source: Office fédéral de la statistique – Pendularité (PEND), Relevé structurel (RS)

Les données concernent les 180 villes de la publication ""Statistiques des villes suisses"", constituées de 173 villes statistiques et de 7 autres membres de l'Union des villes suisses: Appenzell, Arosa, La Neuveville, Moutier, Morat, Willisau et Worb."
DATAFLOW,CH1.SSV:DF_SSV_MOB_COM(2026.1.0),"Statistiques des villes suisses 2026, pendulaires selon le principal moyen de transport",I,2939,Schaffhausen,4,20 000-49 999,pen_t,"Pendulaires, total",OBS,Valeur observée,15862,,A,Valeur normale,2023,,28.04.2026,,28.04.2026,,,,POLG,Communes,06.04.2025,,DATASET_COMMENT,"Source: Office fédéral de la statistique – Pendularité (PEND), Relevé structurel (RS)

Les données concernent les 180 villes de la publication ""Statistiques des villes suisses"", constituées de 173 villes statistiques et de 7 autres membres de l'Union des villes suisses: Appenzell, Arosa, La Neuveville, Moutier, Morat, Willisau et Worb."
DATAFLOW,CH1.SSV:DF_SSV_MOB_COM(2026.1.0),"Statistiques des villes suisses 2026, pendulaires selon le principal moyen de transport",I,3203,St. Gallen,5,50 000-99 999,pen_t,"Pendulaires, total",OBS,Valeur observée,34168,,A,Valeur normale,2023,,28.04.2026,,28.04.2026,,,,POLG,Communes,06.04.2025,,DATASET_COMMENT,"Source: Office fédéral de la statistique – Pendularité (PEND), Relevé structurel (RS)

Les données concernent les 180 villes de la publication ""Statistiques des villes suisses"", constituées de 173 villes statistiques et de 7 autres membres de l'Union des villes suisses: Appenzell, Arosa, La Neuveville, Moutier, Morat, Willisau et Worb."
DATAFLOW,CH1.SSV:DF_SSV_MOB_COM(2026.1.0),"Statistiques des villes suisses 2026, pendulaires selon le principal moyen de transport",I,3271,Buchs (SG),2,10 000-14 999,pen_t,"Pendulaires, total",CI,Intervalle de confiance (+/-),14.37,,A,Valeur normale,2023,,28.04.2026,,28.04.2026,,,,POLG,Communes,06.04.2025,,DATASET_COMMENT,"Source: Office fédéral de la statistique – Pendularité (PEND), Relevé structurel (RS)

Les données concernent les 180 villes de la publication ""Statistiques des villes suisses"", constituées de 173 villes statistiques et de 7 autres membres de l'Union des villes suisses: Appenzell, Arosa, La Neuveville, Moutier, Morat, Willisau et Worb."
DATAFLOW,CH1.SSV:DF_SSV_MOB_COM(2026.1.0),"Statistiques des villes suisses 2026, pendulaires selon le principal moyen de transport",I,3340,Rapperswil-Jona,4,20 000-49 999,pen_tp,Transport public (TP),CI,Intervalle de confiance (+/-),18.06,,A,Valeur normale,2023,,28.04.2026,,28.04.2026,,,,POLG,Communes,06.04.2025,,DATASET_COMMENT,"Source: Office fédéral de la statistique – Pendularité (PEND), Relevé structurel (RS)

Les données concernent les 180 villes de la publication ""Statistiques des villes suisses"", constituées de 173 villes statistiques et de 7 autres membres de l'Union des villes suisses: Appenzell, Arosa, La Neuveville, Moutier, Morat, Willisau et Worb."
DATAFLOW,CH1.SSV:DF_SSV_MOB_COM(2026.1.0),"Statistiques des villes suisses 2026, pendulaires selon le principal moyen de transport",I,3402,Flawil,2,10 000-14 999,pen_tim,Transport individuel motorisé (TIM),OBS,Valeur observée,2336,,A,Valeur normale,2023,,28.04.2026,,28.04.2026,,,,POLG,Communes,06.04.2025,,DATASET_COMMENT,"Source: Office fédéral de la statistique – Pendularité (PEND), Relevé structurel (RS)

Les données concernent les 180 villes de la publication ""Statistiques des villes suisses"", constituées de 173 villes statistiques et de 7 autres membres de l'Union des villes suisses: Appenzell, Arosa, La Neuveville, Moutier, Morat, Willisau et Worb."
DATAFLOW,CH1.SSV:DF_SSV_MOB_COM(2026.1.0),"Statistiques des villes suisses 2026, pendulaires selon le principal moyen de transport",I,3427,Wil (SG),4,20 000-49 999,pen_tp,Transport public (TP),OBS,Valeur observée,2950,,A,Valeur normale,2023,,28.04.2026,,28.04.2026,,,,POLG,Communes,06.04.2025,,DATASET_COMMENT,"Source: Office fédéral de la statistique – Pendularité (PEND), Relevé structurel (RS)

Les données concernent les 180 villes de la publication ""Statistiques des villes suisses"", constituées de 173 villes statistiques et de 7 autres membres de l'Union des villes suisses: Appenzell, Arosa, La Neuveville, Moutier, Morat, Willisau et Worb."
DATAFLOW,CH1.SSV:DF_SSV_MOB_COM(2026.1.0),"Statistiques des villes suisses 2026, pendulaires selon le principal moyen de transport",I,3427,Wil (SG),4,20 000-49 999,pen_tim,Transport individuel motorisé (TIM),CI,Intervalle de confiance (+/-),16.65,,A,Valeur normale,2023,,28.04.2026,,28.04.2026,,,,POLG,Communes,06.04.2025,,DATASET_COMMENT,"Source: Office fédéral de la statistique – Pendularité (PEND), Relevé structurel (RS)

Les données concernent les 180 villes de la publication ""Statistiques des villes suisses"", constituées de 173 villes statistiques et de 7 autres membres de l'Union des villes suisses: Appenzell, Arosa, La Neuveville, Moutier, Morat, Willisau et Worb."
DATAFLOW,CH1.SSV:DF_SSV_MOB_COM(2026.1.0),"Statistiques des villes suisses 2026, pendulaires selon le principal moyen de transport",I,3443,Gossau (SG),3,15 000-19 999,pen_tim,Transport individuel motorisé (TIM),OBS,Valeur observée,4295,,A,Valeur normale,2023,,28.04.2026,,28.04.2026,,,,POLG,Communes,06.04.2025,,DATASET_COMMENT,"Source: Office fédéral de la statistique – Pendularité (PEND), Relevé structurel (RS)

Les données concernent les 180 villes de la publication ""Statistiques des villes suisses"", constituées de 173 villes statistiques et de 7 autres membres de l'Union des villes suisses: Appenzell, Arosa, La Neuveville, Moutier, Morat, Willisau et Worb."
DATAFLOW,CH1.SSV:DF_SSV_MOB_COM(2026.1.0),"Statistiques des villes suisses 2026, pendulaires selon le principal moyen de transport",I,3955,Landquart,1,moins de 10 000,pen_t,"Pendulaires, total",OBS,Valeur observée,3198,,A,Valeur normale,2023,,28.04.2026,,28.04.2026,,,,POLG,Communes,06.04.2025,,DATASET_COMMENT,"Source: Office fédéral de la statistique – Pendularité (PEND), Relevé structurel (RS)

Les données concernent les 180 villes de la publication ""Statistiques des villes suisses"", constituées de 173 villes statistiques et de 7 autres membres de l'Union des villes suisses: Appenzell, Arosa, La Neuveville, Moutier, Morat, Willisau et Worb."
DATAFLOW,CH1.SSV:DF_SSV_MOB_COM(2026.1.0),"Statistiques des villes suisses 2026, pendulaires selon le principal moyen de transport",I,3955,Landquart,1,moins de 10 000,pen_tp,Transport public (TP),CI,Intervalle de confiance (+/-),56,,U,Faible fiabilité,2023,,28.04.2026,,28.04.2026,,,,POLG,Communes,06.04.2025,,DATASET_COMMENT,"Source: Office fédéral de la statistique – Pendularité (PEND), Relevé structurel (RS)

Les données concernent les 180 villes de la publication ""Statistiques des villes suisses"", constituées de 173 villes statistiques et de 7 autres membres de l'Union des villes suisses: Appenzell, Arosa, La Neuveville, Moutier, Morat, Willisau et Worb."
DATAFLOW,CH1.SSV:DF_SSV_MOB_COM(2026.1.0),"Statistiques des villes suisses 2026, pendulaires selon le principal moyen de transport",I,4012,Suhr,2,10 000-14 999,pen_tim,Transport individuel motorisé (TIM),OBS,Valeur observée,2146,,A,Valeur normale,2023,,28.04.2026,,28.04.2026,,,,POLG,Communes,06.04.2025,,DATASET_COMMENT,"Source: Office fédéral de la statistique – Pendularité (PEND), Relevé structurel (RS)

Les données concernent les 180 villes de la publication ""Statistiques des villes suisses"", constituées de 173 villes statistiques et de 7 autres membres de l'Union des villes suisses: Appenzell, Arosa, La Neuveville, Moutier, Morat, Willisau et Worb."
DATAFLOW,CH1.SSV:DF_SSV_MOB_COM(2026.1.0),"Statistiques des villes suisses 2026, pendulaires selon le principal moyen de transport",I,4021,Baden,4,20 000-49 999,pen_t,"Pendulaires, total",CI,Intervalle de confiance (+/-),8.57,,A,Valeur normale,2023,,28.04.2026,,28.04.2026,,,,POLG,Communes,06.04.2025,,DATASET_COMMENT,"Source: Office fédéral de la statistique – Pendularité (PEND), Relevé structurel (RS)

Les données concernent les 180 villes de la publication ""Statistiques des villes suisses"", constituées de 173 villes statistiques et de 7 autres membres de l'Union des villes suisses: Appenzell, Arosa, La Neuveville, Moutier, Morat, Willisau et Worb."
DATAFLOW,CH1.SSV:DF_SSV_MOB_COM(2026.1.0),"Statistiques des villes suisses 2026, pendulaires selon le principal moyen de transport",I,4040,Spreitenbach,2,10 000-14 999,pen_tim,Transport individuel motorisé (TIM),OBS,Valeur observée,2503,,A,Valeur normale,2023,,28.04.2026,,28.04.2026,,,,POLG,Communes,06.04.2025,,DATASET_COMMENT,"Source: Office fédéral de la statistique – Pendularité (PEND), Relevé structurel (RS)

Les données concernent les 180 villes de la publication ""Statistiques des villes suisses"", constituées de 173 villes statistiques et de 7 autres membres de l'Union des villes suisses: Appenzell, Arosa, La Neuveville, Moutier, Morat, Willisau et Worb."
DATAFLOW,CH1.SSV:DF_SSV_MOB_COM(2026.1.0),"Statistiques des villes suisses 2026, pendulaires selon le principal moyen de transport",I,4045,Wettingen,4,20 000-49 999,pen_t,"Pendulaires, total",CI,Intervalle de confiance (+/-),8.79,,A,Valeur normale,2023,,28.04.2026,,28.04.2026,,,,POLG,Communes,06.04.2025,,DATASET_COMMENT,"Source: Office fédéral de la statistique – Pendularité (PEND), Relevé structurel (RS)

Les données concernent les 180 villes de la publication ""Statistiques des villes suisses"", constituées de 173 villes statistiques et de 7 autres membres de l'Union des villes suisses: Appenzell, Arosa, La Neuveville, Moutier, Morat, Willisau et Worb."
DATAFLOW,CH1.SSV:DF_SSV_MOB_COM(2026.1.0),"Statistiques des villes suisses 2026, pendulaires selon le principal moyen de transport",I,4254,Möhlin,2,10 000-14 999,pen_tim,Transport individuel motorisé (TIM),OBS,Valeur observée,2777,,A,Valeur normale,2023,,28.04.2026,,28.04.2026,,,,POLG,Communes,06.04.2025,,DATASET_COMMENT,"Source: Office fédéral de la statistique – Pendularité (PEND), Relevé structurel (RS)

Les données concernent les 180 villes de la publication ""Statistiques des villes suisses"", constituées de 173 villes statistiques et de 7 autres membres de l'Union des villes suisses: Appenzell, Arosa, La Neuveville, Moutier, Morat, Willisau et Worb."
DATAFLOW,CH1.SSV:DF_SSV_MOB_COM(2026.1.0),"Statistiques des villes suisses 2026, pendulaires selon le principal moyen de transport",I,4282,Rothrist,1,moins de 10 000,pen_t,"Pendulaires, total",OBS,Valeur observée,3912,,A,Valeur normale,2023,,28.04.2026,,28.04.2026,,,,POLG,Communes,06.04.2025,,DATASET_COMMENT,"Source: Office fédéral de la statistique – Pendularité (PEND), Relevé structurel (RS)

Les données concernent les 180 villes de la publication ""Statistiques des villes suisses"", constituées de 173 villes statistiques et de 7 autres membres de l'Union des villes suisses: Appenzell, Arosa, La Neuveville, Moutier, Morat, Willisau et Worb."
DATAFLOW,CH1.SSV:DF_SSV_MOB_COM(2026.1.0),"Statistiques des villes suisses 2026, pendulaires selon le principal moyen de transport",I,4282,Rothrist,1,moins de 10 000,pen_tp,Transport public (TP),CI,Intervalle de confiance (+/-),37.6,,U,Faible fiabilité,2023,,28.04.2026,,28.04.2026,,,,POLG,Communes,06.04.2025,,DATASET_COMMENT,"Source: Office fédéral de la statistique – Pendularité (PEND), Relevé structurel (RS)

Les données concernent les 180 villes de la publication ""Statistiques des villes suisses"", constituées de 173 villes statistiques et de 7 autres membres de l'Union des villes suisses: Appenzell, Arosa, La Neuveville, Moutier, Morat, Willisau et Worb."
DATAFLOW,CH1.SSV:DF_SSV_MOB_COM(2026.1.0),"Statistiques des villes suisses 2026, pendulaires selon le principal moyen de transport",I,4946,Weinfelden,2,10 000-14 999,pen_t,"Pendulaires, total",OBS,Valeur observée,4736,,A,Valeur normale,2023,,28.04.2026,,28.04.2026,,,,POLG,Communes,06.04.2025,,DATASET_COMMENT,"Source: Office fédéral de la statistique – Pendularité (PEND), Relevé structurel (RS)

Les données concernent les 180 villes de la publication ""Statistiques des villes suisses"", constituées de 173 villes statistiques et de 7 autres membres de l'Union des villes suisses: Appenzell, Arosa, La Neuveville, Moutier, Morat, Willisau et Worb."
DATAFLOW,CH1.SSV:DF_SSV_MOB_COM(2026.1.0),"Statistiques des villes suisses 2026, pendulaires selon le principal moyen de transport",I,4946,Weinfelden,2,10 000-14 999,pen_tp,Transport public (TP),CI,Intervalle de confiance (+/-),38.19,,U,Faible fiabilité,2023,,28.04.2026,,28.04.2026,,,,POLG,Communes,06.04.2025,,DATASET_COMMENT,"Source: Office fédéral de la statistique – Pendularité (PEND), Relevé structurel (RS)

Les données concernent les 180 villes de la publication ""Statistiques des villes suisses"", constituées de 173 villes statistiques et de 7 autres membres de l'Union des villes suisses: Appenzell, Arosa, La Neuveville, Moutier, Morat, Willisau et Worb."
DATAFLOW,CH1.SSV:DF_SSV_MOB_COM(2026.1.0),"Statistiques des villes suisses 2026, pendulaires selon le principal moyen de transport",I,5113,Locarno,3,15 000-19 999,pen_tp,Transport public (TP),CI,Intervalle de confiance (+/-),26.53,,A,Valeur normale,2023,,28.04.2026,,28.04.2026,,,,POLG,Communes,06.04.2025,,DATASET_COMMENT,"Source: Office fédéral de la statistique – Pendularité (PEND), Relevé structurel (RS)

Les données concernent les 180 villes de la publication ""Statistiques des villes suisses"", constituées de 173 villes statistiques et de 7 autres membres de l'Union des villes suisses: Appenzell, Arosa, La Neuveville, Moutier, Morat, Willisau et Worb."
DATAFLOW,CH1.SSV:DF_SSV_MOB_COM(2026.1.0),"Statistiques des villes suisses 2026, pendulaires selon le principal moyen de transport",I,5192,Lugano,5,50 000-99 999,pen_t,"Pendulaires, total",CI,Intervalle de confiance (+/-),5.38,,A,Valeur normale,2023,,28.04.2026,,28.04.2026,,,,POLG,Communes,06.04.2025,,DATASET_COMMENT,"Source: Office fédéral de la statistique – Pendularité (PEND), Relevé structurel (RS)

Les données concernent les 180 villes de la publication ""Statistiques des villes suisses"", constituées de 173 villes statistiques et de 7 autres membres de l'Union des villes suisses: Appenzell, Arosa, La Neuveville, Moutier, Morat, Willisau et Worb."
DATAFLOW,CH1.SSV:DF_SSV_MOB_COM(2026.1.0),"Statistiques des villes suisses 2026, pendulaires selon le principal moyen de transport",I,5254,Mendrisio,3,15 000-19 999,pen_t,"Pendulaires, total",OBS,Valeur observée,5279,,A,Valeur normale,2023,,28.04.2026,,28.04.2026,,,,POLG,Communes,06.04.2025,,DATASET_COMMENT,"Source: Office fédéral de la statistique – Pendularité (PEND), Relevé structurel (RS)

Les données concernent les 180 villes de la publication ""Statistiques des villes suisses"", constituées de 173 villes statistiques et de 7 autres membres de l'Union des villes suisses: Appenzell, Arosa, La Neuveville, Moutier, Morat, Willisau et Worb."
DATAFLOW,CH1.SSV:DF_SSV_MOB_COM(2026.1.0),"Statistiques des villes suisses 2026, pendulaires selon le principal moyen de transport",I,5589,Prilly,2,10 000-14 999,pen_t,"Pendulaires, total",OBS,Valeur observée,4694,,A,Valeur normale,2023,,28.04.2026,,28.04.2026,,,,POLG,Communes,06.04.2025,,DATASET_COMMENT,"Source: Office fédéral de la statistique – Pendularité (PEND), Relevé structurel (RS)

Les données concernent les 180 villes de la publication ""Statistiques des villes suisses"", constituées de 173 villes statistiques et de 7 autres membres de l'Union des villes suisses: Appenzell, Arosa, La Neuveville, Moutier, Morat, Willisau et Worb."
DATAFLOW,CH1.SSV:DF_SSV_MOB_COM(2026.1.0),"Statistiques des villes suisses 2026, pendulaires selon le principal moyen de transport",I,5590,Pully,3,15 000-19 999,pen_t,"Pendulaires, total",OBS,Valeur observée,6877,,A,Valeur normale,2023,,28.04.2026,,28.04.2026,,,,POLG,Communes,06.04.2025,,DATASET_COMMENT,"Source: Office fédéral de la statistique – Pendularité (PEND), Relevé structurel (RS)

Les données concernent les 180 villes de la publication ""Statistiques des villes suisses"", constituées de 173 villes statistiques et de 7 autres membres de l'Union des villes suisses: Appenzell, Arosa, La Neuveville, Moutier, Morat, Willisau et Worb."
DATAFLOW,CH1.SSV:DF_SSV_MOB_COM(2026.1.0),"Statistiques des villes suisses 2026, pendulaires selon le principal moyen de transport",I,5590,Pully,3,15 000-19 999,pen_tp,Transport public (TP),CI,Intervalle de confiance (+/-),13.53,,A,Valeur normale,2023,,28.04.2026,,28.04.2026,,,,POLG,Communes,06.04.2025,,DATASET_COMMENT,"Source: Office fédéral de la statistique – Pendularité (PEND), Relevé structurel (RS)

Les données concernent les 180 villes de la publication ""Statistiques des villes suisses"", constituées de 173 villes statistiques et de 7 autres membres de l'Union des villes suisses: Appenzell, Arosa, La Neuveville, Moutier, Morat, Willisau et Worb."
DATAFLOW,CH1.SSV:DF_SSV_MOB_COM(2026.1.0),"Statistiques des villes suisses 2026, pendulaires selon le principal moyen de transport",I,5721,Gland,2,10 000-14 999,pen_tp,Transport public (TP),OBS,Valeur observée,2324,,A,Valeur normale,2023,,28.04.2026,,28.04.2026,,,,POLG,Communes,06.04.2025,,DATASET_COMMENT,"Source: Office fédéral de la statistique – Pendularité (PEND), Relevé structurel (RS)

Les données concernent les 180 villes de la publication ""Statistiques des villes suisses"", constituées de 173 villes statistiques et de 7 autres membres de l'Union des villes suisses: Appenzell, Arosa, La Neuveville, Moutier, Morat, Willisau et Worb."
DATAFLOW,CH1.SSV:DF_SSV_MOB_COM(2026.1.0),"Statistiques des villes suisses 2026, pendulaires selon le principal moyen de transport",I,5724,Nyon,4,20 000-49 999,pen_t,"Pendulaires, total",OBS,Valeur observée,9272,,A,Valeur normale,2023,,28.04.2026,,28.04.2026,,,,POLG,Communes,06.04.2025,,DATASET_COMMENT,"Source: Office fédéral de la statistique – Pendularité (PEND), Relevé structurel (RS)

Les données concernent les 180 villes de la publication ""Statistiques des villes suisses"", constituées de 173 villes statistiques et de 7 autres membres de l'Union des villes suisses: Appenzell, Arosa, La Neuveville, Moutier, Morat, Willisau et Worb."
DATAFLOW,CH1.SSV:DF_SSV_MOB_COM(2026.1.0),"Statistiques des villes suisses 2026, pendulaires selon le principal moyen de transport",I,5822,Payerne,2,10 000-14 999,pen_tim,Transport individuel motorisé (TIM),OBS,Valeur observée,2347,,A,Valeur normale,2023,,28.04.2026,,28.04.2026,,,,POLG,Communes,06.04.2025,,DATASET_COMMENT,"Source: Office fédéral de la statistique – Pendularité (PEND), Relevé structurel (RS)

Les données concernent les 180 villes de la publication ""Statistiques des villes suisses"", constituées de 173 villes statistiques et de 7 autres membres de l'Union des villes suisses: Appenzell, Arosa, La Neuveville, Moutier, Morat, Willisau et Worb."
DATAFLOW,CH1.SSV:DF_SSV_MOB_COM(2026.1.0),"Statistiques des villes suisses 2026, pendulaires selon le principal moyen de transport",I,5938,Yverdon-les-Bains,4,20 000-49 999,pen_tp,Transport public (TP),CI,Intervalle de confiance (+/-),15.1,,A,Valeur normale,2023,,28.04.2026,,28.04.2026,,,,POLG,Communes,06.04.2025,,DATASET_COMMENT,"Source: Office fédéral de la statistique – Pendularité (PEND), Relevé structurel (RS)

Les données concernent les 180 villes de la publication ""Statistiques des villes suisses"", constituées de 173 villes statistiques et de 7 autres membres de l'Union des villes suisses: Appenzell, Arosa, La Neuveville, Moutier, Morat, Willisau et Worb."
DATAFLOW,CH1.SSV:DF_SSV_MOB_COM(2026.1.0),"Statistiques des villes suisses 2026, pendulaires selon le principal moyen de transport",I,6136,Martigny,4,20 000-49 999,pen_tim,Transport individuel motorisé (TIM),OBS,Valeur observée,4856,,A,Valeur normale,2023,,28.04.2026,,28.04.2026,,,,POLG,Communes,06.04.2025,,DATASET_COMMENT,"Source: Office fédéral de la statistique – Pendularité (PEND), Relevé structurel (RS)

Les données concernent les 180 villes de la publication ""Statistiques des villes suisses"", constituées de 173 villes statistiques et de 7 autres membres de l'Union des villes suisses: Appenzell, Arosa, La Neuveville, Moutier, Morat, Willisau et Worb."
DATAFLOW,CH1.SSV:DF_SSV_MOB_COM(2026.1.0),"Statistiques des villes suisses 2026, pendulaires selon le principal moyen de transport",I,6421,La Chaux-de-Fonds,4,20 000-49 999,pen_t,"Pendulaires, total",CI,Intervalle de confiance (+/-),6.47,,A,Valeur normale,2023,,28.04.2026,,28.04.2026,,,,POLG,Communes,06.04.2025,,DATASET_COMMENT,"Source: Office fédéral de la statistique – Pendularité (PEND), Relevé structurel (RS)

Les données concernent les 180 villes de la publication ""Statistiques des villes suisses"", constituées de 173 villes statistiques et de 7 autres membres de l'Union des villes suisses: Appenzell, Arosa, La Neuveville, Moutier, Morat, Willisau et Worb."
DATAFLOW,CH1.SSV:DF_SSV_MOB_COM(2026.1.0),"Statistiques des villes suisses 2026, pendulaires selon le principal moyen de transport",I,6630,Meyrin,4,20 000-49 999,pen_tp,Transport public (TP),CI,Intervalle de confiance (+/-),13.88,,A,Valeur normale,2023,,28.04.2026,,28.04.2026,,,,POLG,Communes,06.04.2025,,DATASET_COMMENT,"Source: Office fédéral de la statistique – Pendularité (PEND), Relevé structurel (RS)

Les données concernent les 180 villes de la publication ""Statistiques des villes suisses"", constituées de 173 villes statistiques et de 7 autres membres de l'Union des villes suisses: Appenzell, Arosa, La Neuveville, Moutier, Morat, Willisau et Worb."
DATAFLOW,CH1.SSV:DF_SSV_MOB_COM(2026.1.0),"Statistiques des villes suisses 2026, pendulaires selon le principal moyen de transport",I,6633,Plan-les-Ouates,2,10 000-14 999,pen_t,"Pendulaires, total",CI,Intervalle de confiance (+/-),12.77,,A,Valeur normale,2023,,28.04.2026,,28.04.2026,,,,POLG,Communes,06.04.2025,,DATASET_COMMENT,"Source: Office fédéral de la statistique – Pendularité (PEND), Relevé structurel (RS)

Les données concernent les 180 villes de la publication ""Statistiques des villes suisses"", constituées de 173 villes statistiques et de 7 autres membres de l'Union des villes suisses: Appenzell, Arosa, La Neuveville, Moutier, Morat, Willisau et Worb."
DATAFLOW,CH1.SSV:DF_SSV_MOB_COM(2026.1.0),"Statistiques des villes suisses 2026, pendulaires selon le principal moyen de transport",I,6640,Thônex,3,15 000-19 999,pen_t,"Pendulaires, total",CI,Intervalle de confiance (+/-),10.91,,A,Valeur normale,2023,,28.04.2026,,28.04.2026,,,,POLG,Communes,06.04.2025,,DATASET_COMMENT,"Source: Office fédéral de la statistique – Pendularité (PEND), Relevé structurel (RS)

Les données concernent les 180 villes de la publication ""Statistiques des villes suisses"", constituées de 173 villes statistiques et de 7 autres membres de l'Union des villes suisses: Appenzell, Arosa, La Neuveville, Moutier, Morat, Willisau et Worb."
DATAFLOW,CH1.SSV:DF_SSV_MOB_COM(2026.1.0),"Statistiques des villes suisses 2026, pendulaires selon le principal moyen de transport",I,6711,Delémont,2,10 000-14 999,pen_tim,Transport individuel motorisé (TIM),OBS,Valeur observée,2450,,A,Valeur normale,2023,,28.04.2026,,28.04.2026,,,,POLG,Communes,06.04.2025,,DATASET_COMMENT,"Source: Office fédéral de la statistique – Pendularité (PEND), Relevé structurel (RS)

Les données concernent les 180 villes de la publication ""Statistiques des villes suisses"", constituées de 173 villes statistiques et de 7 autres membres de l'Union des villes suisses: Appenzell, Arosa, La Neuveville, Moutier, Morat, Willisau et Worb."
DATAFLOW,CH1.SSV:DF_SSV_MOB_COM(2026.1.0),"Statistiques des villes suisses 2026, pendulaires selon le principal moyen de transport",I,_ST,Total des villes suisses,2,10 000-14 999,pen_t,"Pendulaires, total",CI,Intervalle de confiance (+/-),1.81,,A,Valeur normale,2023,,28.04.2026,,28.04.2026,,,,POLG,Communes,06.04.2025,,DATASET_COMMENT,"Source: Office fédéral de la statistique – Pendularité (PEND), Relevé structurel (RS)

Les données concernent les 180 villes de la publication ""Statistiques des villes suisses"", constituées de 173 villes statistiques et de 7 autres membres de l'Union des villes suisses: Appenzell, Arosa, La Neuveville, Moutier, Morat, Willisau et Worb."
DATAFLOW,CH1.SSV:DF_SSV_MOB_COM(2026.1.0),"Statistiques des villes suisses 2026, pendulaires selon le principal moyen de transport",I,_ST,Total des villes suisses,6,100 000 et plus,pen_t,"Pendulaires, total",OBS,Valeur observée,499278,,A,Valeur normale,2023,,28.04.2026,,28.04.2026,,,,POLG,Communes,06.04.2025,,DATASET_COMMENT,"Source: Office fédéral de la statistique – Pendularité (PEND), Relevé structurel (RS)

Les données concernent les 180 villes de la publication ""Statistiques des villes suisses"", constituées de 173 villes statistiques et de 7 autres membres de l'Union des villes suisses: Appenzell, Arosa, La Neuveville, Moutier, Morat, Willisau et Worb."
DATAFLOW,CH1.SSV:DF_SSV_MOB_COM(2026.1.0),"Statistiques des villes suisses 2026, pendulaires selon le principal moyen de transport",I,53,Bülach,4,20 000-49 999,pen_tim,Transport individuel motorisé (TIM),OBS,Valeur observée,5047,,A,Valeur normale,2023,,28.04.2026,,28.04.2026,,,,POLG,Communes,06.04.2025,,DATASET_COMMENT,"Source: Office fédéral de la statistique – Pendularité (PEND), Relevé structurel (RS)

Les données concernent les 180 villes de la publication ""Statistiques des villes suisses"", constituées de 173 villes statistiques et de 7 autres membres de l'Union des villes suisses: Appenzell, Arosa, La Neuveville, Moutier, Morat, Willisau et Worb."
DATAFLOW,CH1.SSV:DF_SSV_MOB_COM(2026.1.0),"Statistiques des villes suisses 2026, pendulaires selon le principal moyen de transport",I,62,Kloten,4,20 000-49 999,pen_t,"Pendulaires, total",CI,Intervalle de confiance (+/-),11.69,,A,Valeur normale,2023,,28.04.2026,,28.04.2026,,,,POLG,Communes,06.04.2025,,DATASET_COMMENT,"Source: Office fédéral de la statistique – Pendularité (PEND), Relevé structurel (RS)

Les données concernent les 180 villes de la publication ""Statistiques des villes suisses"", constituées de 173 villes statistiques et de 7 autres membres de l'Union des villes suisses: Appenzell, Arosa, La Neuveville, Moutier, Morat, Willisau et Worb."
DATAFLOW,CH1.SSV:DF_SSV_MOB_COM(2026.1.0),"Statistiques des villes suisses 2026, pendulaires selon le principal moyen de transport",I,69,Wallisellen,3,15 000-19 999,pen_t,"Pendulaires, total",CI,Intervalle de confiance (+/-),12.7,,A,Valeur normale,2023,,28.04.2026,,28.04.2026,,,,POLG,Communes,06.04.2025,,DATASET_COMMENT,"Source: Office fédéral de la statistique – Pendularité (PEND), Relevé structurel (RS)

Les données concernent les 180 villes de la publication ""Statistiques des villes suisses"", constituées de 173 villes statistiques et de 7 autres membres de l'Union des villes suisses: Appenzell, Arosa, La Neuveville, Moutier, Morat, Willisau et Worb."
DATAFLOW,CH1.SSV:DF_SSV_MOB_COM(2026.1.0),"Statistiques des villes suisses 2026, pendulaires selon le principal moyen de transport",I,96,Regensdorf,3,15 000-19 999,pen_tp,Transport public (TP),OBS,Valeur observée,2466,,A,Valeur normale,2023,,28.04.2026,,28.04.2026,,,,POLG,Communes,06.04.2025,,DATASET_COMMENT,"Source: Office fédéral de la statistique – Pendularité (PEND), Relevé structurel (RS)

Les données concernent les 180 villes de la publication ""Statistiques des villes suisses"", constituées de 173 villes statistiques et de 7 autres membres de l'Union des villes suisses: Appenzell, Arosa, La Neuveville, Moutier, Morat, Willisau et Worb."
DATAFLOW,CH1.SSV:DF_SSV_MOB_COM(2026.1.0),"Statistiques des villes suisses 2026, pendulaires selon le principal moyen de transport",I,121,Wetzikon (ZH),4,20 000-49 999,pen_t,"Pendulaires, total",OBS,Valeur observée,10889,,A,Valeur normale,2023,,28.04.2026,,28.04.2026,,,,POLG,Communes,06.04.2025,,DATASET_COMMENT,"Source: Office fédéral de la statistique – Pendularité (PEND), Relevé structurel (RS)

Les données concernent les 180 villes de la publication ""Statistiques des villes suisses"", constituées de 173 villes statistiques et de 7 autres membres de l'Union des villes suisses: Appenzell, Arosa, La Neuveville, Moutier, Morat, Willisau et Worb."
DATAFLOW,CH1.SSV:DF_SSV_MOB_COM(2026.1.0),"Statistiques des villes suisses 2026, pendulaires selon le principal moyen de transport",I,121,Wetzikon (ZH),4,20 000-49 999,pen_tp,Transport public (TP),CI,Intervalle de confiance (+/-),19.76,,A,Valeur normale,2023,,28.04.2026,,28.04.2026,,,,POLG,Communes,06.04.2025,,DATASET_COMMENT,"Source: Office fédéral de la statistique – Pendularité (PEND), Relevé structurel (RS)

Les données concernent les 180 villes de la publication ""Statistiques des villes suisses"", constituées de 173 villes statistiques et de 7 autres membres de l'Union des villes suisses: Appenzell, Arosa, La Neuveville, Moutier, Morat, Willisau et Worb."
DATAFLOW,CH1.SSV:DF_SSV_MOB_COM(2026.1.0),"Statistiques des villes suisses 2026, pendulaires selon le principal moyen de transport",I,156,Meilen,2,10 000-14 999,pen_tp,Transport public (TP),CI,Intervalle de confiance (+/-),18.51,,A,Valeur normale,2023,,28.04.2026,,28.04.2026,,,,POLG,Communes,06.04.2025,,DATASET_COMMENT,"Source: Office fédéral de la statistique – Pendularité (PEND), Relevé structurel (RS)

Les données concernent les 180 villes de la publication ""Statistiques des villes suisses"", constituées de 173 villes statistiques et de 7 autres membres de l'Union des villes suisses: Appenzell, Arosa, La Neuveville, Moutier, Morat, Willisau et Worb."
DATAFLOW,CH1.SSV:DF_SSV_MOB_COM(2026.1.0),"Statistiques des villes suisses 2026, pendulaires selon le principal moyen de transport",I,158,Stäfa,3,15 000-19 999,pen_t,"Pendulaires, total",CI,Intervalle de confiance (+/-),14.43,,A,Valeur normale,2023,,28.04.2026,,28.04.2026,,,,POLG,Communes,06.04.2025,,DATASET_COMMENT,"Source: Office fédéral de la statistique – Pendularité (PEND), Relevé structurel (RS)

Les données concernent les 180 villes de la publication ""Statistiques des villes suisses"", constituées de 173 villes statistiques et de 7 autres membres de l'Union des villes suisses: Appenzell, Arosa, La Neuveville, Moutier, Morat, Willisau et Worb."
DATAFLOW,CH1.SSV:DF_SSV_MOB_COM(2026.1.0),"Statistiques des villes suisses 2026, pendulaires selon le principal moyen de transport",I,230,Winterthur,6,100 000 et plus,pen_tp,Transport public (TP),OBS,Valeur observée,23116,,A,Valeur normale,2023,,28.04.2026,,28.04.2026,,,,POLG,Communes,06.04.2025,,DATASET_COMMENT,"Source: Office fédéral de la statistique – Pendularité (PEND), Relevé structurel (RS)

Les données concernent les 180 villes de la publication ""Statistiques des villes suisses"", constituées de 173 villes statistiques et de 7 autres membres de l'Union des villes suisses: Appenzell, Arosa, La Neuveville, Moutier, Morat, Willisau et Worb."
DATAFLOW,CH1.SSV:DF_SSV_MOB_COM(2026.1.0),"Statistiques des villes suisses 2026, pendulaires selon le principal moyen de transport",I,230,Winterthur,6,100 000 et plus,pen_tim,Transport individuel motorisé (TIM),CI,Intervalle de confiance (+/-),8.86,,A,Valeur normale,2023,,28.04.2026,,28.04.2026,,,,POLG,Communes,06.04.2025,,DATASET_COMMENT,"Source: Office fédéral de la statistique – Pendularité (PEND), Relevé structurel (RS)

Les données concernent les 180 villes de la publication ""Statistiques des villes suisses"", constituées de 173 villes statistiques et de 7 autres membres de l'Union des villes suisses: Appenzell, Arosa, La Neuveville, Moutier, Morat, Willisau et Worb."
DATAFLOW,CH1.SSV:DF_SSV_MOB_COM(2026.1.0),"Statistiques des villes suisses 2026, pendulaires selon le principal moyen de transport",I,243,Dietikon,4,20 000-49 999,pen_tp,Transport public (TP),OBS,Valeur observée,5699,,A,Valeur normale,2023,,28.04.2026,,28.04.2026,,,,POLG,Communes,06.04.2025,,DATASET_COMMENT,"Source: Office fédéral de la statistique – Pendularité (PEND), Relevé structurel (RS)

Les données concernent les 180 villes de la publication ""Statistiques des villes suisses"", constituées de 173 villes statistiques et de 7 autres membres de l'Union des villes suisses: Appenzell, Arosa, La Neuveville, Moutier, Morat, Willisau et Worb."
DATAFLOW,CH1.SSV:DF_SSV_MOB_COM(2026.1.0),"Statistiques des villes suisses 2026, pendulaires selon le principal moyen de transport",I,243,Dietikon,4,20 000-49 999,pen_tim,Transport individuel motorisé (TIM),CI,Intervalle de confiance (+/-),17.55,,A,Valeur normale,2023,,28.04.2026,,28.04.2026,,,,POLG,Communes,06.04.2025,,DATASET_COMMENT,"Source: Office fédéral de la statistique – Pendularité (PEND), Relevé structurel (RS)

Les données concernent les 180 villes de la publication ""Statistiques des villes suisses"", constituées de 173 villes statistiques et de 7 autres membres de l'Union des villes suisses: Appenzell, Arosa, La Neuveville, Moutier, Morat, Willisau et Worb."
DATAFLOW,CH1.SSV:DF_SSV_MOB_COM(2026.1.0),"Statistiques des villes suisses 2026, pendulaires selon le principal moyen de transport",I,247,Schlieren,4,20 000-49 999,pen_tp,Transport public (TP),OBS,Valeur observée,4417,,A,Valeur normale,2023,,28.04.2026,,28.04.2026,,,,POLG,Communes,06.04.2025,,DATASET_COMMENT,"Source: Office fédéral de la statistique – Pendularité (PEND), Relevé structurel (RS)

Les données concernent les 180 villes de la publication ""Statistiques des villes suisses"", constituées de 173 villes statistiques et de 7 autres membres de l'Union des villes suisses: Appenzell, Arosa, La Neuveville, Moutier, Morat, Willisau et Worb."
DATAFLOW,CH1.SSV:DF_SSV_MOB_COM(2026.1.0),"Statistiques des villes suisses 2026, pendulaires selon le principal moyen de transport",I,247,Schlieren,4,20 000-49 999,pen_tim,Transport individuel motorisé (TIM),CI,Intervalle de confiance (+/-),24.89,,A,Valeur normale,2023,,28.04.2026,,28.04.2026,,,,POLG,Communes,06.04.2025,,DATASET_COMMENT,"Source: Office fédéral de la statistique – Pendularité (PEND), Relevé structurel (RS)

Les données concernent les 180 villes de la publication ""Statistiques des villes suisses"", constituées de 173 villes statistiques et de 7 autres membres de l'Union des villes suisses: Appenzell, Arosa, La Neuveville, Moutier, Morat, Willisau et Worb."
DATAFLOW,CH1.SSV:DF_SSV_MOB_COM(2026.1.0),"Statistiques des villes suisses 2026, pendulaires selon le principal moyen de transport",I,306,Lyss,3,15 000-19 999,pen_tim,Transport individuel motorisé (TIM),OBS,Valeur observée,3824,,A,Valeur normale,2023,,28.04.2026,,28.04.2026,,,,POLG,Communes,06.04.2025,,DATASET_COMMENT,"Source: Office fédéral de la statistique – Pendularité (PEND), Relevé structurel (RS)

Les données concernent les 180 villes de la publication ""Statistiques des villes suisses"", constituées de 173 villes statistiques et de 7 autres membres de l'Union des villes suisses: Appenzell, Arosa, La Neuveville, Moutier, Morat, Willisau et Worb."
DATAFLOW,CH1.SSV:DF_SSV_MOB_COM(2026.1.0),"Statistiques des villes suisses 2026, pendulaires selon le principal moyen de transport",I,363,Ostermundigen,3,15 000-19 999,pen_t,"Pendulaires, total",OBS,Valeur observée,7073,,A,Valeur normale,2023,,28.04.2026,,28.04.2026,,,,POLG,Communes,06.04.2025,,DATASET_COMMENT,"Source: Office fédéral de la statistique – Pendularité (PEND), Relevé structurel (RS)

Les données concernent les 180 villes de la publication ""Statistiques des villes suisses"", constituées de 173 villes statistiques et de 7 autres membres de l'Union des villes suisses: Appenzell, Arosa, La Neuveville, Moutier, Morat, Willisau et Worb."
DATAFLOW,CH1.SSV:DF_SSV_MOB_COM(2026.1.0),"Statistiques des villes suisses 2026, pendulaires selon le principal moyen de transport",I,581,Interlaken,1,moins de 10 000,pen_t,"Pendulaires, total",OBS,Valeur observée,2134,,A,Valeur normale,2023,,28.04.2026,,28.04.2026,,,,POLG,Communes,06.04.2025,,DATASET_COMMENT,"Source: Office fédéral de la statistique – Pendularité (PEND), Relevé structurel (RS)

Les données concernent les 180 villes de la publication ""Statistiques des villes suisses"", constituées de 173 villes statistiques et de 7 autres membres de l'Union des villes suisses: Appenzell, Arosa, La Neuveville, Moutier, Morat, Willisau et Worb."
DATAFLOW,CH1.SSV:DF_SSV_MOB_COM(2026.1.0),"Statistiques des villes suisses 2026, pendulaires selon le principal moyen de transport",I,627,Worb,2,10 000-14 999,pen_tim,Transport individuel motorisé (TIM),CI,Intervalle de confiance (+/-),27.16,,A,Valeur normale,2023,,28.04.2026,,28.04.2026,,,,POLG,Communes,06.04.2025,,DATASET_COMMENT,"Source: Office fédéral de la statistique – Pendularité (PEND), Relevé structurel (RS)

Les données concernent les 180 villes de la publication ""Statistiques des villes suisses"", constituées de 173 villes statistiques et de 7 autres membres de l'Union des villes suisses: Appenzell, Arosa, La Neuveville, Moutier, Morat, Willisau et Worb."
DATAFLOW,CH1.SSV:DF_SSV_MOB_COM(2026.1.0),"Statistiques des villes suisses 2026, pendulaires selon le principal moyen de transport",I,723,La Neuveville,1,moins de 10 000,pen_tim,Transport individuel motorisé (TIM),OBS,Valeur observée,1136,,U,Faible fiabilité,2023,,28.04.2026,,28.04.2026,,,,POLG,Communes,06.04.2025,,DATASET_COMMENT,"Source: Office fédéral de la statistique – Pendularité (PEND), Relevé structurel (RS)

Les données concernent les 180 villes de la publication ""Statistiques des villes suisses"", constituées de 173 villes statistiques et de 7 autres membres de l'Union des villes suisses: Appenzell, Arosa, La Neuveville, Moutier, Morat, Willisau et Worb."
DATAFLOW,CH1.SSV:DF_SSV_MOB_COM(2026.1.0),"Statistiques des villes suisses 2026, pendulaires selon le principal moyen de transport",I,768,Spiez,2,10 000-14 999,pen_tp,Transport public (TP),OBS,Valeur observée,1776,,A,Valeur normale,2023,,28.04.2026,,28.04.2026,,,,POLG,Communes,06.04.2025,,DATASET_COMMENT,"Source: Office fédéral de la statistique – Pendularité (PEND), Relevé structurel (RS)

Les données concernent les 180 villes de la publication ""Statistiques des villes suisses"", constituées de 173 villes statistiques et de 7 autres membres de l'Union des villes suisses: Appenzell, Arosa, La Neuveville, Moutier, Morat, Willisau et Worb."
DATAFLOW,CH1.SSV:DF_SSV_MOB_COM(2026.1.0),"Statistiques des villes suisses 2026, pendulaires selon le principal moyen de transport",I,768,Spiez,2,10 000-14 999,pen_tim,Transport individuel motorisé (TIM),CI,Intervalle de confiance (+/-),20.08,,A,Valeur normale,2023,,28.04.2026,,28.04.2026,,,,POLG,Communes,06.04.2025,,DATASET_COMMENT,"Source: Office fédéral de la statistique – Pendularité (PEND), Relevé structurel (RS)

Les données concernent les 180 villes de la publication ""Statistiques des villes suisses"", constituées de 173 villes statistiques et de 7 autres membres de l'Union des villes suisses: Appenzell, Arosa, La Neuveville, Moutier, Morat, Willisau et Worb."
DATAFLOW,CH1.SSV:DF_SSV_MOB_COM(2026.1.0),"Statistiques des villes suisses 2026, pendulaires selon le principal moyen de transport",I,1054,Ebikon,2,10 000-14 999,pen_t,"Pendulaires, total",OBS,Valeur observée,6037,,A,Valeur normale,2023,,28.04.2026,,28.04.2026,,,,POLG,Communes,06.04.2025,,DATASET_COMMENT,"Source: Office fédéral de la statistique – Pendularité (PEND), Relevé structurel (RS)

Les données concernent les 180 villes de la publication ""Statistiques des villes suisses"", constituées de 173 villes statistiques et de 7 autres membres de l'Union des villes suisses: Appenzell, Arosa, La Neuveville, Moutier, Morat, Willisau et Worb."
DATAFLOW,CH1.SSV:DF_SSV_MOB_COM(2026.1.0),"Statistiques des villes suisses 2026, pendulaires selon le principal moyen de transport",I,1061,Luzern,5,50 000-99 999,pen_tp,Transport public (TP),CI,Intervalle de confiance (+/-),6.36,,A,Valeur normale,2023,,28.04.2026,,28.04.2026,,,,POLG,Communes,06.04.2025,,DATASET_COMMENT,"Source: Office fédéral de la statistique – Pendularité (PEND), Relevé structurel (RS)

Les données concernent les 180 villes de la publication ""Statistiques des villes suisses"", constituées de 173 villes statistiques et de 7 autres membres de l'Union des villes suisses: Appenzell, Arosa, La Neuveville, Moutier, Morat, Willisau et Worb."
DATAFLOW,CH1.SSV:DF_SSV_MOB_COM(2026.1.0),"Statistiques des villes suisses 2026, pendulaires selon le principal moyen de transport",I,1151,Willisau,1,moins de 10 000,pen_tp,Transport public (TP),CI,Intervalle de confiance (+/-),33.81,,U,Faible fiabilité,2023,,28.04.2026,,28.04.2026,,,,POLG,Communes,06.04.2025,,DATASET_COMMENT,"Source: Office fédéral de la statistique – Pendularité (PEND), Relevé structurel (RS)

Les données concernent les 180 villes de la publication ""Statistiques des villes suisses"", constituées de 173 villes statistiques et de 7 autres membres de l'Union des villes suisses: Appenzell, Arosa, La Neuveville, Moutier, Morat, Willisau et Worb."
DATAFLOW,CH1.SSV:DF_SSV_MOB_COM(2026.1.0),"Statistiques des villes suisses 2026, pendulaires selon le principal moyen de transport",I,1322,Freienbach,3,15 000-19 999,pen_t,"Pendulaires, total",CI,Intervalle de confiance (+/-),13.95,,A,Valeur normale,2023,,28.04.2026,,28.04.2026,,,,POLG,Communes,06.04.2025,,DATASET_COMMENT,"Source: Office fédéral de la statistique – Pendularité (PEND), Relevé structurel (RS)

Les données concernent les 180 villes de la publication ""Statistiques des villes suisses"", constituées de 173 villes statistiques et de 7 autres membres de l'Union des villes suisses: Appenzell, Arosa, La Neuveville, Moutier, Morat, Willisau et Worb."
DATAFLOW,CH1.SSV:DF_SSV_MOB_COM(2026.1.0),"Statistiques des villes suisses 2026, pendulaires selon le principal moyen de transport",I,1344,Lachen,1,moins de 10 000,pen_t,"Pendulaires, total",CI,Intervalle de confiance (+/-),18.29,,A,Valeur normale,2023,,28.04.2026,,28.04.2026,,,,POLG,Communes,06.04.2025,,DATASET_COMMENT,"Source: Office fédéral de la statistique – Pendularité (PEND), Relevé structurel (RS)

Les données concernent les 180 villes de la publication ""Statistiques des villes suisses"", constituées de 173 villes statistiques et de 7 autres membres de l'Union des villes suisses: Appenzell, Arosa, La Neuveville, Moutier, Morat, Willisau et Worb."
DATAFLOW,CH1.SSV:DF_SSV_MOB_COM(2026.1.0),"Statistiques des villes suisses 2026, pendulaires selon le principal moyen de transport",I,1362,Arth,2,10 000-14 999,pen_t,"Pendulaires, total",CI,Intervalle de confiance (+/-),15.72,,A,Valeur normale,2023,,28.04.2026,,28.04.2026,,,,POLG,Communes,06.04.2025,,DATASET_COMMENT,"Source: Office fédéral de la statistique – Pendularité (PEND), Relevé structurel (RS)

Les données concernent les 180 villes de la publication ""Statistiques des villes suisses"", constituées de 173 villes statistiques et de 7 autres membres de l'Union des villes suisses: Appenzell, Arosa, La Neuveville, Moutier, Morat, Willisau et Worb."
DATAFLOW,CH1.SSV:DF_SSV_MOB_COM(2026.1.0),"Statistiques des villes suisses 2026, pendulaires selon le principal moyen de transport",I,1509,Stans,1,moins de 10 000,pen_tp,Transport public (TP),OBS,Valeur observée,846,,U,Faible fiabilité,2023,,28.04.2026,,28.04.2026,,,,POLG,Communes,06.04.2025,,DATASET_COMMENT,"Source: Office fédéral de la statistique – Pendularité (PEND), Relevé structurel (RS)

Les données concernent les 180 villes de la publication ""Statistiques des villes suisses"", constituées de 173 villes statistiques et de 7 autres membres de l'Union des villes suisses: Appenzell, Arosa, La Neuveville, Moutier, Morat, Willisau et Worb."
DATAFLOW,CH1.SSV:DF_SSV_MOB_COM(2026.1.0),"Statistiques des villes suisses 2026, pendulaires selon le principal moyen de transport",I,1632,Glarus,2,10 000-14 999,pen_tim,Transport individuel motorisé (TIM),OBS,Valeur observée,3152,,A,Valeur normale,2023,,28.04.2026,,28.04.2026,,,,POLG,Communes,06.04.2025,,DATASET_COMMENT,"Source: Office fédéral de la statistique – Pendularité (PEND), Relevé structurel (RS)

Les données concernent les 180 villes de la publication ""Statistiques des villes suisses"", constituées de 173 villes statistiques et de 7 autres membres de l'Union des villes suisses: Appenzell, Arosa, La Neuveville, Moutier, Morat, Willisau et Worb."
DATAFLOW,CH1.SSV:DF_SSV_MOB_COM(2026.1.0),"Statistiques des villes suisses 2026, pendulaires selon le principal moyen de transport",I,1702,Cham,3,15 000-19 999,pen_tim,Transport individuel motorisé (TIM),OBS,Valeur observée,3684,,A,Valeur normale,2023,,28.04.2026,,28.04.2026,,,,POLG,Communes,06.04.2025,,DATASET_COMMENT,"Source: Office fédéral de la statistique – Pendularité (PEND), Relevé structurel (RS)

Les données concernent les 180 villes de la publication ""Statistiques des villes suisses"", constituées de 173 villes statistiques et de 7 autres membres de l'Union des villes suisses: Appenzell, Arosa, La Neuveville, Moutier, Morat, Willisau et Worb."
DATAFLOW,CH1.SSV:DF_SSV_MOB_COM(2026.1.0),"Statistiques des villes suisses 2026, pendulaires selon le principal moyen de transport",I,1707,Risch,2,10 000-14 999,pen_tim,Transport individuel motorisé (TIM),OBS,Valeur observée,2479,,A,Valeur normale,2023,,28.04.2026,,28.04.2026,,,,POLG,Communes,06.04.2025,,DATASET_COMMENT,"Source: Office fédéral de la statistique – Pendularité (PEND), Relevé structurel (RS)

Les données concernent les 180 villes de la publication ""Statistiques des villes suisses"", constituées de 173 villes statistiques et de 7 autres membres de l'Union des villes suisses: Appenzell, Arosa, La Neuveville, Moutier, Morat, Willisau et Worb."
DATAFLOW,CH1.SSV:DF_SSV_MOB_COM(2026.1.0),"Statistiques des villes suisses 2026, pendulaires selon le principal moyen de transport",I,1711,Zug,4,20 000-49 999,pen_t,"Pendulaires, total",CI,Intervalle de confiance (+/-),6.77,,A,Valeur normale,2023,,28.04.2026,,28.04.2026,,,,POLG,Communes,06.04.2025,,DATASET_COMMENT,"Source: Office fédéral de la statistique – Pendularité (PEND), Relevé structurel (RS)

Les données concernent les 180 villes de la publication ""Statistiques des villes suisses"", constituées de 173 villes statistiques et de 7 autres membres de l'Union des villes suisses: Appenzell, Arosa, La Neuveville, Moutier, Morat, Willisau et Worb."
DATAFLOW,CH1.SSV:DF_SSV_MOB_COM(2026.1.0),"Statistiques des villes suisses 2026, pendulaires selon le principal moyen de transport",I,2125,Bulle,4,20 000-49 999,pen_t,"Pendulaires, total",CI,Intervalle de confiance (+/-),11.7,,A,Valeur normale,2023,,28.04.2026,,28.04.2026,,,,POLG,Communes,06.04.2025,,DATASET_COMMENT,"Source: Office fédéral de la statistique – Pendularité (PEND), Relevé structurel (RS)

Les données concernent les 180 villes de la publication ""Statistiques des villes suisses"", constituées de 173 villes statistiques et de 7 autres membres de l'Union des villes suisses: Appenzell, Arosa, La Neuveville, Moutier, Morat, Willisau et Worb."
DATAFLOW,CH1.SSV:DF_SSV_MOB_COM(2026.1.0),"Statistiques des villes suisses 2026, pendulaires selon le principal moyen de transport",I,2534,Zuchwil,1,moins de 10 000,pen_tp,Transport public (TP),OBS,Valeur observée,1068,,U,Faible fiabilité,2023,,28.04.2026,,28.04.2026,,,,POLG,Communes,06.04.2025,,DATASET_COMMENT,"Source: Office fédéral de la statistique – Pendularité (PEND), Relevé structurel (RS)

Les données concernent les 180 villes de la publication ""Statistiques des villes suisses"", constituées de 173 villes statistiques et de 7 autres membres de l'Union des villes suisses: Appenzell, Arosa, La Neuveville, Moutier, Morat, Willisau et Worb."
DATAFLOW,CH1.SSV:DF_SSV_MOB_COM(2026.1.0),"Statistiques des villes suisses 2026, pendulaires selon le principal moyen de transport",I,2534,Zuchwil,1,moins de 10 000,pen_tim,Transport individuel motorisé (TIM),CI,Intervalle de confiance (+/-),24.51,,A,Valeur normale,2023,,28.04.2026,,28.04.2026,,,,POLG,Communes,06.04.2025,,DATASET_COMMENT,"Source: Office fédéral de la statistique – Pendularité (PEND), Relevé structurel (RS)

Les données concernent les 180 villes de la publication ""Statistiques des villes suisses"", constituées de 173 villes statistiques et de 7 autres membres de l'Union des villes suisses: Appenzell, Arosa, La Neuveville, Moutier, Morat, Willisau et Worb."
DATAFLOW,CH1.SSV:DF_SSV_MOB_COM(2026.1.0),"Statistiques des villes suisses 2026, pendulaires selon le principal moyen de transport",I,2581,Olten,3,15 000-19 999,pen_t,"Pendulaires, total",CI,Intervalle de confiance (+/-),13.09,,A,Valeur normale,2023,,28.04.2026,,28.04.2026,,,,POLG,Communes,06.04.2025,,DATASET_COMMENT,"Source: Office fédéral de la statistique – Pendularité (PEND), Relevé structurel (RS)

Les données concernent les 180 villes de la publication ""Statistiques des villes suisses"", constituées de 173 villes statistiques et de 7 autres membres de l'Union des villes suisses: Appenzell, Arosa, La Neuveville, Moutier, Morat, Willisau et Worb."
DATAFLOW,CH1.SSV:DF_SSV_MOB_COM(2026.1.0),"Statistiques des villes suisses 2026, pendulaires selon le principal moyen de transport",I,2763,Arlesheim,1,moins de 10 000,pen_t,"Pendulaires, total",CI,Intervalle de confiance (+/-),19.51,,A,Valeur normale,2023,,28.04.2026,,28.04.2026,,,,POLG,Communes,06.04.2025,,DATASET_COMMENT,"Source: Office fédéral de la statistique – Pendularité (PEND), Relevé structurel (RS)

Les données concernent les 180 villes de la publication ""Statistiques des villes suisses"", constituées de 173 villes statistiques et de 7 autres membres de l'Union des villes suisses: Appenzell, Arosa, La Neuveville, Moutier, Morat, Willisau et Worb."
DATAFLOW,CH1.SSV:DF_SSV_MOB_COM(2026.1.0),"Statistiques des villes suisses 2026, pendulaires selon le principal moyen de transport",I,2765,Binningen,3,15 000-19 999,pen_t,"Pendulaires, total",OBS,Valeur observée,5790,,A,Valeur normale,2023,,28.04.2026,,28.04.2026,,,,POLG,Communes,06.04.2025,,DATASET_COMMENT,"Source: Office fédéral de la statistique – Pendularité (PEND), Relevé structurel (RS)

Les données concernent les 180 villes de la publication ""Statistiques des villes suisses"", constituées de 173 villes statistiques et de 7 autres membres de l'Union des villes suisses: Appenzell, Arosa, La Neuveville, Moutier, Morat, Willisau et Worb."
DATAFLOW,CH1.SSV:DF_SSV_MOB_COM(2026.1.0),"Statistiques des villes suisses 2026, pendulaires selon le principal moyen de transport",I,2766,Birsfelden,2,10 000-14 999,pen_tim,Transport individuel motorisé (TIM),CI,Intervalle de confiance (+/-),31.44,,U,Faible fiabilité,2023,,28.04.2026,,28.04.2026,,,,POLG,Communes,06.04.2025,,DATASET_COMMENT,"Source: Office fédéral de la statistique – Pendularité (PEND), Relevé structurel (RS)

Les données concernent les 180 villes de la publication ""Statistiques des villes suisses"", constituées de 173 villes statistiques et de 7 autres membres de l'Union des villes suisses: Appenzell, Arosa, La Neuveville, Moutier, Morat, Willisau et Worb."
DATAFLOW,CH1.SSV:DF_SSV_MOB_COM(2026.1.0),"Statistiques des villes suisses 2026, pendulaires selon le principal moyen de transport",I,2770,Muttenz,3,15 000-19 999,pen_t,"Pendulaires, total",CI,Intervalle de confiance (+/-),13.44,,A,Valeur normale,2023,,28.04.2026,,28.04.2026,,,,POLG,Communes,06.04.2025,,DATASET_COMMENT,"Source: Office fédéral de la statistique – Pendularité (PEND), Relevé structurel (RS)

Les données concernent les 180 villes de la publication ""Statistiques des villes suisses"", constituées de 173 villes statistiques et de 7 autres membres de l'Union des villes suisses: Appenzell, Arosa, La Neuveville, Moutier, Morat, Willisau et Worb."
DATAFLOW,CH1.SSV:DF_SSV_MOB_COM(2026.1.0),"Statistiques des villes suisses 2026, pendulaires selon le principal moyen de transport",I,2771,Oberwil (BL),2,10 000-14 999,pen_tim,Transport individuel motorisé (TIM),OBS,Valeur observée,1729,,U,Faible fiabilité,2023,,28.04.2026,,28.04.2026,,,,POLG,Communes,06.04.2025,,DATASET_COMMENT,"Source: Office fédéral de la statistique – Pendularité (PEND), Relevé structurel (RS)

Les données concernent les 180 villes de la publication ""Statistiques des villes suisses"", constituées de 173 villes statistiques et de 7 autres membres de l'Union des villes suisses: Appenzell, Arosa, La Neuveville, Moutier, Morat, Willisau et Worb."
DATAFLOW,CH1.SSV:DF_SSV_MOB_COM(2026.1.0),"Statistiques des villes suisses 2026, pendulaires selon le principal moyen de transport",I,3203,St. Gallen,5,50 000-99 999,pen_tp,Transport public (TP),CI,Intervalle de confiance (+/-),10.08,,A,Valeur normale,2023,,28.04.2026,,28.04.2026,,,,POLG,Communes,06.04.2025,,DATASET_COMMENT,"Source: Office fédéral de la statistique – Pendularité (PEND), Relevé structurel (RS)

Les données concernent les 180 villes de la publication ""Statistiques des villes suisses"", constituées de 173 villes statistiques et de 7 autres membres de l'Union des villes suisses: Appenzell, Arosa, La Neuveville, Moutier, Morat, Willisau et Worb."
DATAFLOW,CH1.SSV:DF_SSV_MOB_COM(2026.1.0),"Statistiques des villes suisses 2026, pendulaires selon le principal moyen de transport",I,3215,Rorschach,1,moins de 10 000,pen_t,"Pendulaires, total",CI,Intervalle de confiance (+/-),19.84,,A,Valeur normale,2023,,28.04.2026,,28.04.2026,,,,POLG,Communes,06.04.2025,,DATASET_COMMENT,"Source: Office fédéral de la statistique – Pendularité (PEND), Relevé structurel (RS)

Les données concernent les 180 villes de la publication ""Statistiques des villes suisses"", constituées de 173 villes statistiques et de 7 autres membres de l'Union des villes suisses: Appenzell, Arosa, La Neuveville, Moutier, Morat, Willisau et Worb."
DATAFLOW,CH1.SSV:DF_SSV_MOB_COM(2026.1.0),"Statistiques des villes suisses 2026, pendulaires selon le principal moyen de transport",I,3238,Widnau,2,10 000-14 999,pen_tim,Transport individuel motorisé (TIM),OBS,Valeur observée,3494,,A,Valeur normale,2023,,28.04.2026,,28.04.2026,,,,POLG,Communes,06.04.2025,,DATASET_COMMENT,"Source: Office fédéral de la statistique – Pendularité (PEND), Relevé structurel (RS)

Les données concernent les 180 villes de la publication ""Statistiques des villes suisses"", constituées de 173 villes statistiques et de 7 autres membres de l'Union des villes suisses: Appenzell, Arosa, La Neuveville, Moutier, Morat, Willisau et Worb."
DATAFLOW,CH1.SSV:DF_SSV_MOB_COM(2026.1.0),"Statistiques des villes suisses 2026, pendulaires selon le principal moyen de transport",I,4280,Oftringen,3,15 000-19 999,pen_tim,Transport individuel motorisé (TIM),OBS,Valeur observée,4404,,A,Valeur normale,2023,,28.04.2026,,28.04.2026,,,,POLG,Communes,06.04.2025,,DATASET_COMMENT,"Source: Office fédéral de la statistique – Pendularité (PEND), Relevé structurel (RS)

Les données concernent les 180 villes de la publication ""Statistiques des villes suisses"", constituées de 173 villes statistiques et de 7 autres membres de l'Union des villes suisses: Appenzell, Arosa, La Neuveville, Moutier, Morat, Willisau et Worb."
DATAFLOW,CH1.SSV:DF_SSV_MOB_COM(2026.1.0),"Statistiques des villes suisses 2026, pendulaires selon le principal moyen de transport",I,4436,Romanshorn,2,10 000-14 999,pen_tim,Transport individuel motorisé (TIM),OBS,Valeur observée,3024,,A,Valeur normale,2023,,28.04.2026,,28.04.2026,,,,POLG,Communes,06.04.2025,,DATASET_COMMENT,"Source: Office fédéral de la statistique – Pendularité (PEND), Relevé structurel (RS)

Les données concernent les 180 villes de la publication ""Statistiques des villes suisses"", constituées de 173 villes statistiques et de 7 autres membres de l'Union des villes suisses: Appenzell, Arosa, La Neuveville, Moutier, Morat, Willisau et Worb."
DATAFLOW,CH1.SSV:DF_SSV_MOB_COM(2026.1.0),"Statistiques des villes suisses 2026, pendulaires selon le principal moyen de transport",I,5002,Bellinzona,4,20 000-49 999,pen_tp,Transport public (TP),OBS,Valeur observée,3315,,A,Valeur normale,2023,,28.04.2026,,28.04.2026,,,,POLG,Communes,06.04.2025,,DATASET_COMMENT,"Source: Office fédéral de la statistique – Pendularité (PEND), Relevé structurel (RS)

Les données concernent les 180 villes de la publication ""Statistiques des villes suisses"", constituées de 173 villes statistiques et de 7 autres membres de l'Union des villes suisses: Appenzell, Arosa, La Neuveville, Moutier, Morat, Willisau et Worb."
DATAFLOW,CH1.SSV:DF_SSV_MOB_COM(2026.1.0),"Statistiques des villes suisses 2026, pendulaires selon le principal moyen de transport",I,5002,Bellinzona,4,20 000-49 999,pen_tim,Transport individuel motorisé (TIM),CI,Intervalle de confiance (+/-),7.75,,A,Valeur normale,2023,,28.04.2026,,28.04.2026,,,,POLG,Communes,06.04.2025,,DATASET_COMMENT,"Source: Office fédéral de la statistique – Pendularité (PEND), Relevé structurel (RS)

Les données concernent les 180 villes de la publication ""Statistiques des villes suisses"", constituées de 173 villes statistiques et de 7 autres membres de l'Union des villes suisses: Appenzell, Arosa, La Neuveville, Moutier, Morat, Willisau et Worb."
DATAFLOW,CH1.SSV:DF_SSV_MOB_COM(2026.1.0),"Statistiques des villes suisses 2026, pendulaires selon le principal moyen de transport",I,5254,Mendrisio,3,15 000-19 999,pen_tp,Transport public (TP),CI,Intervalle de confiance (+/-),24.34,,A,Valeur normale,2023,,28.04.2026,,28.04.2026,,,,POLG,Communes,06.04.2025,,DATASET_COMMENT,"Source: Office fédéral de la statistique – Pendularité (PEND), Relevé structurel (RS)

Les données concernent les 180 villes de la publication ""Statistiques des villes suisses"", constituées de 173 villes statistiques et de 7 autres membres de l'Union des villes suisses: Appenzell, Arosa, La Neuveville, Moutier, Morat, Willisau et Worb."
DATAFLOW,CH1.SSV:DF_SSV_MOB_COM(2026.1.0),"Statistiques des villes suisses 2026, pendulaires selon le principal moyen de transport",I,5586,Lausanne,6,100 000 et plus,pen_tim,Transport individuel motorisé (TIM),OBS,Valeur observée,13776,,A,Valeur normale,2023,,28.04.2026,,28.04.2026,,,,POLG,Communes,06.04.2025,,DATASET_COMMENT,"Source: Office fédéral de la statistique – Pendularité (PEND), Relevé structurel (RS)

Les données concernent les 180 villes de la publication ""Statistiques des villes suisses"", constituées de 173 villes statistiques et de 7 autres membres de l'Union des villes suisses: Appenzell, Arosa, La Neuveville, Moutier, Morat, Willisau et Worb."
DATAFLOW,CH1.SSV:DF_SSV_MOB_COM(2026.1.0),"Statistiques des villes suisses 2026, pendulaires selon le principal moyen de transport",I,5589,Prilly,2,10 000-14 999,pen_tp,Transport public (TP),CI,Intervalle de confiance (+/-),17.57,,A,Valeur normale,2023,,28.04.2026,,28.04.2026,,,,POLG,Communes,06.04.2025,,DATASET_COMMENT,"Source: Office fédéral de la statistique – Pendularité (PEND), Relevé structurel (RS)

Les données concernent les 180 villes de la publication ""Statistiques des villes suisses"", constituées de 173 villes statistiques et de 7 autres membres de l'Union des villes suisses: Appenzell, Arosa, La Neuveville, Moutier, Morat, Willisau et Worb."
DATAFLOW,CH1.SSV:DF_SSV_MOB_COM(2026.1.0),"Statistiques des villes suisses 2026, pendulaires selon le principal moyen de transport",I,5591,Renens (VD),4,20 000-49 999,pen_tim,Transport individuel motorisé (TIM),OBS,Valeur observée,2933,,A,Valeur normale,2023,,28.04.2026,,28.04.2026,,,,POLG,Communes,06.04.2025,,DATASET_COMMENT,"Source: Office fédéral de la statistique – Pendularité (PEND), Relevé structurel (RS)

Les données concernent les 180 villes de la publication ""Statistiques des villes suisses"", constituées de 173 villes statistiques et de 7 autres membres de l'Union des villes suisses: Appenzell, Arosa, La Neuveville, Moutier, Morat, Willisau et Worb."
DATAFLOW,CH1.SSV:DF_SSV_MOB_COM(2026.1.0),"Statistiques des villes suisses 2026, pendulaires selon le principal moyen de transport",I,5624,Bussigny,2,10 000-14 999,pen_tp,Transport public (TP),OBS,Valeur observée,1634,,A,Valeur normale,2023,,28.04.2026,,28.04.2026,,,,POLG,Communes,06.04.2025,,DATASET_COMMENT,"Source: Office fédéral de la statistique – Pendularité (PEND), Relevé structurel (RS)

Les données concernent les 180 villes de la publication ""Statistiques des villes suisses"", constituées de 173 villes statistiques et de 7 autres membres de l'Union des villes suisses: Appenzell, Arosa, La Neuveville, Moutier, Morat, Willisau et Worb."
DATAFLOW,CH1.SSV:DF_SSV_MOB_COM(2026.1.0),"Statistiques des villes suisses 2026, pendulaires selon le principal moyen de transport",I,5635,Ecublens (VD),2,10 000-14 999,pen_t,"Pendulaires, total",OBS,Valeur observée,4553,,A,Valeur normale,2023,,28.04.2026,,28.04.2026,,,,POLG,Communes,06.04.2025,,DATASET_COMMENT,"Source: Office fédéral de la statistique – Pendularité (PEND), Relevé structurel (RS)

Les données concernent les 180 villes de la publication ""Statistiques des villes suisses"", constituées de 173 villes statistiques et de 7 autres membres de l'Union des villes suisses: Appenzell, Arosa, La Neuveville, Moutier, Morat, Willisau et Worb."
DATAFLOW,CH1.SSV:DF_SSV_MOB_COM(2026.1.0),"Statistiques des villes suisses 2026, pendulaires selon le principal moyen de transport",I,5724,Nyon,4,20 000-49 999,pen_tp,Transport public (TP),CI,Intervalle de confiance (+/-),12.27,,A,Valeur normale,2023,,28.04.2026,,28.04.2026,,,,POLG,Communes,06.04.2025,,DATASET_COMMENT,"Source: Office fédéral de la statistique – Pendularité (PEND), Relevé structurel (RS)

Les données concernent les 180 villes de la publication ""Statistiques des villes suisses"", constituées de 173 villes statistiques et de 7 autres membres de l'Union des villes suisses: Appenzell, Arosa, La Neuveville, Moutier, Morat, Willisau et Worb."
DATAFLOW,CH1.SSV:DF_SSV_MOB_COM(2026.1.0),"Statistiques des villes suisses 2026, pendulaires selon le principal moyen de transport",I,6458,Neuchâtel,4,20 000-49 999,pen_t,"Pendulaires, total",CI,Intervalle de confiance (+/-),5.64,,A,Valeur normale,2023,,28.04.2026,,28.04.2026,,,,POLG,Communes,06.04.2025,,DATASET_COMMENT,"Source: Office fédéral de la statistique – Pendularité (PEND), Relevé structurel (RS)

Les données concernent les 180 villes de la publication ""Statistiques des villes suisses"", constituées de 173 villes statistiques et de 7 autres membres de l'Union des villes suisses: Appenzell, Arosa, La Neuveville, Moutier, Morat, Willisau et Worb."
DATAFLOW,CH1.SSV:DF_SSV_MOB_COM(2026.1.0),"Statistiques des villes suisses 2026, pendulaires selon le principal moyen de transport",I,6612,Chêne-Bougeries,2,10 000-14 999,pen_t,"Pendulaires, total",CI,Intervalle de confiance (+/-),12.44,,A,Valeur normale,2023,,28.04.2026,,28.04.2026,,,,POLG,Communes,06.04.2025,,DATASET_COMMENT,"Source: Office fédéral de la statistique – Pendularité (PEND), Relevé structurel (RS)

Les données concernent les 180 villes de la publication ""Statistiques des villes suisses"", constituées de 173 villes statistiques et de 7 autres membres de l'Union des villes suisses: Appenzell, Arosa, La Neuveville, Moutier, Morat, Willisau et Worb."
DATAFLOW,CH1.SSV:DF_SSV_MOB_COM(2026.1.0),"Statistiques des villes suisses 2026, pendulaires selon le principal moyen de transport",I,6630,Meyrin,4,20 000-49 999,pen_t,"Pendulaires, total",OBS,Valeur observée,7959,,A,Valeur normale,2023,,28.04.2026,,28.04.2026,,,,POLG,Communes,06.04.2025,,DATASET_COMMENT,"Source: Office fédéral de la statistique – Pendularité (PEND), Relevé structurel (RS)

Les données concernent les 180 villes de la publication ""Statistiques des villes suisses"", constituées de 173 villes statistiques et de 7 autres membres de l'Union des villes suisses: Appenzell, Arosa, La Neuveville, Moutier, Morat, Willisau et Worb."
DATAFLOW,CH1.SSV:DF_SSV_MOB_COM(2026.1.0),"Statistiques des villes suisses 2026, pendulaires selon le principal moyen de transport",I,6643,Vernier,4,20 000-49 999,pen_tp,Transport public (TP),OBS,Valeur observée,5728,,A,Valeur normale,2023,,28.04.2026,,28.04.2026,,,,POLG,Communes,06.04.2025,,DATASET_COMMENT,"Source: Office fédéral de la statistique – Pendularité (PEND), Relevé structurel (RS)

Les données concernent les 180 villes de la publication ""Statistiques des villes suisses"", constituées de 173 villes statistiques et de 7 autres membres de l'Union des villes suisses: Appenzell, Arosa, La Neuveville, Moutier, Morat, Willisau et Worb."
DATAFLOW,CH1.SSV:DF_SSV_MOB_COM(2026.1.0),"Statistiques des villes suisses 2026, pendulaires selon le principal moyen de transport",I,6513,Laténa,2,10 000-14 999,pen_t,"Pendulaires, total",OBS,Valeur observée,4496,,A,Valeur normale,2023,,28.04.2026,,28.04.2026,,,,POLG,Communes,06.04.2025,,DATASET_COMMENT,"Source: Office fédéral de la statistique – Pendularité (PEND), Relevé structurel (RS)

Les données concernent les 180 villes de la publication ""Statistiques des villes suisses"", constituées de 173 villes statistiques et de 7 autres membres de l'Union des villes suisses: Appenzell, Arosa, La Neuveville, Moutier, Morat, Willisau et Worb."
DATAFLOW,CH1.SSV:DF_SSV_MOB_COM(2026.1.0),"Statistiques des villes suisses 2026, pendulaires selon le principal moyen de transport",I,_ST,Total des villes suisses,1,moins de 10 000,pen_tp,Transport public (TP),CI,Intervalle de confiance (+/-),8.87,,A,Valeur normale,2023,,28.04.2026,,28.04.2026,,,,POLG,Communes,06.04.2025,,DATASET_COMMENT,"Source: Office fédéral de la statistique – Pendularité (PEND), Relevé structurel (RS)

Les données concernent les 180 villes de la publication ""Statistiques des villes suisses"", constituées de 173 villes statistiques et de 7 autres membres de l'Union des villes suisses: Appenzell, Arosa, La Neuveville, Moutier, Morat, Willisau et Worb."
DATAFLOW,CH1.SSV:DF_SSV_MOB_COM(2026.1.0),"Statistiques des villes suisses 2026, pendulaires selon le principal moyen de transport",I,_ST,Total des villes suisses,5,50 000-99 999,pen_tp,Transport public (TP),OBS,Valeur observée,44549,,A,Valeur normale,2023,,28.04.2026,,28.04.2026,,,,POLG,Communes,06.04.2025,,DATASET_COMMENT,"Source: Office fédéral de la statistique – Pendularité (PEND), Relevé structurel (RS)

Les données concernent les 180 villes de la publication ""Statistiques des villes suisses"", constituées de 173 villes statistiques et de 7 autres membres de l'Union des villes suisses: Appenzell, Arosa, La Neuveville, Moutier, Morat, Willisau et Worb."
DATAFLOW,CH1.SSV:DF_SSV_MOB_COM(2026.1.0),"Statistiques des villes suisses 2026, pendulaires selon le principal moyen de transport",I,_ST,Total des villes suisses,5,50 000-99 999,pen_tim,Transport individuel motorisé (TIM),CI,Intervalle de confiance (+/-),4.86,,A,Valeur normale,2023,,28.04.2026,,28.04.2026,,,,POLG,Communes,06.04.2025,,DATASET_COMMENT,"Source: Office fédéral de la statistique – Pendularité (PEND), Relevé structurel (RS)

Les données concernent les 180 villes de la publication ""Statistiques des villes suisses"", constituées de 173 villes statistiques et de 7 autres membres de l'Union des villes suisses: Appenzell, Arosa, La Neuveville, Moutier, Morat, Willisau et Worb."
DATAFLOW,CH1.SSV:DF_SSV_MOB_COM(2026.1.0),"Statistiques des villes suisses 2026, pendulaires selon le principal moyen de transport",I,52,Bassersdorf,2,10 000-14 999,pen_tim,Transport individuel motorisé (TIM),OBS,Valeur observée,2630,,A,Valeur normale,2023,,28.04.2026,,28.04.2026,,,,POLG,Communes,06.04.2025,,DATASET_COMMENT,"Source: Office fédéral de la statistique – Pendularité (PEND), Relevé structurel (RS)

Les données concernent les 180 villes de la publication ""Statistiques des villes suisses"", constituées de 173 villes statistiques et de 7 autres membres de l'Union des villes suisses: Appenzell, Arosa, La Neuveville, Moutier, Morat, Willisau et Worb."
DATAFLOW,CH1.SSV:DF_SSV_MOB_COM(2026.1.0),"Statistiques des villes suisses 2026, pendulaires selon le principal moyen de transport",I,117,Hinwil,2,10 000-14 999,pen_t,"Pendulaires, total",OBS,Valeur observée,5142,,A,Valeur normale,2023,,28.04.2026,,28.04.2026,,,,POLG,Communes,06.04.2025,,DATASET_COMMENT,"Source: Office fédéral de la statistique – Pendularité (PEND), Relevé structurel (RS)

Les données concernent les 180 villes de la publication ""Statistiques des villes suisses"", constituées de 173 villes statistiques et de 7 autres membres de l'Union des villes suisses: Appenzell, Arosa, La Neuveville, Moutier, Morat, Willisau et Worb."
DATAFLOW,CH1.SSV:DF_SSV_MOB_COM(2026.1.0),"Statistiques des villes suisses 2026, pendulaires selon le principal moyen de transport",I,118,Rüti (ZH),2,10 000-14 999,pen_t,"Pendulaires, total",OBS,Valeur observée,5141,,A,Valeur normale,2023,,28.04.2026,,28.04.2026,,,,POLG,Communes,06.04.2025,,DATASET_COMMENT,"Source: Office fédéral de la statistique – Pendularité (PEND), Relevé structurel (RS)

Les données concernent les 180 villes de la publication ""Statistiques des villes suisses"", constituées de 173 villes statistiques et de 7 autres membres de l'Union des villes suisses: Appenzell, Arosa, La Neuveville, Moutier, Morat, Willisau et Worb."
DATAFLOW,CH1.SSV:DF_SSV_MOB_COM(2026.1.0),"Statistiques des villes suisses 2026, pendulaires selon le principal moyen de transport",I,118,Rüti (ZH),2,10 000-14 999,pen_tp,Transport public (TP),CI,Intervalle de confiance (+/-),29.11,,U,Faible fiabilité,2023,,28.04.2026,,28.04.2026,,,,POLG,Communes,06.04.2025,,DATASET_COMMENT,"Source: Office fédéral de la statistique – Pendularité (PEND), Relevé structurel (RS)

Les données concernent les 180 villes de la publication ""Statistiques des villes suisses"", constituées de 173 villes statistiques et de 7 autres membres de l'Union des villes suisses: Appenzell, Arosa, La Neuveville, Moutier, Morat, Willisau et Worb."
DATAFLOW,CH1.SSV:DF_SSV_MOB_COM(2026.1.0),"Statistiques des villes suisses 2026, pendulaires selon le principal moyen de transport",I,118,Rüti (ZH),2,10 000-14 999,pen_tim,Transport individuel motorisé (TIM),CI,Intervalle de confiance (+/-),22.33,,A,Valeur normale,2023,,28.04.2026,,28.04.2026,,,,POLG,Communes,06.04.2025,,DATASET_COMMENT,"Source: Office fédéral de la statistique – Pendularité (PEND), Relevé structurel (RS)

Les données concernent les 180 villes de la publication ""Statistiques des villes suisses"", constituées de 173 villes statistiques et de 7 autres membres de l'Union des villes suisses: Appenzell, Arosa, La Neuveville, Moutier, Morat, Willisau et Worb."
DATAFLOW,CH1.SSV:DF_SSV_MOB_COM(2026.1.0),"Statistiques des villes suisses 2026, pendulaires selon le principal moyen de transport",I,138,Richterswil,2,10 000-14 999,pen_tim,Transport individuel motorisé (TIM),CI,Intervalle de confiance (+/-),24.08,,A,Valeur normale,2023,,28.04.2026,,28.04.2026,,,,POLG,Communes,06.04.2025,,DATASET_COMMENT,"Source: Office fédéral de la statistique – Pendularité (PEND), Relevé structurel (RS)

Les données concernent les 180 villes de la publication ""Statistiques des villes suisses"", constituées de 173 villes statistiques et de 7 autres membres de l'Union des villes suisses: Appenzell, Arosa, La Neuveville, Moutier, Morat, Willisau et Worb."
DATAFLOW,CH1.SSV:DF_SSV_MOB_COM(2026.1.0),"Statistiques des villes suisses 2026, pendulaires selon le principal moyen de transport",I,141,Thalwil,3,15 000-19 999,pen_tim,Transport individuel motorisé (TIM),OBS,Valeur observée,2448,,A,Valeur normale,2023,,28.04.2026,,28.04.2026,,,,POLG,Communes,06.04.2025,,DATASET_COMMENT,"Source: Office fédéral de la statistique – Pendularité (PEND), Relevé structurel (RS)

Les données concernent les 180 villes de la publication ""Statistiques des villes suisses"", constituées de 173 villes statistiques et de 7 autres membres de l'Union des villes suisses: Appenzell, Arosa, La Neuveville, Moutier, Morat, Willisau et Worb."
DATAFLOW,CH1.SSV:DF_SSV_MOB_COM(2026.1.0),"Statistiques des villes suisses 2026, pendulaires selon le principal moyen de transport",I,154,Küsnacht (ZH),3,15 000-19 999,pen_tim,Transport individuel motorisé (TIM),OBS,Valeur observée,1514,,U,Faible fiabilité,2023,,28.04.2026,,28.04.2026,,,,POLG,Communes,06.04.2025,,DATASET_COMMENT,"Source: Office fédéral de la statistique – Pendularité (PEND), Relevé structurel (RS)

Les données concernent les 180 villes de la publication ""Statistiques des villes suisses"", constituées de 173 villes statistiques et de 7 autres membres de l'Union des villes suisses: Appenzell, Arosa, La Neuveville, Moutier, Morat, Willisau et Worb."
DATAFLOW,CH1.SSV:DF_SSV_MOB_COM(2026.1.0),"Statistiques des villes suisses 2026, pendulaires selon le principal moyen de transport",I,177,Pfäffikon,2,10 000-14 999,pen_t,"Pendulaires, total",CI,Intervalle de confiance (+/-),16.52,,A,Valeur normale,2023,,28.04.2026,,28.04.2026,,,,POLG,Communes,06.04.2025,,DATASET_COMMENT,"Source: Office fédéral de la statistique – Pendularité (PEND), Relevé structurel (RS)

Les données concernent les 180 villes de la publication ""Statistiques des villes suisses"", constituées de 173 villes statistiques et de 7 autres membres de l'Union des villes suisses: Appenzell, Arosa, La Neuveville, Moutier, Morat, Willisau et Worb."
DATAFLOW,CH1.SSV:DF_SSV_MOB_COM(2026.1.0),"Statistiques des villes suisses 2026, pendulaires selon le principal moyen de transport",I,199,Volketswil,3,15 000-19 999,pen_tim,Transport individuel motorisé (TIM),OBS,Valeur observée,4812,,A,Valeur normale,2023,,28.04.2026,,28.04.2026,,,,POLG,Communes,06.04.2025,,DATASET_COMMENT,"Source: Office fédéral de la statistique – Pendularité (PEND), Relevé structurel (RS)

Les données concernent les 180 villes de la publication ""Statistiques des villes suisses"", constituées de 173 villes statistiques et de 7 autres membres de l'Union des villes suisses: Appenzell, Arosa, La Neuveville, Moutier, Morat, Willisau et Worb."
DATAFLOW,CH1.SSV:DF_SSV_MOB_COM(2026.1.0),"Statistiques des villes suisses 2026, pendulaires selon le principal moyen de transport",I,261,Zürich,6,100 000 et plus,pen_t,"Pendulaires, total",CI,Intervalle de confiance (+/-),1.87,,A,Valeur normale,2023,,28.04.2026,,28.04.2026,,,,POLG,Communes,06.04.2025,,DATASET_COMMENT,"Source: Office fédéral de la statistique – Pendularité (PEND), Relevé structurel (RS)

Les données concernent les 180 villes de la publication ""Statistiques des villes suisses"", constituées de 173 villes statistiques et de 7 autres membres de l'Union des villes suisses: Appenzell, Arosa, La Neuveville, Moutier, Morat, Willisau et Worb."
DATAFLOW,CH1.SSV:DF_SSV_MOB_COM(2026.1.0),"Statistiques des villes suisses 2026, pendulaires selon le principal moyen de transport",I,293,Wädenswil,4,20 000-49 999,pen_tim,Transport individuel motorisé (TIM),OBS,Valeur observée,5014,,A,Valeur normale,2023,,28.04.2026,,28.04.2026,,,,POLG,Communes,06.04.2025,,DATASET_COMMENT,"Source: Office fédéral de la statistique – Pendularité (PEND), Relevé structurel (RS)

Les données concernent les 180 villes de la publication ""Statistiques des villes suisses"", constituées de 173 villes statistiques et de 7 autres membres de l'Union des villes suisses: Appenzell, Arosa, La Neuveville, Moutier, Morat, Willisau et Worb."
DATAFLOW,CH1.SSV:DF_SSV_MOB_COM(2026.1.0),"Statistiques des villes suisses 2026, pendulaires selon le principal moyen de transport",I,293,Wädenswil,4,20 000-49 999,pen_tim,Transport individuel motorisé (TIM),CI,Intervalle de confiance (+/-),16.28,,A,Valeur normale,2023,,28.04.2026,,28.04.2026,,,,POLG,Communes,06.04.2025,,DATASET_COMMENT,"Source: Office fédéral de la statistique – Pendularité (PEND), Relevé structurel (RS)

Les données concernent les 180 villes de la publication ""Statistiques des villes suisses"", constituées de 173 villes statistiques et de 7 autres membres de l'Union des villes suisses: Appenzell, Arosa, La Neuveville, Moutier, Morat, Willisau et Worb."
DATAFLOW,CH1.SSV:DF_SSV_MOB_COM(2026.1.0),"Statistiques des villes suisses 2026, pendulaires selon le principal moyen de transport",I,363,Ostermundigen,3,15 000-19 999,pen_tp,Transport public (TP),OBS,Valeur observée,3473,,A,Valeur normale,2023,,28.04.2026,,28.04.2026,,,,POLG,Communes,06.04.2025,,DATASET_COMMENT,"Source: Office fédéral de la statistique – Pendularité (PEND), Relevé structurel (RS)

Les données concernent les 180 villes de la publication ""Statistiques des villes suisses"", constituées de 173 villes statistiques et de 7 autres membres de l'Union des villes suisses: Appenzell, Arosa, La Neuveville, Moutier, Morat, Willisau et Worb."
DATAFLOW,CH1.SSV:DF_SSV_MOB_COM(2026.1.0),"Statistiques des villes suisses 2026, pendulaires selon le principal moyen de transport",I,363,Ostermundigen,3,15 000-19 999,pen_tim,Transport individuel motorisé (TIM),CI,Intervalle de confiance (+/-),23.37,,A,Valeur normale,2023,,28.04.2026,,28.04.2026,,,,POLG,Communes,06.04.2025,,DATASET_COMMENT,"Source: Office fédéral de la statistique – Pendularité (PEND), Relevé structurel (RS)

Les données concernent les 180 villes de la publication ""Statistiques des villes suisses"", constituées de 173 villes statistiques et de 7 autres membres de l'Union des villes suisses: Appenzell, Arosa, La Neuveville, Moutier, Morat, Willisau et Worb."
DATAFLOW,CH1.SSV:DF_SSV_MOB_COM(2026.1.0),"Statistiques des villes suisses 2026, pendulaires selon le principal moyen de transport",I,581,Interlaken,1,moins de 10 000,pen_tp,Transport public (TP),CI,Intervalle de confiance (+/-),64.78,,U,Faible fiabilité,2023,,28.04.2026,,28.04.2026,,,,POLG,Communes,06.04.2025,,DATASET_COMMENT,"Source: Office fédéral de la statistique – Pendularité (PEND), Relevé structurel (RS)

Les données concernent les 180 villes de la publication ""Statistiques des villes suisses"", constituées de 173 villes statistiques et de 7 autres membres de l'Union des villes suisses: Appenzell, Arosa, La Neuveville, Moutier, Morat, Willisau et Worb."
DATAFLOW,CH1.SSV:DF_SSV_MOB_COM(2026.1.0),"Statistiques des villes suisses 2026, pendulaires selon le principal moyen de transport",I,627,Worb,2,10 000-14 999,pen_tp,Transport public (TP),OBS,Valeur observée,1626,,U,Faible fiabilité,2023,,28.04.2026,,28.04.2026,,,,POLG,Communes,06.04.2025,,DATASET_COMMENT,"Source: Office fédéral de la statistique – Pendularité (PEND), Relevé structurel (RS)

Les données concernent les 180 villes de la publication ""Statistiques des villes suisses"", constituées de 173 villes statistiques et de 7 autres membres de l'Union des villes suisses: Appenzell, Arosa, La Neuveville, Moutier, Morat, Willisau et Worb."
DATAFLOW,CH1.SSV:DF_SSV_MOB_COM(2026.1.0),"Statistiques des villes suisses 2026, pendulaires selon le principal moyen de transport",I,723,La Neuveville,1,moins de 10 000,pen_tp,Transport public (TP),OBS,Valeur observée,385,,U,Faible fiabilité,2023,,28.04.2026,,28.04.2026,,,,POLG,Communes,06.04.2025,,DATASET_COMMENT,"Source: Office fédéral de la statistique – Pendularité (PEND), Relevé structurel (RS)

Les données concernent les 180 villes de la publication ""Statistiques des villes suisses"", constituées de 173 villes statistiques et de 7 autres membres de l'Union des villes suisses: Appenzell, Arosa, La Neuveville, Moutier, Morat, Willisau et Worb."
DATAFLOW,CH1.SSV:DF_SSV_MOB_COM(2026.1.0),"Statistiques des villes suisses 2026, pendulaires selon le principal moyen de transport",I,1031,Hochdorf,2,10 000-14 999,pen_tim,Transport individuel motorisé (TIM),CI,Intervalle de confiance (+/-),15.5,,A,Valeur normale,2023,,28.04.2026,,28.04.2026,,,,POLG,Communes,06.04.2025,,DATASET_COMMENT,"Source: Office fédéral de la statistique – Pendularité (PEND), Relevé structurel (RS)

Les données concernent les 180 villes de la publication ""Statistiques des villes suisses"", constituées de 173 villes statistiques et de 7 autres membres de l'Union des villes suisses: Appenzell, Arosa, La Neuveville, Moutier, Morat, Willisau et Worb."
DATAFLOW,CH1.SSV:DF_SSV_MOB_COM(2026.1.0),"Statistiques des villes suisses 2026, pendulaires selon le principal moyen de transport",I,1103,Sursee,2,10 000-14 999,pen_t,"Pendulaires, total",CI,Intervalle de confiance (+/-),11.65,,A,Valeur normale,2023,,28.04.2026,,28.04.2026,,,,POLG,Communes,06.04.2025,,DATASET_COMMENT,"Source: Office fédéral de la statistique – Pendularité (PEND), Relevé structurel (RS)

Les données concernent les 180 villes de la publication ""Statistiques des villes suisses"", constituées de 173 villes statistiques et de 7 autres membres de l'Union des villes suisses: Appenzell, Arosa, La Neuveville, Moutier, Morat, Willisau et Worb."
DATAFLOW,CH1.SSV:DF_SSV_MOB_COM(2026.1.0),"Statistiques des villes suisses 2026, pendulaires selon le principal moyen de transport",I,1151,Willisau,1,moins de 10 000,pen_t,"Pendulaires, total",CI,Intervalle de confiance (+/-),13.19,,A,Valeur normale,2023,,28.04.2026,,28.04.2026,,,,POLG,Communes,06.04.2025,,DATASET_COMMENT,"Source: Office fédéral de la statistique – Pendularité (PEND), Relevé structurel (RS)

Les données concernent les 180 villes de la publication ""Statistiques des villes suisses"", constituées de 173 villes statistiques et de 7 autres membres de l'Union des villes suisses: Appenzell, Arosa, La Neuveville, Moutier, Morat, Willisau et Worb."
DATAFLOW,CH1.SSV:DF_SSV_MOB_COM(2026.1.0),"Statistiques des villes suisses 2026, pendulaires selon le principal moyen de transport",I,1362,Arth,2,10 000-14 999,pen_tp,Transport public (TP),CI,Intervalle de confiance (+/-),31.08,,U,Faible fiabilité,2023,,28.04.2026,,28.04.2026,,,,POLG,Communes,06.04.2025,,DATASET_COMMENT,"Source: Office fédéral de la statistique – Pendularité (PEND), Relevé structurel (RS)

Les données concernent les 180 villes de la publication ""Statistiques des villes suisses"", constituées de 173 villes statistiques et de 7 autres membres de l'Union des villes suisses: Appenzell, Arosa, La Neuveville, Moutier, Morat, Willisau et Worb."
DATAFLOW,CH1.SSV:DF_SSV_MOB_COM(2026.1.0),"Statistiques des villes suisses 2026, pendulaires selon le principal moyen de transport",I,1701,Baar,4,20 000-49 999,pen_tim,Transport individuel motorisé (TIM),OBS,Valeur observée,4312,,A,Valeur normale,2023,,28.04.2026,,28.04.2026,,,,POLG,Communes,06.04.2025,,DATASET_COMMENT,"Source: Office fédéral de la statistique – Pendularité (PEND), Relevé structurel (RS)

Les données concernent les 180 villes de la publication ""Statistiques des villes suisses"", constituées de 173 villes statistiques et de 7 autres membres de l'Union des villes suisses: Appenzell, Arosa, La Neuveville, Moutier, Morat, Willisau et Worb."
DATAFLOW,CH1.SSV:DF_SSV_MOB_COM(2026.1.0),"Statistiques des villes suisses 2026, pendulaires selon le principal moyen de transport",I,1707,Risch,2,10 000-14 999,pen_tp,Transport public (TP),OBS,Valeur observée,1623,,A,Valeur normale,2023,,28.04.2026,,28.04.2026,,,,POLG,Communes,06.04.2025,,DATASET_COMMENT,"Source: Office fédéral de la statistique – Pendularité (PEND), Relevé structurel (RS)

Les données concernent les 180 villes de la publication ""Statistiques des villes suisses"", constituées de 173 villes statistiques et de 7 autres membres de l'Union des villes suisses: Appenzell, Arosa, La Neuveville, Moutier, Morat, Willisau et Worb."
DATAFLOW,CH1.SSV:DF_SSV_MOB_COM(2026.1.0),"Statistiques des villes suisses 2026, pendulaires selon le principal moyen de transport",I,2196,Fribourg,4,20 000-49 999,pen_tim,Transport individuel motorisé (TIM),OBS,Valeur observée,4139,,A,Valeur normale,2023,,28.04.2026,,28.04.2026,,,,POLG,Communes,06.04.2025,,DATASET_COMMENT,"Source: Office fédéral de la statistique – Pendularité (PEND), Relevé structurel (RS)

Les données concernent les 180 villes de la publication ""Statistiques des villes suisses"", constituées de 173 villes statistiques et de 7 autres membres de l'Union des villes suisses: Appenzell, Arosa, La Neuveville, Moutier, Morat, Willisau et Worb."
DATAFLOW,CH1.SSV:DF_SSV_MOB_COM(2026.1.0),"Statistiques des villes suisses 2026, pendulaires selon le principal moyen de transport",I,2703,Riehen,4,20 000-49 999,pen_t,"Pendulaires, total",OBS,Valeur observée,7273,,A,Valeur normale,2023,,28.04.2026,,28.04.2026,,,,POLG,Communes,06.04.2025,,DATASET_COMMENT,"Source: Office fédéral de la statistique – Pendularité (PEND), Relevé structurel (RS)

Les données concernent les 180 villes de la publication ""Statistiques des villes suisses"", constituées de 173 villes statistiques et de 7 autres membres de l'Union des villes suisses: Appenzell, Arosa, La Neuveville, Moutier, Morat, Willisau et Worb."
DATAFLOW,CH1.SSV:DF_SSV_MOB_COM(2026.1.0),"Statistiques des villes suisses 2026, pendulaires selon le principal moyen de transport",I,2703,Riehen,4,20 000-49 999,pen_tp,Transport public (TP),CI,Intervalle de confiance (+/-),19.56,,A,Valeur normale,2023,,28.04.2026,,28.04.2026,,,,POLG,Communes,06.04.2025,,DATASET_COMMENT,"Source: Office fédéral de la statistique – Pendularité (PEND), Relevé structurel (RS)

Les données concernent les 180 villes de la publication ""Statistiques des villes suisses"", constituées de 173 villes statistiques et de 7 autres membres de l'Union des villes suisses: Appenzell, Arosa, La Neuveville, Moutier, Morat, Willisau et Worb."
DATAFLOW,CH1.SSV:DF_SSV_MOB_COM(2026.1.0),"Statistiques des villes suisses 2026, pendulaires selon le principal moyen de transport",I,2769,Münchenstein,2,10 000-14 999,pen_tp,Transport public (TP),OBS,Valeur observée,2283,,A,Valeur normale,2023,,28.04.2026,,28.04.2026,,,,POLG,Communes,06.04.2025,,DATASET_COMMENT,"Source: Office fédéral de la statistique – Pendularité (PEND), Relevé structurel (RS)

Les données concernent les 180 villes de la publication ""Statistiques des villes suisses"", constituées de 173 villes statistiques et de 7 autres membres de l'Union des villes suisses: Appenzell, Arosa, La Neuveville, Moutier, Morat, Willisau et Worb."
DATAFLOW,CH1.SSV:DF_SSV_MOB_COM(2026.1.0),"Statistiques des villes suisses 2026, pendulaires selon le principal moyen de transport",I,2769,Münchenstein,2,10 000-14 999,pen_tim,Transport individuel motorisé (TIM),OBS,Valeur observée,1208,,U,Faible fiabilité,2023,,28.04.2026,,28.04.2026,,,,POLG,Communes,06.04.2025,,DATASET_COMMENT,"Source: Office fédéral de la statistique – Pendularité (PEND), Relevé structurel (RS)

Les données concernent les 180 villes de la publication ""Statistiques des villes suisses"", constituées de 173 villes statistiques et de 7 autres membres de l'Union des villes suisses: Appenzell, Arosa, La Neuveville, Moutier, Morat, Willisau et Worb."
DATAFLOW,CH1.SSV:DF_SSV_MOB_COM(2026.1.0),"Statistiques des villes suisses 2026, pendulaires selon le principal moyen de transport",I,3001,Herisau,3,15 000-19 999,pen_t,"Pendulaires, total",CI,Intervalle de confiance (+/-),13.07,,A,Valeur normale,2023,,28.04.2026,,28.04.2026,,,,POLG,Communes,06.04.2025,,DATASET_COMMENT,"Source: Office fédéral de la statistique – Pendularité (PEND), Relevé structurel (RS)

Les données concernent les 180 villes de la publication ""Statistiques des villes suisses"", constituées de 173 villes statistiques et de 7 autres membres de l'Union des villes suisses: Appenzell, Arosa, La Neuveville, Moutier, Morat, Willisau et Worb."
DATAFLOW,CH1.SSV:DF_SSV_MOB_COM(2026.1.0),"Statistiques des villes suisses 2026, pendulaires selon le principal moyen de transport",I,3101,Appenzell,1,moins de 10 000,pen_tim,Transport individuel motorisé (TIM),OBS,Valeur observée,1838,,U,Faible fiabilité,2023,,28.04.2026,,28.04.2026,,,,POLG,Communes,06.04.2025,,DATASET_COMMENT,"Source: Office fédéral de la statistique – Pendularité (PEND), Relevé structurel (RS)

Les données concernent les 180 villes de la publication ""Statistiques des villes suisses"", constituées de 173 villes statistiques et de 7 autres membres de l'Union des villes suisses: Appenzell, Arosa, La Neuveville, Moutier, Morat, Willisau et Worb."
DATAFLOW,CH1.SSV:DF_SSV_MOB_COM(2026.1.0),"Statistiques des villes suisses 2026, pendulaires selon le principal moyen de transport",I,3251,Altstätten,2,10 000-14 999,pen_t,"Pendulaires, total",OBS,Valeur observée,6578,,A,Valeur normale,2023,,28.04.2026,,28.04.2026,,,,POLG,Communes,06.04.2025,,DATASET_COMMENT,"Source: Office fédéral de la statistique – Pendularité (PEND), Relevé structurel (RS)

Les données concernent les 180 villes de la publication ""Statistiques des villes suisses"", constituées de 173 villes statistiques et de 7 autres membres de l'Union des villes suisses: Appenzell, Arosa, La Neuveville, Moutier, Morat, Willisau et Worb."
DATAFLOW,CH1.SSV:DF_SSV_MOB_COM(2026.1.0),"Statistiques des villes suisses 2026, pendulaires selon le principal moyen de transport",I,3787,St. Moritz,1,moins de 10 000,pen_t,"Pendulaires, total",OBS,Valeur observée,2542,,A,Valeur normale,2023,,28.04.2026,,28.04.2026,,,,POLG,Communes,06.04.2025,,DATASET_COMMENT,"Source: Office fédéral de la statistique – Pendularité (PEND), Relevé structurel (RS)

Les données concernent les 180 villes de la publication ""Statistiques des villes suisses"", constituées de 173 villes statistiques et de 7 autres membres de l'Union des villes suisses: Appenzell, Arosa, La Neuveville, Moutier, Morat, Willisau et Worb."
DATAFLOW,CH1.SSV:DF_SSV_MOB_COM(2026.1.0),"Statistiques des villes suisses 2026, pendulaires selon le principal moyen de transport",I,3787,St. Moritz,1,moins de 10 000,pen_t,"Pendulaires, total",CI,Intervalle de confiance (+/-),22.94,,A,Valeur normale,2023,,28.04.2026,,28.04.2026,,,,POLG,Communes,06.04.2025,,DATASET_COMMENT,"Source: Office fédéral de la statistique – Pendularité (PEND), Relevé structurel (RS)

Les données concernent les 180 villes de la publication ""Statistiques des villes suisses"", constituées de 173 villes statistiques et de 7 autres membres de l'Union des villes suisses: Appenzell, Arosa, La Neuveville, Moutier, Morat, Willisau et Worb."
DATAFLOW,CH1.SSV:DF_SSV_MOB_COM(2026.1.0),"Statistiques des villes suisses 2026, pendulaires selon le principal moyen de transport",I,4082,Wohlen (AG),3,15 000-19 999,pen_tp,Transport public (TP),CI,Intervalle de confiance (+/-),23.31,,A,Valeur normale,2023,,28.04.2026,,28.04.2026,,,,POLG,Communes,06.04.2025,,DATASET_COMMENT,"Source: Office fédéral de la statistique – Pendularité (PEND), Relevé structurel (RS)

Les données concernent les 180 villes de la publication ""Statistiques des villes suisses"", constituées de 173 villes statistiques et de 7 autres membres de l'Union des villes suisses: Appenzell, Arosa, La Neuveville, Moutier, Morat, Willisau et Worb."
DATAFLOW,CH1.SSV:DF_SSV_MOB_COM(2026.1.0),"Statistiques des villes suisses 2026, pendulaires selon le principal moyen de transport",I,4095,Brugg,2,10 000-14 999,pen_tim,Transport individuel motorisé (TIM),OBS,Valeur observée,2319,,A,Valeur normale,2023,,28.04.2026,,28.04.2026,,,,POLG,Communes,06.04.2025,,DATASET_COMMENT,"Source: Office fédéral de la statistique – Pendularité (PEND), Relevé structurel (RS)

Les données concernent les 180 villes de la publication ""Statistiques des villes suisses"", constituées de 173 villes statistiques et de 7 autres membres de l'Union des villes suisses: Appenzell, Arosa, La Neuveville, Moutier, Morat, Willisau et Worb."
DATAFLOW,CH1.SSV:DF_SSV_MOB_COM(2026.1.0),"Statistiques des villes suisses 2026, pendulaires selon le principal moyen de transport",I,4201,Lenzburg,2,10 000-14 999,pen_t,"Pendulaires, total",OBS,Valeur observée,5408,,A,Valeur normale,2023,,28.04.2026,,28.04.2026,,,,POLG,Communes,06.04.2025,,DATASET_COMMENT,"Source: Office fédéral de la statistique – Pendularité (PEND), Relevé structurel (RS)

Les données concernent les 180 villes de la publication ""Statistiques des villes suisses"", constituées de 173 villes statistiques et de 7 autres membres de l'Union des villes suisses: Appenzell, Arosa, La Neuveville, Moutier, Morat, Willisau et Worb."
DATAFLOW,CH1.SSV:DF_SSV_MOB_COM(2026.1.0),"Statistiques des villes suisses 2026, pendulaires selon le principal moyen de transport",I,4201,Lenzburg,2,10 000-14 999,pen_t,"Pendulaires, total",CI,Intervalle de confiance (+/-),11.14,,A,Valeur normale,2023,,28.04.2026,,28.04.2026,,,,POLG,Communes,06.04.2025,,DATASET_COMMENT,"Source: Office fédéral de la statistique – Pendularité (PEND), Relevé structurel (RS)

Les données concernent les 180 villes de la publication ""Statistiques des villes suisses"", constituées de 173 villes statistiques et de 7 autres membres de l'Union des villes suisses: Appenzell, Arosa, La Neuveville, Moutier, Morat, Willisau et Worb."
DATAFLOW,CH1.SSV:DF_SSV_MOB_COM(2026.1.0),"Statistiques des villes suisses 2026, pendulaires selon le principal moyen de transport",I,4201,Lenzburg,2,10 000-14 999,pen_tp,Transport public (TP),CI,Intervalle de confiance (+/-),16.55,,A,Valeur normale,2023,,28.04.2026,,28.04.2026,,,,POLG,Communes,06.04.2025,,DATASET_COMMENT,"Source: Office fédéral de la statistique – Pendularité (PEND), Relevé structurel (RS)

Les données concernent les 180 villes de la publication ""Statistiques des villes suisses"", constituées de 173 villes statistiques et de 7 autres membres de l'Union des villes suisses: Appenzell, Arosa, La Neuveville, Moutier, Morat, Willisau et Worb."
DATAFLOW,CH1.SSV:DF_SSV_MOB_COM(2026.1.0),"Statistiques des villes suisses 2026, pendulaires selon le principal moyen de transport",I,4289,Zofingen,2,10 000-14 999,pen_tim,Transport individuel motorisé (TIM),OBS,Valeur observée,2859,,A,Valeur normale,2023,,28.04.2026,,28.04.2026,,,,POLG,Communes,06.04.2025,,DATASET_COMMENT,"Source: Office fédéral de la statistique – Pendularité (PEND), Relevé structurel (RS)

Les données concernent les 180 villes de la publication ""Statistiques des villes suisses"", constituées de 173 villes statistiques et de 7 autres membres de l'Union des villes suisses: Appenzell, Arosa, La Neuveville, Moutier, Morat, Willisau et Worb."
DATAFLOW,CH1.SSV:DF_SSV_MOB_COM(2026.1.0),"Statistiques des villes suisses 2026, pendulaires selon le principal moyen de transport",I,4461,Amriswil,2,10 000-14 999,pen_tim,Transport individuel motorisé (TIM),CI,Intervalle de confiance (+/-),19.1,,A,Valeur normale,2023,,28.04.2026,,28.04.2026,,,,POLG,Communes,06.04.2025,,DATASET_COMMENT,"Source: Office fédéral de la statistique – Pendularité (PEND), Relevé structurel (RS)

Les données concernent les 180 villes de la publication ""Statistiques des villes suisses"", constituées de 173 villes statistiques et de 7 autres membres de l'Union des villes suisses: Appenzell, Arosa, La Neuveville, Moutier, Morat, Willisau et Worb."
DATAFLOW,CH1.SSV:DF_SSV_MOB_COM(2026.1.0),"Statistiques des villes suisses 2026, pendulaires selon le principal moyen de transport",I,4566,Frauenfeld,4,20 000-49 999,pen_tp,Transport public (TP),OBS,Valeur observée,3124,,A,Valeur normale,2023,,28.04.2026,,28.04.2026,,,,POLG,Communes,06.04.2025,,DATASET_COMMENT,"Source: Office fédéral de la statistique – Pendularité (PEND), Relevé structurel (RS)

Les données concernent les 180 villes de la publication ""Statistiques des villes suisses"", constituées de 173 villes statistiques et de 7 autres membres de l'Union des villes suisses: Appenzell, Arosa, La Neuveville, Moutier, Morat, Willisau et Worb."
DATAFLOW,CH1.SSV:DF_SSV_MOB_COM(2026.1.0),"Statistiques des villes suisses 2026, pendulaires selon le principal moyen de transport",I,4566,Frauenfeld,4,20 000-49 999,pen_tim,Transport individuel motorisé (TIM),CI,Intervalle de confiance (+/-),14.04,,A,Valeur normale,2023,,28.04.2026,,28.04.2026,,,,POLG,Communes,06.04.2025,,DATASET_COMMENT,"Source: Office fédéral de la statistique – Pendularité (PEND), Relevé structurel (RS)

Les données concernent les 180 villes de la publication ""Statistiques des villes suisses"", constituées de 173 villes statistiques et de 7 autres membres de l'Union des villes suisses: Appenzell, Arosa, La Neuveville, Moutier, Morat, Willisau et Worb."
DATAFLOW,CH1.SSV:DF_SSV_MOB_COM(2026.1.0),"Statistiques des villes suisses 2026, pendulaires selon le principal moyen de transport",I,5250,Chiasso,1,moins de 10 000,pen_tp,Transport public (TP),OBS,Valeur observée,594,,U,Faible fiabilité,2023,,28.04.2026,,28.04.2026,,,,POLG,Communes,06.04.2025,,DATASET_COMMENT,"Source: Office fédéral de la statistique – Pendularité (PEND), Relevé structurel (RS)

Les données concernent les 180 villes de la publication ""Statistiques des villes suisses"", constituées de 173 villes statistiques et de 7 autres membres de l'Union des villes suisses: Appenzell, Arosa, La Neuveville, Moutier, Morat, Willisau et Worb."
DATAFLOW,CH1.SSV:DF_SSV_MOB_COM(2026.1.0),"Statistiques des villes suisses 2026, pendulaires selon le principal moyen de transport",I,5250,Chiasso,1,moins de 10 000,pen_tp,Transport public (TP),CI,Intervalle de confiance (+/-),33.85,,U,Faible fiabilité,2023,,28.04.2026,,28.04.2026,,,,POLG,Communes,06.04.2025,,DATASET_COMMENT,"Source: Office fédéral de la statistique – Pendularité (PEND), Relevé structurel (RS)

Les données concernent les 180 villes de la publication ""Statistiques des villes suisses"", constituées de 173 villes statistiques et de 7 autres membres de l'Union des villes suisses: Appenzell, Arosa, La Neuveville, Moutier, Morat, Willisau et Worb."
DATAFLOW,CH1.SSV:DF_SSV_MOB_COM(2026.1.0),"Statistiques des villes suisses 2026, pendulaires selon le principal moyen de transport",I,5250,Chiasso,1,moins de 10 000,pen_tim,Transport individuel motorisé (TIM),CI,Intervalle de confiance (+/-),27.05,,A,Valeur normale,2023,,28.04.2026,,28.04.2026,,,,POLG,Communes,06.04.2025,,DATASET_COMMENT,"Source: Office fédéral de la statistique – Pendularité (PEND), Relevé structurel (RS)

Les données concernent les 180 villes de la publication ""Statistiques des villes suisses"", constituées de 173 villes statistiques et de 7 autres membres de l'Union des villes suisses: Appenzell, Arosa, La Neuveville, Moutier, Morat, Willisau et Worb."
DATAFLOW,CH1.SSV:DF_SSV_MOB_COM(2026.1.0),"Statistiques des villes suisses 2026, pendulaires selon le principal moyen de transport",I,5583,Crissier,1,moins de 10 000,pen_tp,Transport public (TP),OBS,Valeur observée,1138,,A,Valeur normale,2023,,28.04.2026,,28.04.2026,,,,POLG,Communes,06.04.2025,,DATASET_COMMENT,"Source: Office fédéral de la statistique – Pendularité (PEND), Relevé structurel (RS)

Les données concernent les 180 villes de la publication ""Statistiques des villes suisses"", constituées de 173 villes statistiques et de 7 autres membres de l'Union des villes suisses: Appenzell, Arosa, La Neuveville, Moutier, Morat, Willisau et Worb."
DATAFLOW,CH1.SSV:DF_SSV_MOB_COM(2026.1.0),"Statistiques des villes suisses 2026, pendulaires selon le principal moyen de transport",I,5583,Crissier,1,moins de 10 000,pen_tim,Transport individuel motorisé (TIM),OBS,Valeur observée,1292,,A,Valeur normale,2023,,28.04.2026,,28.04.2026,,,,POLG,Communes,06.04.2025,,DATASET_COMMENT,"Source: Office fédéral de la statistique – Pendularité (PEND), Relevé structurel (RS)

Les données concernent les 180 villes de la publication ""Statistiques des villes suisses"", constituées de 173 villes statistiques et de 7 autres membres de l'Union des villes suisses: Appenzell, Arosa, La Neuveville, Moutier, Morat, Willisau et Worb."
DATAFLOW,CH1.SSV:DF_SSV_MOB_COM(2026.1.0),"Statistiques des villes suisses 2026, pendulaires selon le principal moyen de transport",I,5591,Renens (VD),4,20 000-49 999,pen_tp,Transport public (TP),OBS,Valeur observée,2795,,A,Valeur normale,2023,,28.04.2026,,28.04.2026,,,,POLG,Communes,06.04.2025,,DATASET_COMMENT,"Source: Office fédéral de la statistique – Pendularité (PEND), Relevé structurel (RS)

Les données concernent les 180 villes de la publication ""Statistiques des villes suisses"", constituées de 173 villes statistiques et de 7 autres membres de l'Union des villes suisses: Appenzell, Arosa, La Neuveville, Moutier, Morat, Willisau et Worb."
DATAFLOW,CH1.SSV:DF_SSV_MOB_COM(2026.1.0),"Statistiques des villes suisses 2026, pendulaires selon le principal moyen de transport",I,5635,Ecublens (VD),2,10 000-14 999,pen_tp,Transport public (TP),CI,Intervalle de confiance (+/-),20.09,,A,Valeur normale,2023,,28.04.2026,,28.04.2026,,,,POLG,Communes,06.04.2025,,DATASET_COMMENT,"Source: Office fédéral de la statistique – Pendularité (PEND), Relevé structurel (RS)

Les données concernent les 180 villes de la publication ""Statistiques des villes suisses"", constituées de 173 villes statistiques et de 7 autres membres de l'Union des villes suisses: Appenzell, Arosa, La Neuveville, Moutier, Morat, Willisau et Worb."
DATAFLOW,CH1.SSV:DF_SSV_MOB_COM(2026.1.0),"Statistiques des villes suisses 2026, pendulaires selon le principal moyen de transport",I,5890,Vevey,4,20 000-49 999,pen_t,"Pendulaires, total",CI,Intervalle de confiance (+/-),8.81,,A,Valeur normale,2023,,28.04.2026,,28.04.2026,,,,POLG,Communes,06.04.2025,,DATASET_COMMENT,"Source: Office fédéral de la statistique – Pendularité (PEND), Relevé structurel (RS)

Les données concernent les 180 villes de la publication ""Statistiques des villes suisses"", constituées de 173 villes statistiques et de 7 autres membres de l'Union des villes suisses: Appenzell, Arosa, La Neuveville, Moutier, Morat, Willisau et Worb."
DATAFLOW,CH1.SSV:DF_SSV_MOB_COM(2026.1.0),"Statistiques des villes suisses 2026, pendulaires selon le principal moyen de transport",I,6266,Sion,4,20 000-49 999,pen_tim,Transport individuel motorisé (TIM),OBS,Valeur observée,8481,,A,Valeur normale,2023,,28.04.2026,,28.04.2026,,,,POLG,Communes,06.04.2025,,DATASET_COMMENT,"Source: Office fédéral de la statistique – Pendularité (PEND), Relevé structurel (RS)

Les données concernent les 180 villes de la publication ""Statistiques des villes suisses"", constituées de 173 villes statistiques et de 7 autres membres de l'Union des villes suisses: Appenzell, Arosa, La Neuveville, Moutier, Morat, Willisau et Worb."
DATAFLOW,CH1.SSV:DF_SSV_MOB_COM(2026.1.0),"Statistiques des villes suisses 2026, pendulaires selon le principal moyen de transport",I,6297,Visp,1,moins de 10 000,pen_tim,Transport individuel motorisé (TIM),OBS,Valeur observée,1385,,U,Faible fiabilité,2023,,28.04.2026,,28.04.2026,,,,POLG,Communes,06.04.2025,,DATASET_COMMENT,"Source: Office fédéral de la statistique – Pendularité (PEND), Relevé structurel (RS)

Les données concernent les 180 villes de la publication ""Statistiques des villes suisses"", constituées de 173 villes statistiques et de 7 autres membres de l'Union des villes suisses: Appenzell, Arosa, La Neuveville, Moutier, Morat, Willisau et Worb."
DATAFLOW,CH1.SSV:DF_SSV_MOB_COM(2026.1.0),"Statistiques des villes suisses 2026, pendulaires selon le principal moyen de transport",I,6621,Genève,6,100 000 et plus,pen_tp,Transport public (TP),OBS,Valeur observée,35232,,A,Valeur normale,2023,,28.04.2026,,28.04.2026,,,,POLG,Communes,06.04.2025,,DATASET_COMMENT,"Source: Office fédéral de la statistique – Pendularité (PEND), Relevé structurel (RS)

Les données concernent les 180 villes de la publication ""Statistiques des villes suisses"", constituées de 173 villes statistiques et de 7 autres membres de l'Union des villes suisses: Appenzell, Arosa, La Neuveville, Moutier, Morat, Willisau et Worb."
DATAFLOW,CH1.SSV:DF_SSV_MOB_COM(2026.1.0),"Statistiques des villes suisses 2026, pendulaires selon le principal moyen de transport",I,6643,Vernier,4,20 000-49 999,pen_tim,Transport individuel motorisé (TIM),CI,Intervalle de confiance (+/-),14.44,,A,Valeur normale,2023,,28.04.2026,,28.04.2026,,,,POLG,Communes,06.04.2025,,DATASET_COMMENT,"Source: Office fédéral de la statistique – Pendularité (PEND), Relevé structurel (RS)

Les données concernent les 180 villes de la publication ""Statistiques des villes suisses"", constituées de 173 villes statistiques et de 7 autres membres de l'Union des villes suisses: Appenzell, Arosa, La Neuveville, Moutier, Morat, Willisau et Worb."
DATAFLOW,CH1.SSV:DF_SSV_MOB_COM(2026.1.0),"Statistiques des villes suisses 2026, pendulaires selon le principal moyen de transport",I,6644,Versoix,2,10 000-14 999,pen_tp,Transport public (TP),CI,Intervalle de confiance (+/-),19.22,,A,Valeur normale,2023,,28.04.2026,,28.04.2026,,,,POLG,Communes,06.04.2025,,DATASET_COMMENT,"Source: Office fédéral de la statistique – Pendularité (PEND), Relevé structurel (RS)

Les données concernent les 180 villes de la publication ""Statistiques des villes suisses"", constituées de 173 villes statistiques et de 7 autres membres de l'Union des villes suisses: Appenzell, Arosa, La Neuveville, Moutier, Morat, Willisau et Worb."
DATAFLOW,CH1.SSV:DF_SSV_MOB_COM(2026.1.0),"Statistiques des villes suisses 2026, pendulaires selon le principal moyen de transport",I,6645,Veyrier,2,10 000-14 999,pen_t,"Pendulaires, total",OBS,Valeur observée,4319,,A,Valeur normale,2023,,28.04.2026,,28.04.2026,,,,POLG,Communes,06.04.2025,,DATASET_COMMENT,"Source: Office fédéral de la statistique – Pendularité (PEND), Relevé structurel (RS)

Les données concernent les 180 villes de la publication ""Statistiques des villes suisses"", constituées de 173 villes statistiques et de 7 autres membres de l'Union des villes suisses: Appenzell, Arosa, La Neuveville, Moutier, Morat, Willisau et Worb."
DATAFLOW,CH1.SSV:DF_SSV_MOB_COM(2026.1.0),"Statistiques des villes suisses 2026, pendulaires selon le principal moyen de transport",I,6645,Veyrier,2,10 000-14 999,pen_tp,Transport public (TP),CI,Intervalle de confiance (+/-),22.2,,A,Valeur normale,2023,,28.04.2026,,28.04.2026,,,,POLG,Communes,06.04.2025,,DATASET_COMMENT,"Source: Office fédéral de la statistique – Pendularité (PEND), Relevé structurel (RS)

Les données concernent les 180 villes de la publication ""Statistiques des villes suisses"", constituées de 173 villes statistiques et de 7 autres membres de l'Union des villes suisses: Appenzell, Arosa, La Neuveville, Moutier, Morat, Willisau et Worb."
DATAFLOW,CH1.SSV:DF_SSV_MOB_COM(2026.1.0),"Statistiques des villes suisses 2026, pendulaires selon le principal moyen de transport",I,6645,Veyrier,2,10 000-14 999,pen_tim,Transport individuel motorisé (TIM),CI,Intervalle de confiance (+/-),18.43,,A,Valeur normale,2023,,28.04.2026,,28.04.2026,,,,POLG,Communes,06.04.2025,,DATASET_COMMENT,"Source: Office fédéral de la statistique – Pendularité (PEND), Relevé structurel (RS)

Les données concernent les 180 villes de la publication ""Statistiques des villes suisses"", constituées de 173 villes statistiques et de 7 autres membres de l'Union des villes suisses: Appenzell, Arosa, La Neuveville, Moutier, Morat, Willisau et Worb."
DATAFLOW,CH1.SSV:DF_SSV_MOB_COM(2026.1.0),"Statistiques des villes suisses 2026, pendulaires selon le principal moyen de transport",I,6513,Laténa,2,10 000-14 999,pen_tp,Transport public (TP),CI,Intervalle de confiance (+/-),22.59,,A,Valeur normale,2023,,28.04.2026,,28.04.2026,,,,POLG,Communes,06.04.2025,,DATASET_COMMENT,"Source: Office fédéral de la statistique – Pendularité (PEND), Relevé structurel (RS)

Les données concernent les 180 villes de la publication ""Statistiques des villes suisses"", constituées de 173 villes statistiques et de 7 autres membres de l'Union des villes suisses: Appenzell, Arosa, La Neuveville, Moutier, Morat, Willisau et Worb."
DATAFLOW,CH1.SSV:DF_SSV_MOB_COM(2026.1.0),"Statistiques des villes suisses 2026, pendulaires selon le principal moyen de transport",I,_ST,Total des villes suisses,1,moins de 10 000,pen_t,"Pendulaires, total",OBS,Valeur observée,66431,,A,Valeur normale,2023,,28.04.2026,,28.04.2026,,,,POLG,Communes,06.04.2025,,DATASET_COMMENT,"Source: Office fédéral de la statistique – Pendularité (PEND), Relevé structurel (RS)

Les données concernent les 180 villes de la publication ""Statistiques des villes suisses"", constituées de 173 villes statistiques et de 7 autres membres de l'Union des villes suisses: Appenzell, Arosa, La Neuveville, Moutier, Morat, Willisau et Worb."
DATAFLOW,CH1.SSV:DF_SSV_MOB_COM(2026.1.0),"Statistiques des villes suisses 2026, pendulaires selon le principal moyen de transport",I,52,Bassersdorf,2,10 000-14 999,pen_tp,Transport public (TP),OBS,Valeur observée,2081,,A,Valeur normale,2023,,28.04.2026,,28.04.2026,,,,POLG,Communes,06.04.2025,,DATASET_COMMENT,"Source: Office fédéral de la statistique – Pendularité (PEND), Relevé structurel (RS)

Les données concernent les 180 villes de la publication ""Statistiques des villes suisses"", constituées de 173 villes statistiques et de 7 autres membres de l'Union des villes suisses: Appenzell, Arosa, La Neuveville, Moutier, Morat, Willisau et Worb."
DATAFLOW,CH1.SSV:DF_SSV_MOB_COM(2026.1.0),"Statistiques des villes suisses 2026, pendulaires selon le principal moyen de transport",I,52,Bassersdorf,2,10 000-14 999,pen_tim,Transport individuel motorisé (TIM),CI,Intervalle de confiance (+/-),22.47,,A,Valeur normale,2023,,28.04.2026,,28.04.2026,,,,POLG,Communes,06.04.2025,,DATASET_COMMENT,"Source: Office fédéral de la statistique – Pendularité (PEND), Relevé structurel (RS)

Les données concernent les 180 villes de la publication ""Statistiques des villes suisses"", constituées de 173 villes statistiques et de 7 autres membres de l'Union des villes suisses: Appenzell, Arosa, La Neuveville, Moutier, Morat, Willisau et Worb."
DATAFLOW,CH1.SSV:DF_SSV_MOB_COM(2026.1.0),"Statistiques des villes suisses 2026, pendulaires selon le principal moyen de transport",I,66,Opfikon,4,20 000-49 999,pen_t,"Pendulaires, total",CI,Intervalle de confiance (+/-),11.95,,A,Valeur normale,2023,,28.04.2026,,28.04.2026,,,,POLG,Communes,06.04.2025,,DATASET_COMMENT,"Source: Office fédéral de la statistique – Pendularité (PEND), Relevé structurel (RS)

Les données concernent les 180 villes de la publication ""Statistiques des villes suisses"", constituées de 173 villes statistiques et de 7 autres membres de l'Union des villes suisses: Appenzell, Arosa, La Neuveville, Moutier, Morat, Willisau et Worb."
DATAFLOW,CH1.SSV:DF_SSV_MOB_COM(2026.1.0),"Statistiques des villes suisses 2026, pendulaires selon le principal moyen de transport",I,117,Hinwil,2,10 000-14 999,pen_tp,Transport public (TP),OBS,Valeur observée,1144,,U,Faible fiabilité,2023,,28.04.2026,,28.04.2026,,,,POLG,Communes,06.04.2025,,DATASET_COMMENT,"Source: Office fédéral de la statistique – Pendularité (PEND), Relevé structurel (RS)

Les données concernent les 180 villes de la publication ""Statistiques des villes suisses"", constituées de 173 villes statistiques et de 7 autres membres de l'Union des villes suisses: Appenzell, Arosa, La Neuveville, Moutier, Morat, Willisau et Worb."
DATAFLOW,CH1.SSV:DF_SSV_MOB_COM(2026.1.0),"Statistiques des villes suisses 2026, pendulaires selon le principal moyen de transport",I,118,Rüti (ZH),2,10 000-14 999,pen_tp,Transport public (TP),OBS,Valeur observée,1666,,U,Faible fiabilité,2023,,28.04.2026,,28.04.2026,,,,POLG,Communes,06.04.2025,,DATASET_COMMENT,"Source: Office fédéral de la statistique – Pendularité (PEND), Relevé structurel (RS)

Les données concernent les 180 villes de la publication ""Statistiques des villes suisses"", constituées de 173 villes statistiques et de 7 autres membres de l'Union des villes suisses: Appenzell, Arosa, La Neuveville, Moutier, Morat, Willisau et Worb."
DATAFLOW,CH1.SSV:DF_SSV_MOB_COM(2026.1.0),"Statistiques des villes suisses 2026, pendulaires selon le principal moyen de transport",I,138,Richterswil,2,10 000-14 999,pen_t,"Pendulaires, total",OBS,Valeur observée,5541,,A,Valeur normale,2023,,28.04.2026,,28.04.2026,,,,POLG,Communes,06.04.2025,,DATASET_COMMENT,"Source: Office fédéral de la statistique – Pendularité (PEND), Relevé structurel (RS)

Les données concernent les 180 villes de la publication ""Statistiques des villes suisses"", constituées de 173 villes statistiques et de 7 autres membres de l'Union des villes suisses: Appenzell, Arosa, La Neuveville, Moutier, Morat, Willisau et Worb."
DATAFLOW,CH1.SSV:DF_SSV_MOB_COM(2026.1.0),"Statistiques des villes suisses 2026, pendulaires selon le principal moyen de transport",I,138,Richterswil,2,10 000-14 999,pen_tp,Transport public (TP),CI,Intervalle de confiance (+/-),22.33,,A,Valeur normale,2023,,28.04.2026,,28.04.2026,,,,POLG,Communes,06.04.2025,,DATASET_COMMENT,"Source: Office fédéral de la statistique – Pendularité (PEND), Relevé structurel (RS)

Les données concernent les 180 villes de la publication ""Statistiques des villes suisses"", constituées de 173 villes statistiques et de 7 autres membres de l'Union des villes suisses: Appenzell, Arosa, La Neuveville, Moutier, Morat, Willisau et Worb."
DATAFLOW,CH1.SSV:DF_SSV_MOB_COM(2026.1.0),"Statistiques des villes suisses 2026, pendulaires selon le principal moyen de transport",I,156,Meilen,2,10 000-14 999,pen_tp,Transport public (TP),OBS,Valeur observée,3798,,A,Valeur normale,2023,,28.04.2026,,28.04.2026,,,,POLG,Communes,06.04.2025,,DATASET_COMMENT,"Source: Office fédéral de la statistique – Pendularité (PEND), Relevé structurel (RS)

Les données concernent les 180 villes de la publication ""Statistiques des villes suisses"", constituées de 173 villes statistiques et de 7 autres membres de l'Union des villes suisses: Appenzell, Arosa, La Neuveville, Moutier, Morat, Willisau et Worb."
DATAFLOW,CH1.SSV:DF_SSV_MOB_COM(2026.1.0),"Statistiques des villes suisses 2026, pendulaires selon le principal moyen de transport",I,156,Meilen,2,10 000-14 999,pen_tim,Transport individuel motorisé (TIM),CI,Intervalle de confiance (+/-),28.33,,U,Faible fiabilité,2023,,28.04.2026,,28.04.2026,,,,POLG,Communes,06.04.2025,,DATASET_COMMENT,"Source: Office fédéral de la statistique – Pendularité (PEND), Relevé structurel (RS)

Les données concernent les 180 villes de la publication ""Statistiques des villes suisses"", constituées de 173 villes statistiques et de 7 autres membres de l'Union des villes suisses: Appenzell, Arosa, La Neuveville, Moutier, Morat, Willisau et Worb."
DATAFLOW,CH1.SSV:DF_SSV_MOB_COM(2026.1.0),"Statistiques des villes suisses 2026, pendulaires selon le principal moyen de transport",I,293,Wädenswil,4,20 000-49 999,pen_tp,Transport public (TP),OBS,Valeur observée,4440,,A,Valeur normale,2023,,28.04.2026,,28.04.2026,,,,POLG,Communes,06.04.2025,,DATASET_COMMENT,"Source: Office fédéral de la statistique – Pendularité (PEND), Relevé structurel (RS)

Les données concernent les 180 villes de la publication ""Statistiques des villes suisses"", constituées de 173 villes statistiques et de 7 autres membres de l'Union des villes suisses: Appenzell, Arosa, La Neuveville, Moutier, Morat, Willisau et Worb."
DATAFLOW,CH1.SSV:DF_SSV_MOB_COM(2026.1.0),"Statistiques des villes suisses 2026, pendulaires selon le principal moyen de transport",I,296,Illnau-Effretikon,3,15 000-19 999,pen_t,"Pendulaires, total",CI,Intervalle de confiance (+/-),13.63,,A,Valeur normale,2023,,28.04.2026,,28.04.2026,,,,POLG,Communes,06.04.2025,,DATASET_COMMENT,"Source: Office fédéral de la statistique – Pendularité (PEND), Relevé structurel (RS)

Les données concernent les 180 villes de la publication ""Statistiques des villes suisses"", constituées de 173 villes statistiques et de 7 autres membres de l'Union des villes suisses: Appenzell, Arosa, La Neuveville, Moutier, Morat, Willisau et Worb."
DATAFLOW,CH1.SSV:DF_SSV_MOB_COM(2026.1.0),"Statistiques des villes suisses 2026, pendulaires selon le principal moyen de transport",I,356,Muri bei Bern,2,10 000-14 999,pen_tim,Transport individuel motorisé (TIM),OBS,Valeur observée,1758,,A,Valeur normale,2023,,28.04.2026,,28.04.2026,,,,POLG,Communes,06.04.2025,,DATASET_COMMENT,"Source: Office fédéral de la statistique – Pendularité (PEND), Relevé structurel (RS)

Les données concernent les 180 villes de la publication ""Statistiques des villes suisses"", constituées de 173 villes statistiques et de 7 autres membres de l'Union des villes suisses: Appenzell, Arosa, La Neuveville, Moutier, Morat, Willisau et Worb."
DATAFLOW,CH1.SSV:DF_SSV_MOB_COM(2026.1.0),"Statistiques des villes suisses 2026, pendulaires selon le principal moyen de transport",I,404,Burgdorf,3,15 000-19 999,pen_t,"Pendulaires, total",OBS,Valeur observée,6502,,A,Valeur normale,2023,,28.04.2026,,28.04.2026,,,,POLG,Communes,06.04.2025,,DATASET_COMMENT,"Source: Office fédéral de la statistique – Pendularité (PEND), Relevé structurel (RS)

Les données concernent les 180 villes de la publication ""Statistiques des villes suisses"", constituées de 173 villes statistiques et de 7 autres membres de l'Union des villes suisses: Appenzell, Arosa, La Neuveville, Moutier, Morat, Willisau et Worb."
DATAFLOW,CH1.SSV:DF_SSV_MOB_COM(2026.1.0),"Statistiques des villes suisses 2026, pendulaires selon le principal moyen de transport",I,616,Münsingen,2,10 000-14 999,pen_tim,Transport individuel motorisé (TIM),OBS,Valeur observée,2220,,A,Valeur normale,2023,,28.04.2026,,28.04.2026,,,,POLG,Communes,06.04.2025,,DATASET_COMMENT,"Source: Office fédéral de la statistique – Pendularité (PEND), Relevé structurel (RS)

Les données concernent les 180 villes de la publication ""Statistiques des villes suisses"", constituées de 173 villes statistiques et de 7 autres membres de l'Union des villes suisses: Appenzell, Arosa, La Neuveville, Moutier, Morat, Willisau et Worb."
DATAFLOW,CH1.SSV:DF_SSV_MOB_COM(2026.1.0),"Statistiques des villes suisses 2026, pendulaires selon le principal moyen de transport",I,723,La Neuveville,1,moins de 10 000,pen_tim,Transport individuel motorisé (TIM),CI,Intervalle de confiance (+/-),33.7,,U,Faible fiabilité,2023,,28.04.2026,,28.04.2026,,,,POLG,Communes,06.04.2025,,DATASET_COMMENT,"Source: Office fédéral de la statistique – Pendularité (PEND), Relevé structurel (RS)

Les données concernent les 180 villes de la publication ""Statistiques des villes suisses"", constituées de 173 villes statistiques et de 7 autres membres de l'Union des villes suisses: Appenzell, Arosa, La Neuveville, Moutier, Morat, Willisau et Worb."
DATAFLOW,CH1.SSV:DF_SSV_MOB_COM(2026.1.0),"Statistiques des villes suisses 2026, pendulaires selon le principal moyen de transport",I,768,Spiez,2,10 000-14 999,pen_tim,Transport individuel motorisé (TIM),OBS,Valeur observée,3199,,A,Valeur normale,2023,,28.04.2026,,28.04.2026,,,,POLG,Communes,06.04.2025,,DATASET_COMMENT,"Source: Office fédéral de la statistique – Pendularité (PEND), Relevé structurel (RS)

Les données concernent les 180 villes de la publication ""Statistiques des villes suisses"", constituées de 173 villes statistiques et de 7 autres membres de l'Union des villes suisses: Appenzell, Arosa, La Neuveville, Moutier, Morat, Willisau et Worb."
DATAFLOW,CH1.SSV:DF_SSV_MOB_COM(2026.1.0),"Statistiques des villes suisses 2026, pendulaires selon le principal moyen de transport",I,861,Belp,2,10 000-14 999,pen_tim,Transport individuel motorisé (TIM),OBS,Valeur observée,2067,,A,Valeur normale,2023,,28.04.2026,,28.04.2026,,,,POLG,Communes,06.04.2025,,DATASET_COMMENT,"Source: Office fédéral de la statistique – Pendularité (PEND), Relevé structurel (RS)

Les données concernent les 180 villes de la publication ""Statistiques des villes suisses"", constituées de 173 villes statistiques et de 7 autres membres de l'Union des villes suisses: Appenzell, Arosa, La Neuveville, Moutier, Morat, Willisau et Worb."
DATAFLOW,CH1.SSV:DF_SSV_MOB_COM(2026.1.0),"Statistiques des villes suisses 2026, pendulaires selon le principal moyen de transport",I,939,Steffisburg,3,15 000-19 999,pen_tim,Transport individuel motorisé (TIM),CI,Intervalle de confiance (+/-),17.38,,A,Valeur normale,2023,,28.04.2026,,28.04.2026,,,,POLG,Communes,06.04.2025,,DATASET_COMMENT,"Source: Office fédéral de la statistique – Pendularité (PEND), Relevé structurel (RS)

Les données concernent les 180 villes de la publication ""Statistiques des villes suisses"", constituées de 173 villes statistiques et de 7 autres membres de l'Union des villes suisses: Appenzell, Arosa, La Neuveville, Moutier, Morat, Willisau et Worb."
DATAFLOW,CH1.SSV:DF_SSV_MOB_COM(2026.1.0),"Statistiques des villes suisses 2026, pendulaires selon le principal moyen de transport",I,942,Thun,4,20 000-49 999,pen_t,"Pendulaires, total",CI,Intervalle de confiance (+/-),8.26,,A,Valeur normale,2023,,28.04.2026,,28.04.2026,,,,POLG,Communes,06.04.2025,,DATASET_COMMENT,"Source: Office fédéral de la statistique – Pendularité (PEND), Relevé structurel (RS)

Les données concernent les 180 villes de la publication ""Statistiques des villes suisses"", constituées de 173 villes statistiques et de 7 autres membres de l'Union des villes suisses: Appenzell, Arosa, La Neuveville, Moutier, Morat, Willisau et Worb."
DATAFLOW,CH1.SSV:DF_SSV_MOB_COM(2026.1.0),"Statistiques des villes suisses 2026, pendulaires selon le principal moyen de transport",I,1024,Emmen,4,20 000-49 999,pen_t,"Pendulaires, total",OBS,Valeur observée,13152,,A,Valeur normale,2023,,28.04.2026,,28.04.2026,,,,POLG,Communes,06.04.2025,,DATASET_COMMENT,"Source: Office fédéral de la statistique – Pendularité (PEND), Relevé structurel (RS)

Les données concernent les 180 villes de la publication ""Statistiques des villes suisses"", constituées de 173 villes statistiques et de 7 autres membres de l'Union des villes suisses: Appenzell, Arosa, La Neuveville, Moutier, Morat, Willisau et Worb."
DATAFLOW,CH1.SSV:DF_SSV_MOB_COM(2026.1.0),"Statistiques des villes suisses 2026, pendulaires selon le principal moyen de transport",I,1024,Emmen,4,20 000-49 999,pen_tp,Transport public (TP),CI,Intervalle de confiance (+/-),14.08,,A,Valeur normale,2023,,28.04.2026,,28.04.2026,,,,POLG,Communes,06.04.2025,,DATASET_COMMENT,"Source: Office fédéral de la statistique – Pendularité (PEND), Relevé structurel (RS)

Les données concernent les 180 villes de la publication ""Statistiques des villes suisses"", constituées de 173 villes statistiques et de 7 autres membres de l'Union des villes suisses: Appenzell, Arosa, La Neuveville, Moutier, Morat, Willisau et Worb."
DATAFLOW,CH1.SSV:DF_SSV_MOB_COM(2026.1.0),"Statistiques des villes suisses 2026, pendulaires selon le principal moyen de transport",I,1024,Emmen,4,20 000-49 999,pen_tim,Transport individuel motorisé (TIM),CI,Intervalle de confiance (+/-),9.68,,A,Valeur normale,2023,,28.04.2026,,28.04.2026,,,,POLG,Communes,06.04.2025,,DATASET_COMMENT,"Source: Office fédéral de la statistique – Pendularité (PEND), Relevé structurel (RS)

Les données concernent les 180 villes de la publication ""Statistiques des villes suisses"", constituées de 173 villes statistiques et de 7 autres membres de l'Union des villes suisses: Appenzell, Arosa, La Neuveville, Moutier, Morat, Willisau et Worb."
DATAFLOW,CH1.SSV:DF_SSV_MOB_COM(2026.1.0),"Statistiques des villes suisses 2026, pendulaires selon le principal moyen de transport",I,1031,Hochdorf,2,10 000-14 999,pen_tp,Transport public (TP),OBS,Valeur observée,1004,,A,Valeur normale,2023,,28.04.2026,,28.04.2026,,,,POLG,Communes,06.04.2025,,DATASET_COMMENT,"Source: Office fédéral de la statistique – Pendularité (PEND), Relevé structurel (RS)

Les données concernent les 180 villes de la publication ""Statistiques des villes suisses"", constituées de 173 villes statistiques et de 7 autres membres de l'Union des villes suisses: Appenzell, Arosa, La Neuveville, Moutier, Morat, Willisau et Worb."
DATAFLOW,CH1.SSV:DF_SSV_MOB_COM(2026.1.0),"Statistiques des villes suisses 2026, pendulaires selon le principal moyen de transport",I,1031,Hochdorf,2,10 000-14 999,pen_tim,Transport individuel motorisé (TIM),OBS,Valeur observée,2773,,A,Valeur normale,2023,,28.04.2026,,28.04.2026,,,,POLG,Communes,06.04.2025,,DATASET_COMMENT,"Source: Office fédéral de la statistique – Pendularité (PEND), Relevé structurel (RS)

Les données concernent les 180 villes de la publication ""Statistiques des villes suisses"", constituées de 173 villes statistiques et de 7 autres membres de l'Union des villes suisses: Appenzell, Arosa, La Neuveville, Moutier, Morat, Willisau et Worb."
DATAFLOW,CH1.SSV:DF_SSV_MOB_COM(2026.1.0),"Statistiques des villes suisses 2026, pendulaires selon le principal moyen de transport",I,1054,Ebikon,2,10 000-14 999,pen_t,"Pendulaires, total",CI,Intervalle de confiance (+/-),10.49,,A,Valeur normale,2023,,28.04.2026,,28.04.2026,,,,POLG,Communes,06.04.2025,,DATASET_COMMENT,"Source: Office fédéral de la statistique – Pendularité (PEND), Relevé structurel (RS)

Les données concernent les 180 villes de la publication ""Statistiques des villes suisses"", constituées de 173 villes statistiques et de 7 autres membres de l'Union des villes suisses: Appenzell, Arosa, La Neuveville, Moutier, Morat, Willisau et Worb."
DATAFLOW,CH1.SSV:DF_SSV_MOB_COM(2026.1.0),"Statistiques des villes suisses 2026, pendulaires selon le principal moyen de transport",I,1362,Arth,2,10 000-14 999,pen_t,"Pendulaires, total",OBS,Valeur observée,5144,,A,Valeur normale,2023,,28.04.2026,,28.04.2026,,,,POLG,Communes,06.04.2025,,DATASET_COMMENT,"Source: Office fédéral de la statistique – Pendularité (PEND), Relevé structurel (RS)

Les données concernent les 180 villes de la publication ""Statistiques des villes suisses"", constituées de 173 villes statistiques et de 7 autres membres de l'Union des villes suisses: Appenzell, Arosa, La Neuveville, Moutier, Morat, Willisau et Worb."
DATAFLOW,CH1.SSV:DF_SSV_MOB_COM(2026.1.0),"Statistiques des villes suisses 2026, pendulaires selon le principal moyen de transport",I,1372,Schwyz,3,15 000-19 999,pen_t,"Pendulaires, total",CI,Intervalle de confiance (+/-),13.59,,A,Valeur normale,2023,,28.04.2026,,28.04.2026,,,,POLG,Communes,06.04.2025,,DATASET_COMMENT,"Source: Office fédéral de la statistique – Pendularité (PEND), Relevé structurel (RS)

Les données concernent les 180 villes de la publication ""Statistiques des villes suisses"", constituées de 173 villes statistiques et de 7 autres membres de l'Union des villes suisses: Appenzell, Arosa, La Neuveville, Moutier, Morat, Willisau et Worb."
DATAFLOW,CH1.SSV:DF_SSV_MOB_COM(2026.1.0),"Statistiques des villes suisses 2026, pendulaires selon le principal moyen de transport",I,1509,Stans,1,moins de 10 000,pen_t,"Pendulaires, total",OBS,Valeur observée,3808,,A,Valeur normale,2023,,28.04.2026,,28.04.2026,,,,POLG,Communes,06.04.2025,,DATASET_COMMENT,"Source: Office fédéral de la statistique – Pendularité (PEND), Relevé structurel (RS)

Les données concernent les 180 villes de la publication ""Statistiques des villes suisses"", constituées de 173 villes statistiques et de 7 autres membres de l'Union des villes suisses: Appenzell, Arosa, La Neuveville, Moutier, Morat, Willisau et Worb."
DATAFLOW,CH1.SSV:DF_SSV_MOB_COM(2026.1.0),"Statistiques des villes suisses 2026, pendulaires selon le principal moyen de transport",I,1509,Stans,1,moins de 10 000,pen_tp,Transport public (TP),CI,Intervalle de confiance (+/-),39.4,,U,Faible fiabilité,2023,,28.04.2026,,28.04.2026,,,,POLG,Communes,06.04.2025,,DATASET_COMMENT,"Source: Office fédéral de la statistique – Pendularité (PEND), Relevé structurel (RS)

Les données concernent les 180 villes de la publication ""Statistiques des villes suisses"", constituées de 173 villes statistiques et de 7 autres membres de l'Union des villes suisses: Appenzell, Arosa, La Neuveville, Moutier, Morat, Willisau et Worb."
DATAFLOW,CH1.SSV:DF_SSV_MOB_COM(2026.1.0),"Statistiques des villes suisses 2026, pendulaires selon le principal moyen de transport",I,1632,Glarus,2,10 000-14 999,pen_tp,Transport public (TP),OBS,Valeur observée,921,,U,Faible fiabilité,2023,,28.04.2026,,28.04.2026,,,,POLG,Communes,06.04.2025,,DATASET_COMMENT,"Source: Office fédéral de la statistique – Pendularité (PEND), Relevé structurel (RS)

Les données concernent les 180 villes de la publication ""Statistiques des villes suisses"", constituées de 173 villes statistiques et de 7 autres membres de l'Union des villes suisses: Appenzell, Arosa, La Neuveville, Moutier, Morat, Willisau et Worb."
DATAFLOW,CH1.SSV:DF_SSV_MOB_COM(2026.1.0),"Statistiques des villes suisses 2026, pendulaires selon le principal moyen de transport",I,1632,Glarus,2,10 000-14 999,pen_tim,Transport individuel motorisé (TIM),CI,Intervalle de confiance (+/-),20.24,,A,Valeur normale,2023,,28.04.2026,,28.04.2026,,,,POLG,Communes,06.04.2025,,DATASET_COMMENT,"Source: Office fédéral de la statistique – Pendularité (PEND), Relevé structurel (RS)

Les données concernent les 180 villes de la publication ""Statistiques des villes suisses"", constituées de 173 villes statistiques et de 7 autres membres de l'Union des villes suisses: Appenzell, Arosa, La Neuveville, Moutier, Morat, Willisau et Worb."
DATAFLOW,CH1.SSV:DF_SSV_MOB_COM(2026.1.0),"Statistiques des villes suisses 2026, pendulaires selon le principal moyen de transport",I,1702,Cham,3,15 000-19 999,pen_tp,Transport public (TP),OBS,Valeur observée,2305,,A,Valeur normale,2023,,28.04.2026,,28.04.2026,,,,POLG,Communes,06.04.2025,,DATASET_COMMENT,"Source: Office fédéral de la statistique – Pendularité (PEND), Relevé structurel (RS)

Les données concernent les 180 villes de la publication ""Statistiques des villes suisses"", constituées de 173 villes statistiques et de 7 autres membres de l'Union des villes suisses: Appenzell, Arosa, La Neuveville, Moutier, Morat, Willisau et Worb."
DATAFLOW,CH1.SSV:DF_SSV_MOB_COM(2026.1.0),"Statistiques des villes suisses 2026, pendulaires selon le principal moyen de transport",I,1702,Cham,3,15 000-19 999,pen_tim,Transport individuel motorisé (TIM),CI,Intervalle de confiance (+/-),12.87,,A,Valeur normale,2023,,28.04.2026,,28.04.2026,,,,POLG,Communes,06.04.2025,,DATASET_COMMENT,"Source: Office fédéral de la statistique – Pendularité (PEND), Relevé structurel (RS)

Les données concernent les 180 villes de la publication ""Statistiques des villes suisses"", constituées de 173 villes statistiques et de 7 autres membres de l'Union des villes suisses: Appenzell, Arosa, La Neuveville, Moutier, Morat, Willisau et Worb."
DATAFLOW,CH1.SSV:DF_SSV_MOB_COM(2026.1.0),"Statistiques des villes suisses 2026, pendulaires selon le principal moyen de transport",I,1707,Risch,2,10 000-14 999,pen_tim,Transport individuel motorisé (TIM),CI,Intervalle de confiance (+/-),15.84,,A,Valeur normale,2023,,28.04.2026,,28.04.2026,,,,POLG,Communes,06.04.2025,,DATASET_COMMENT,"Source: Office fédéral de la statistique – Pendularité (PEND), Relevé structurel (RS)

Les données concernent les 180 villes de la publication ""Statistiques des villes suisses"", constituées de 173 villes statistiques et de 7 autres membres de l'Union des villes suisses: Appenzell, Arosa, La Neuveville, Moutier, Morat, Willisau et Worb."
DATAFLOW,CH1.SSV:DF_SSV_MOB_COM(2026.1.0),"Statistiques des villes suisses 2026, pendulaires selon le principal moyen de transport",I,2546,Grenchen,3,15 000-19 999,pen_t,"Pendulaires, total",CI,Intervalle de confiance (+/-),14.23,,A,Valeur normale,2023,,28.04.2026,,28.04.2026,,,,POLG,Communes,06.04.2025,,DATASET_COMMENT,"Source: Office fédéral de la statistique – Pendularité (PEND), Relevé structurel (RS)

Les données concernent les 180 villes de la publication ""Statistiques des villes suisses"", constituées de 173 villes statistiques et de 7 autres membres de l'Union des villes suisses: Appenzell, Arosa, La Neuveville, Moutier, Morat, Willisau et Worb."
DATAFLOW,CH1.SSV:DF_SSV_MOB_COM(2026.1.0),"Statistiques des villes suisses 2026, pendulaires selon le principal moyen de transport",I,2601,Solothurn,3,15 000-19 999,pen_t,"Pendulaires, total",OBS,Valeur observée,8053,,A,Valeur normale,2023,,28.04.2026,,28.04.2026,,,,POLG,Communes,06.04.2025,,DATASET_COMMENT,"Source: Office fédéral de la statistique – Pendularité (PEND), Relevé structurel (RS)

Les données concernent les 180 villes de la publication ""Statistiques des villes suisses"", constituées de 173 villes statistiques et de 7 autres membres de l'Union des villes suisses: Appenzell, Arosa, La Neuveville, Moutier, Morat, Willisau et Worb."
DATAFLOW,CH1.SSV:DF_SSV_MOB_COM(2026.1.0),"Statistiques des villes suisses 2026, pendulaires selon le principal moyen de transport",I,2601,Solothurn,3,15 000-19 999,pen_tp,Transport public (TP),CI,Intervalle de confiance (+/-),23.45,,A,Valeur normale,2023,,28.04.2026,,28.04.2026,,,,POLG,Communes,06.04.2025,,DATASET_COMMENT,"Source: Office fédéral de la statistique – Pendularité (PEND), Relevé structurel (RS)

Les données concernent les 180 villes de la publication ""Statistiques des villes suisses"", constituées de 173 villes statistiques et de 7 autres membres de l'Union des villes suisses: Appenzell, Arosa, La Neuveville, Moutier, Morat, Willisau et Worb."
DATAFLOW,CH1.SSV:DF_SSV_MOB_COM(2026.1.0),"Statistiques des villes suisses 2026, pendulaires selon le principal moyen de transport",I,2701,Basel,6,100 000 et plus,pen_tim,Transport individuel motorisé (TIM),OBS,Valeur observée,10334,,A,Valeur normale,2023,,28.04.2026,,28.04.2026,,,,POLG,Communes,06.04.2025,,DATASET_COMMENT,"Source: Office fédéral de la statistique – Pendularité (PEND), Relevé structurel (RS)

Les données concernent les 180 villes de la publication ""Statistiques des villes suisses"", constituées de 173 villes statistiques et de 7 autres membres de l'Union des villes suisses: Appenzell, Arosa, La Neuveville, Moutier, Morat, Willisau et Worb."
DATAFLOW,CH1.SSV:DF_SSV_MOB_COM(2026.1.0),"Statistiques des villes suisses 2026, pendulaires selon le principal moyen de transport",I,2765,Binningen,3,15 000-19 999,pen_t,"Pendulaires, total",CI,Intervalle de confiance (+/-),15.25,,A,Valeur normale,2023,,28.04.2026,,28.04.2026,,,,POLG,Communes,06.04.2025,,DATASET_COMMENT,"Source: Office fédéral de la statistique – Pendularité (PEND), Relevé structurel (RS)

Les données concernent les 180 villes de la publication ""Statistiques des villes suisses"", constituées de 173 villes statistiques et de 7 autres membres de l'Union des villes suisses: Appenzell, Arosa, La Neuveville, Moutier, Morat, Willisau et Worb."
DATAFLOW,CH1.SSV:DF_SSV_MOB_COM(2026.1.0),"Statistiques des villes suisses 2026, pendulaires selon le principal moyen de transport",I,2766,Birsfelden,2,10 000-14 999,pen_tim,Transport individuel motorisé (TIM),OBS,Valeur observée,1387,,U,Faible fiabilité,2023,,28.04.2026,,28.04.2026,,,,POLG,Communes,06.04.2025,,DATASET_COMMENT,"Source: Office fédéral de la statistique – Pendularité (PEND), Relevé structurel (RS)

Les données concernent les 180 villes de la publication ""Statistiques des villes suisses"", constituées de 173 villes statistiques et de 7 autres membres de l'Union des villes suisses: Appenzell, Arosa, La Neuveville, Moutier, Morat, Willisau et Worb."
DATAFLOW,CH1.SSV:DF_SSV_MOB_COM(2026.1.0),"Statistiques des villes suisses 2026, pendulaires selon le principal moyen de transport",I,2770,Muttenz,3,15 000-19 999,pen_t,"Pendulaires, total",OBS,Valeur observée,7136,,A,Valeur normale,2023,,28.04.2026,,28.04.2026,,,,POLG,Communes,06.04.2025,,DATASET_COMMENT,"Source: Office fédéral de la statistique – Pendularité (PEND), Relevé structurel (RS)

Les données concernent les 180 villes de la publication ""Statistiques des villes suisses"", constituées de 173 villes statistiques et de 7 autres membres de l'Union des villes suisses: Appenzell, Arosa, La Neuveville, Moutier, Morat, Willisau et Worb."
DATAFLOW,CH1.SSV:DF_SSV_MOB_COM(2026.1.0),"Statistiques des villes suisses 2026, pendulaires selon le principal moyen de transport",I,2770,Muttenz,3,15 000-19 999,pen_tp,Transport public (TP),CI,Intervalle de confiance (+/-),21.39,,A,Valeur normale,2023,,28.04.2026,,28.04.2026,,,,POLG,Communes,06.04.2025,,DATASET_COMMENT,"Source: Office fédéral de la statistique – Pendularité (PEND), Relevé structurel (RS)

Les données concernent les 180 villes de la publication ""Statistiques des villes suisses"", constituées de 173 villes statistiques et de 7 autres membres de l'Union des villes suisses: Appenzell, Arosa, La Neuveville, Moutier, Morat, Willisau et Worb."
DATAFLOW,CH1.SSV:DF_SSV_MOB_COM(2026.1.0),"Statistiques des villes suisses 2026, pendulaires selon le principal moyen de transport",I,2773,Reinach (BL),4,20 000-49 999,pen_tim,Transport individuel motorisé (TIM),CI,Intervalle de confiance (+/-),21.46,,A,Valeur normale,2023,,28.04.2026,,28.04.2026,,,,POLG,Communes,06.04.2025,,DATASET_COMMENT,"Source: Office fédéral de la statistique – Pendularité (PEND), Relevé structurel (RS)

Les données concernent les 180 villes de la publication ""Statistiques des villes suisses"", constituées de 173 villes statistiques et de 7 autres membres de l'Union des villes suisses: Appenzell, Arosa, La Neuveville, Moutier, Morat, Willisau et Worb."
DATAFLOW,CH1.SSV:DF_SSV_MOB_COM(2026.1.0),"Statistiques des villes suisses 2026, pendulaires selon le principal moyen de transport",I,2831,Pratteln,3,15 000-19 999,pen_tim,Transport individuel motorisé (TIM),OBS,Valeur observée,2823,,A,Valeur normale,2023,,28.04.2026,,28.04.2026,,,,POLG,Communes,06.04.2025,,DATASET_COMMENT,"Source: Office fédéral de la statistique – Pendularité (PEND), Relevé structurel (RS)

Les données concernent les 180 villes de la publication ""Statistiques des villes suisses"", constituées de 173 villes statistiques et de 7 autres membres de l'Union des villes suisses: Appenzell, Arosa, La Neuveville, Moutier, Morat, Willisau et Worb."
DATAFLOW,CH1.SSV:DF_SSV_MOB_COM(2026.1.0),"Statistiques des villes suisses 2026, pendulaires selon le principal moyen de transport",I,3203,St. Gallen,5,50 000-99 999,pen_tp,Transport public (TP),OBS,Valeur observée,13354,,A,Valeur normale,2023,,28.04.2026,,28.04.2026,,,,POLG,Communes,06.04.2025,,DATASET_COMMENT,"Source: Office fédéral de la statistique – Pendularité (PEND), Relevé structurel (RS)

Les données concernent les 180 villes de la publication ""Statistiques des villes suisses"", constituées de 173 villes statistiques et de 7 autres membres de l'Union des villes suisses: Appenzell, Arosa, La Neuveville, Moutier, Morat, Willisau et Worb."
DATAFLOW,CH1.SSV:DF_SSV_MOB_COM(2026.1.0),"Statistiques des villes suisses 2026, pendulaires selon le principal moyen de transport",I,3203,St. Gallen,5,50 000-99 999,pen_tim,Transport individuel motorisé (TIM),CI,Intervalle de confiance (+/-),10.15,,A,Valeur normale,2023,,28.04.2026,,28.04.2026,,,,POLG,Communes,06.04.2025,,DATASET_COMMENT,"Source: Office fédéral de la statistique – Pendularité (PEND), Relevé structurel (RS)

Les données concernent les 180 villes de la publication ""Statistiques des villes suisses"", constituées de 173 villes statistiques et de 7 autres membres de l'Union des villes suisses: Appenzell, Arosa, La Neuveville, Moutier, Morat, Willisau et Worb."
DATAFLOW,CH1.SSV:DF_SSV_MOB_COM(2026.1.0),"Statistiques des villes suisses 2026, pendulaires selon le principal moyen de transport",I,3238,Widnau,2,10 000-14 999,pen_tp,Transport public (TP),OBS,Valeur observée,632,,U,Faible fiabilité,2023,,28.04.2026,,28.04.2026,,,,POLG,Communes,06.04.2025,,DATASET_COMMENT,"Source: Office fédéral de la statistique – Pendularité (PEND), Relevé structurel (RS)

Les données concernent les 180 villes de la publication ""Statistiques des villes suisses"", constituées de 173 villes statistiques et de 7 autres membres de l'Union des villes suisses: Appenzell, Arosa, La Neuveville, Moutier, Morat, Willisau et Worb."
DATAFLOW,CH1.SSV:DF_SSV_MOB_COM(2026.1.0),"Statistiques des villes suisses 2026, pendulaires selon le principal moyen de transport",I,3238,Widnau,2,10 000-14 999,pen_tim,Transport individuel motorisé (TIM),CI,Intervalle de confiance (+/-),19.84,,A,Valeur normale,2023,,28.04.2026,,28.04.2026,,,,POLG,Communes,06.04.2025,,DATASET_COMMENT,"Source: Office fédéral de la statistique – Pendularité (PEND), Relevé structurel (RS)

Les données concernent les 180 villes de la publication ""Statistiques des villes suisses"", constituées de 173 villes statistiques et de 7 autres membres de l'Union des villes suisses: Appenzell, Arosa, La Neuveville, Moutier, Morat, Willisau et Worb."
DATAFLOW,CH1.SSV:DF_SSV_MOB_COM(2026.1.0),"Statistiques des villes suisses 2026, pendulaires selon le principal moyen de transport",I,3251,Altstätten,2,10 000-14 999,pen_t,"Pendulaires, total",CI,Intervalle de confiance (+/-),14.35,,A,Valeur normale,2023,,28.04.2026,,28.04.2026,,,,POLG,Communes,06.04.2025,,DATASET_COMMENT,"Source: Office fédéral de la statistique – Pendularité (PEND), Relevé structurel (RS)

Les données concernent les 180 villes de la publication ""Statistiques des villes suisses"", constituées de 173 villes statistiques et de 7 autres membres de l'Union des villes suisses: Appenzell, Arosa, La Neuveville, Moutier, Morat, Willisau et Worb."
DATAFLOW,CH1.SSV:DF_SSV_MOB_COM(2026.1.0),"Statistiques des villes suisses 2026, pendulaires selon le principal moyen de transport",I,3251,Altstätten,2,10 000-14 999,pen_tp,Transport public (TP),CI,Intervalle de confiance (+/-),43.5,,U,Faible fiabilité,2023,,28.04.2026,,28.04.2026,,,,POLG,Communes,06.04.2025,,DATASET_COMMENT,"Source: Office fédéral de la statistique – Pendularité (PEND), Relevé structurel (RS)

Les données concernent les 180 villes de la publication ""Statistiques des villes suisses"", constituées de 173 villes statistiques et de 7 autres membres de l'Union des villes suisses: Appenzell, Arosa, La Neuveville, Moutier, Morat, Willisau et Worb."
DATAFLOW,CH1.SSV:DF_SSV_MOB_COM(2026.1.0),"Statistiques des villes suisses 2026, pendulaires selon le principal moyen de transport",I,3340,Rapperswil-Jona,4,20 000-49 999,pen_t,"Pendulaires, total",OBS,Valeur observée,12499,,A,Valeur normale,2023,,28.04.2026,,28.04.2026,,,,POLG,Communes,06.04.2025,,DATASET_COMMENT,"Source: Office fédéral de la statistique – Pendularité (PEND), Relevé structurel (RS)

Les données concernent les 180 villes de la publication ""Statistiques des villes suisses"", constituées de 173 villes statistiques et de 7 autres membres de l'Union des villes suisses: Appenzell, Arosa, La Neuveville, Moutier, Morat, Willisau et Worb."
DATAFLOW,CH1.SSV:DF_SSV_MOB_COM(2026.1.0),"Statistiques des villes suisses 2026, pendulaires selon le principal moyen de transport",I,3408,Uzwil,2,10 000-14 999,pen_t,"Pendulaires, total",CI,Intervalle de confiance (+/-),15.46,,A,Valeur normale,2023,,28.04.2026,,28.04.2026,,,,POLG,Communes,06.04.2025,,DATASET_COMMENT,"Source: Office fédéral de la statistique – Pendularité (PEND), Relevé structurel (RS)

Les données concernent les 180 villes de la publication ""Statistiques des villes suisses"", constituées de 173 villes statistiques et de 7 autres membres de l'Union des villes suisses: Appenzell, Arosa, La Neuveville, Moutier, Morat, Willisau et Worb."
DATAFLOW,CH1.SSV:DF_SSV_MOB_COM(2026.1.0),"Statistiques des villes suisses 2026, pendulaires selon le principal moyen de transport",I,3787,St. Moritz,1,moins de 10 000,pen_tp,Transport public (TP),CI,Intervalle de confiance (+/-),58.73,,U,Faible fiabilité,2023,,28.04.2026,,28.04.2026,,,,POLG,Communes,06.04.2025,,DATASET_COMMENT,"Source: Office fédéral de la statistique – Pendularité (PEND), Relevé structurel (RS)

Les données concernent les 180 villes de la publication ""Statistiques des villes suisses"", constituées de 173 villes statistiques et de 7 autres membres de l'Union des villes suisses: Appenzell, Arosa, La Neuveville, Moutier, Morat, Willisau et Worb."
DATAFLOW,CH1.SSV:DF_SSV_MOB_COM(2026.1.0),"Statistiques des villes suisses 2026, pendulaires selon le principal moyen de transport",I,3955,Landquart,1,moins de 10 000,pen_tim,Transport individuel motorisé (TIM),CI,Intervalle de confiance (+/-),24.76,,A,Valeur normale,2023,,28.04.2026,,28.04.2026,,,,POLG,Communes,06.04.2025,,DATASET_COMMENT,"Source: Office fédéral de la statistique – Pendularité (PEND), Relevé structurel (RS)

Les données concernent les 180 villes de la publication ""Statistiques des villes suisses"", constituées de 173 villes statistiques et de 7 autres membres de l'Union des villes suisses: Appenzell, Arosa, La Neuveville, Moutier, Morat, Willisau et Worb."
DATAFLOW,CH1.SSV:DF_SSV_MOB_COM(2026.1.0),"Statistiques des villes suisses 2026, pendulaires selon le principal moyen de transport",I,4001,Aarau,4,20 000-49 999,pen_t,"Pendulaires, total",CI,Intervalle de confiance (+/-),8.01,,A,Valeur normale,2023,,28.04.2026,,28.04.2026,,,,POLG,Communes,06.04.2025,,DATASET_COMMENT,"Source: Office fédéral de la statistique – Pendularité (PEND), Relevé structurel (RS)

Les données concernent les 180 villes de la publication ""Statistiques des villes suisses"", constituées de 173 villes statistiques et de 7 autres membres de l'Union des villes suisses: Appenzell, Arosa, La Neuveville, Moutier, Morat, Willisau et Worb."
DATAFLOW,CH1.SSV:DF_SSV_MOB_COM(2026.1.0),"Statistiques des villes suisses 2026, pendulaires selon le principal moyen de transport",I,4082,Wohlen (AG),3,15 000-19 999,pen_t,"Pendulaires, total",CI,Intervalle de confiance (+/-),10.04,,A,Valeur normale,2023,,28.04.2026,,28.04.2026,,,,POLG,Communes,06.04.2025,,DATASET_COMMENT,"Source: Office fédéral de la statistique – Pendularité (PEND), Relevé structurel (RS)

Les données concernent les 180 villes de la publication ""Statistiques des villes suisses"", constituées de 173 villes statistiques et de 7 autres membres de l'Union des villes suisses: Appenzell, Arosa, La Neuveville, Moutier, Morat, Willisau et Worb."
DATAFLOW,CH1.SSV:DF_SSV_MOB_COM(2026.1.0),"Statistiques des villes suisses 2026, pendulaires selon le principal moyen de transport",I,4254,Möhlin,2,10 000-14 999,pen_tp,Transport public (TP),OBS,Valeur observée,1281,,A,Valeur normale,2023,,28.04.2026,,28.04.2026,,,,POLG,Communes,06.04.2025,,DATASET_COMMENT,"Source: Office fédéral de la statistique – Pendularité (PEND), Relevé structurel (RS)

Les données concernent les 180 villes de la publication ""Statistiques des villes suisses"", constituées de 173 villes statistiques et de 7 autres membres de l'Union des villes suisses: Appenzell, Arosa, La Neuveville, Moutier, Morat, Willisau et Worb."
DATAFLOW,CH1.SSV:DF_SSV_MOB_COM(2026.1.0),"Statistiques des villes suisses 2026, pendulaires selon le principal moyen de transport",I,4258,Rheinfelden,2,10 000-14 999,pen_t,"Pendulaires, total",OBS,Valeur observée,5834,,A,Valeur normale,2023,,28.04.2026,,28.04.2026,,,,POLG,Communes,06.04.2025,,DATASET_COMMENT,"Source: Office fédéral de la statistique – Pendularité (PEND), Relevé structurel (RS)

Les données concernent les 180 villes de la publication ""Statistiques des villes suisses"", constituées de 173 villes statistiques et de 7 autres membres de l'Union des villes suisses: Appenzell, Arosa, La Neuveville, Moutier, Morat, Willisau et Worb."
DATAFLOW,CH1.SSV:DF_SSV_MOB_COM(2026.1.0),"Statistiques des villes suisses 2026, pendulaires selon le principal moyen de transport",I,4258,Rheinfelden,2,10 000-14 999,pen_tp,Transport public (TP),CI,Intervalle de confiance (+/-),16.55,,A,Valeur normale,2023,,28.04.2026,,28.04.2026,,,,POLG,Communes,06.04.2025,,DATASET_COMMENT,"Source: Office fédéral de la statistique – Pendularité (PEND), Relevé structurel (RS)

Les données concernent les 180 villes de la publication ""Statistiques des villes suisses"", constituées de 173 villes statistiques et de 7 autres membres de l'Union des villes suisses: Appenzell, Arosa, La Neuveville, Moutier, Morat, Willisau et Worb."
DATAFLOW,CH1.SSV:DF_SSV_MOB_COM(2026.1.0),"Statistiques des villes suisses 2026, pendulaires selon le principal moyen de transport",I,4461,Amriswil,2,10 000-14 999,pen_t,"Pendulaires, total",OBS,Valeur observée,5357,,A,Valeur normale,2023,,28.04.2026,,28.04.2026,,,,POLG,Communes,06.04.2025,,DATASET_COMMENT,"Source: Office fédéral de la statistique – Pendularité (PEND), Relevé structurel (RS)

Les données concernent les 180 villes de la publication ""Statistiques des villes suisses"", constituées de 173 villes statistiques et de 7 autres membres de l'Union des villes suisses: Appenzell, Arosa, La Neuveville, Moutier, Morat, Willisau et Worb."
DATAFLOW,CH1.SSV:DF_SSV_MOB_COM(2026.1.0),"Statistiques des villes suisses 2026, pendulaires selon le principal moyen de transport",I,4461,Amriswil,2,10 000-14 999,pen_tp,Transport public (TP),CI,Intervalle de confiance (+/-),48.54,,U,Faible fiabilité,2023,,28.04.2026,,28.04.2026,,,,POLG,Communes,06.04.2025,,DATASET_COMMENT,"Source: Office fédéral de la statistique – Pendularité (PEND), Relevé structurel (RS)

Les données concernent les 180 villes de la publication ""Statistiques des villes suisses"", constituées de 173 villes statistiques et de 7 autres membres de l'Union des villes suisses: Appenzell, Arosa, La Neuveville, Moutier, Morat, Willisau et Worb."
DATAFLOW,CH1.SSV:DF_SSV_MOB_COM(2026.1.0),"Statistiques des villes suisses 2026, pendulaires selon le principal moyen de transport",I,4946,Weinfelden,2,10 000-14 999,pen_tim,Transport individuel motorisé (TIM),CI,Intervalle de confiance (+/-),23.1,,A,Valeur normale,2023,,28.04.2026,,28.04.2026,,,,POLG,Communes,06.04.2025,,DATASET_COMMENT,"Source: Office fédéral de la statistique – Pendularité (PEND), Relevé structurel (RS)

Les données concernent les 180 villes de la publication ""Statistiques des villes suisses"", constituées de 173 villes statistiques et de 7 autres membres de l'Union des villes suisses: Appenzell, Arosa, La Neuveville, Moutier, Morat, Willisau et Worb."
DATAFLOW,CH1.SSV:DF_SSV_MOB_COM(2026.1.0),"Statistiques des villes suisses 2026, pendulaires selon le principal moyen de transport",I,5250,Chiasso,1,moins de 10 000,pen_t,"Pendulaires, total",OBS,Valeur observée,2028,,A,Valeur normale,2023,,28.04.2026,,28.04.2026,,,,POLG,Communes,06.04.2025,,DATASET_COMMENT,"Source: Office fédéral de la statistique – Pendularité (PEND), Relevé structurel (RS)

Les données concernent les 180 villes de la publication ""Statistiques des villes suisses"", constituées de 173 villes statistiques et de 7 autres membres de l'Union des villes suisses: Appenzell, Arosa, La Neuveville, Moutier, Morat, Willisau et Worb."
DATAFLOW,CH1.SSV:DF_SSV_MOB_COM(2026.1.0),"Statistiques des villes suisses 2026, pendulaires selon le principal moyen de transport",I,5583,Crissier,1,moins de 10 000,pen_tim,Transport individuel motorisé (TIM),CI,Intervalle de confiance (+/-),22.27,,A,Valeur normale,2023,,28.04.2026,,28.04.2026,,,,POLG,Communes,06.04.2025,,DATASET_COMMENT,"Source: Office fédéral de la statistique – Pendularité (PEND), Relevé structurel (RS)

Les données concernent les 180 villes de la publication ""Statistiques des villes suisses"", constituées de 173 villes statistiques et de 7 autres membres de l'Union des villes suisses: Appenzell, Arosa, La Neuveville, Moutier, Morat, Willisau et Worb."
DATAFLOW,CH1.SSV:DF_SSV_MOB_COM(2026.1.0),"Statistiques des villes suisses 2026, pendulaires selon le principal moyen de transport",I,5591,Renens (VD),4,20 000-49 999,pen_tim,Transport individuel motorisé (TIM),CI,Intervalle de confiance (+/-),15.25,,A,Valeur normale,2023,,28.04.2026,,28.04.2026,,,,POLG,Communes,06.04.2025,,DATASET_COMMENT,"Source: Office fédéral de la statistique – Pendularité (PEND), Relevé structurel (RS)

Les données concernent les 180 villes de la publication ""Statistiques des villes suisses"", constituées de 173 villes statistiques et de 7 autres membres de l'Union des villes suisses: Appenzell, Arosa, La Neuveville, Moutier, Morat, Willisau et Worb."
DATAFLOW,CH1.SSV:DF_SSV_MOB_COM(2026.1.0),"Statistiques des villes suisses 2026, pendulaires selon le principal moyen de transport",I,5642,Morges,3,15 000-19 999,pen_t,"Pendulaires, total",CI,Intervalle de confiance (+/-),9.7,,A,Valeur normale,2023,,28.04.2026,,28.04.2026,,,,POLG,Communes,06.04.2025,,DATASET_COMMENT,"Source: Office fédéral de la statistique – Pendularité (PEND), Relevé structurel (RS)

Les données concernent les 180 villes de la publication ""Statistiques des villes suisses"", constituées de 173 villes statistiques et de 7 autres membres de l'Union des villes suisses: Appenzell, Arosa, La Neuveville, Moutier, Morat, Willisau et Worb."
DATAFLOW,CH1.SSV:DF_SSV_MOB_COM(2026.1.0),"Statistiques des villes suisses 2026, pendulaires selon le principal moyen de transport",I,5721,Gland,2,10 000-14 999,pen_tim,Transport individuel motorisé (TIM),CI,Intervalle de confiance (+/-),14.33,,A,Valeur normale,2023,,28.04.2026,,28.04.2026,,,,POLG,Communes,06.04.2025,,DATASET_COMMENT,"Source: Office fédéral de la statistique – Pendularité (PEND), Relevé structurel (RS)

Les données concernent les 180 villes de la publication ""Statistiques des villes suisses"", constituées de 173 villes statistiques et de 7 autres membres de l'Union des villes suisses: Appenzell, Arosa, La Neuveville, Moutier, Morat, Willisau et Worb."
DATAFLOW,CH1.SSV:DF_SSV_MOB_COM(2026.1.0),"Statistiques des villes suisses 2026, pendulaires selon le principal moyen de transport",I,5886,Montreux,4,20 000-49 999,pen_tim,Transport individuel motorisé (TIM),OBS,Valeur observée,3638,,A,Valeur normale,2023,,28.04.2026,,28.04.2026,,,,POLG,Communes,06.04.2025,,DATASET_COMMENT,"Source: Office fédéral de la statistique – Pendularité (PEND), Relevé structurel (RS)

Les données concernent les 180 villes de la publication ""Statistiques des villes suisses"", constituées de 173 villes statistiques et de 7 autres membres de l'Union des villes suisses: Appenzell, Arosa, La Neuveville, Moutier, Morat, Willisau et Worb."
DATAFLOW,CH1.SSV:DF_SSV_MOB_COM(2026.1.0),"Statistiques des villes suisses 2026, pendulaires selon le principal moyen de transport",I,6002,Brig-Glis,2,10 000-14 999,pen_tim,Transport individuel motorisé (TIM),OBS,Valeur observée,2633,,A,Valeur normale,2023,,28.04.2026,,28.04.2026,,,,POLG,Communes,06.04.2025,,DATASET_COMMENT,"Source: Office fédéral de la statistique – Pendularité (PEND), Relevé structurel (RS)

Les données concernent les 180 villes de la publication ""Statistiques des villes suisses"", constituées de 173 villes statistiques et de 7 autres membres de l'Union des villes suisses: Appenzell, Arosa, La Neuveville, Moutier, Morat, Willisau et Worb."
DATAFLOW,CH1.SSV:DF_SSV_MOB_COM(2026.1.0),"Statistiques des villes suisses 2026, pendulaires selon le principal moyen de transport",I,6248,Sierre,3,15 000-19 999,pen_t,"Pendulaires, total",CI,Intervalle de confiance (+/-),13.45,,A,Valeur normale,2023,,28.04.2026,,28.04.2026,,,,POLG,Communes,06.04.2025,,DATASET_COMMENT,"Source: Office fédéral de la statistique – Pendularité (PEND), Relevé structurel (RS)

Les données concernent les 180 villes de la publication ""Statistiques des villes suisses"", constituées de 173 villes statistiques et de 7 autres membres de l'Union des villes suisses: Appenzell, Arosa, La Neuveville, Moutier, Morat, Willisau et Worb."
DATAFLOW,CH1.SSV:DF_SSV_MOB_COM(2026.1.0),"Statistiques des villes suisses 2026, pendulaires selon le principal moyen de transport",I,6300,Zermatt,1,moins de 10 000,pen_t,"Pendulaires, total",CI,Intervalle de confiance (+/-),21.5,,A,Valeur normale,2023,,28.04.2026,,28.04.2026,,,,POLG,Communes,06.04.2025,,DATASET_COMMENT,"Source: Office fédéral de la statistique – Pendularité (PEND), Relevé structurel (RS)

Les données concernent les 180 villes de la publication ""Statistiques des villes suisses"", constituées de 173 villes statistiques et de 7 autres membres de l'Union des villes suisses: Appenzell, Arosa, La Neuveville, Moutier, Morat, Willisau et Worb."
DATAFLOW,CH1.SSV:DF_SSV_MOB_COM(2026.1.0),"Statistiques des villes suisses 2026, pendulaires selon le principal moyen de transport",I,6436,Le Locle,2,10 000-14 999,pen_t,"Pendulaires, total",CI,Intervalle de confiance (+/-),12.52,,A,Valeur normale,2023,,28.04.2026,,28.04.2026,,,,POLG,Communes,06.04.2025,,DATASET_COMMENT,"Source: Office fédéral de la statistique – Pendularité (PEND), Relevé structurel (RS)

Les données concernent les 180 villes de la publication ""Statistiques des villes suisses"", constituées de 173 villes statistiques et de 7 autres membres de l'Union des villes suisses: Appenzell, Arosa, La Neuveville, Moutier, Morat, Willisau et Worb."
DATAFLOW,CH1.SSV:DF_SSV_MOB_COM(2026.1.0),"Statistiques des villes suisses 2026, pendulaires selon le principal moyen de transport",I,6621,Genève,6,100 000 et plus,pen_tim,Transport individuel motorisé (TIM),OBS,Valeur observée,11140,,A,Valeur normale,2023,,28.04.2026,,28.04.2026,,,,POLG,Communes,06.04.2025,,DATASET_COMMENT,"Source: Office fédéral de la statistique – Pendularité (PEND), Relevé structurel (RS)

Les données concernent les 180 villes de la publication ""Statistiques des villes suisses"", constituées de 173 villes statistiques et de 7 autres membres de l'Union des villes suisses: Appenzell, Arosa, La Neuveville, Moutier, Morat, Willisau et Worb."
DATAFLOW,CH1.SSV:DF_SSV_MOB_COM(2026.1.0),"Statistiques des villes suisses 2026, pendulaires selon le principal moyen de transport",I,6644,Versoix,2,10 000-14 999,pen_t,"Pendulaires, total",CI,Intervalle de confiance (+/-),13.58,,A,Valeur normale,2023,,28.04.2026,,28.04.2026,,,,POLG,Communes,06.04.2025,,DATASET_COMMENT,"Source: Office fédéral de la statistique – Pendularité (PEND), Relevé structurel (RS)

Les données concernent les 180 villes de la publication ""Statistiques des villes suisses"", constituées de 173 villes statistiques et de 7 autres membres de l'Union des villes suisses: Appenzell, Arosa, La Neuveville, Moutier, Morat, Willisau et Worb."
DATAFLOW,CH1.SSV:DF_SSV_MOB_COM(2026.1.0),"Statistiques des villes suisses 2026, pendulaires selon le principal moyen de transport",I,3901,Chur,4,20 000-49 999,pen_t,"Pendulaires, total",CI,Intervalle de confiance (+/-),8.5,,A,Valeur normale,2023,,28.04.2026,,28.04.2026,,,,POLG,Communes,06.04.2025,,DATASET_COMMENT,"Source: Office fédéral de la statistique – Pendularité (PEND), Relevé structurel (RS)

Les données concernent les 180 villes de la publication ""Statistiques des villes suisses"", constituées de 173 villes statistiques et de 7 autres membres de l'Union des villes suisses: Appenzell, Arosa, La Neuveville, Moutier, Morat, Willisau et Worb."
DATAFLOW,CH1.SSV:DF_SSV_MOB_COM(2026.1.0),"Statistiques des villes suisses 2026, pendulaires selon le principal moyen de transport",I,_ST,Total des villes suisses,3,15 000-19 999,pen_tim,Transport individuel motorisé (TIM),OBS,Valeur observée,129142,,A,Valeur normale,2023,,28.04.2026,,28.04.2026,,,,POLG,Communes,06.04.2025,,DATASET_COMMENT,"Source: Office fédéral de la statistique – Pendularité (PEND), Relevé structurel (RS)

Les données concernent les 180 villes de la publication ""Statistiques des villes suisses"", constituées de 173 villes statistiques et de 7 autres membres de l'Union des villes suisses: Appenzell, Arosa, La Neuveville, Moutier, Morat, Willisau et Worb."
DATAFLOW,CH1.SSV:DF_SSV_MOB_COM(2026.1.0),"Statistiques des villes suisses 2026, pendulaires selon le principal moyen de transport",I,_ST,Total des villes suisses,6,100 000 et plus,pen_tp,Transport public (TP),CI,Intervalle de confiance (+/-),1.82,,A,Valeur normale,2023,,28.04.2026,,28.04.2026,,,,POLG,Communes,06.04.2025,,DATASET_COMMENT,"Source: Office fédéral de la statistique – Pendularité (PEND), Relevé structurel (RS)

Les données concernent les 180 villes de la publication ""Statistiques des villes suisses"", constituées de 173 villes statistiques et de 7 autres membres de l'Union des villes suisses: Appenzell, Arosa, La Neuveville, Moutier, Morat, Willisau et Worb."
DATAFLOW,CH1.SSV:DF_SSV_MOB_COM(2026.1.0),"Statistiques des villes suisses 2026, pendulaires selon le principal moyen de transport",I,155,Männedorf,2,10 000-14 999,pen_tp,Transport public (TP),CI,Intervalle de confiance (+/-),24.59,,A,Valeur normale,2023,,28.04.2026,,28.04.2026,,,,POLG,Communes,06.04.2025,,DATASET_COMMENT,"Source: Office fédéral de la statistique – Pendularité (PEND), Relevé structurel (RS)

Les données concernent les 180 villes de la publication ""Statistiques des villes suisses"", constituées de 173 villes statistiques et de 7 autres membres de l'Union des villes suisses: Appenzell, Arosa, La Neuveville, Moutier, Morat, Willisau et Worb."
DATAFLOW,CH1.SSV:DF_SSV_MOB_COM(2026.1.0),"Statistiques des villes suisses 2026, pendulaires selon le principal moyen de transport",I,158,Stäfa,3,15 000-19 999,pen_tp,Transport public (TP),CI,Intervalle de confiance (+/-),21.39,,A,Valeur normale,2023,,28.04.2026,,28.04.2026,,,,POLG,Communes,06.04.2025,,DATASET_COMMENT,"Source: Office fédéral de la statistique – Pendularité (PEND), Relevé structurel (RS)

Les données concernent les 180 villes de la publication ""Statistiques des villes suisses"", constituées de 173 villes statistiques et de 7 autres membres de l'Union des villes suisses: Appenzell, Arosa, La Neuveville, Moutier, Morat, Willisau et Worb."
DATAFLOW,CH1.SSV:DF_SSV_MOB_COM(2026.1.0),"Statistiques des villes suisses 2026, pendulaires selon le principal moyen de transport",I,198,Uster,4,20 000-49 999,pen_t,"Pendulaires, total",CI,Intervalle de confiance (+/-),8.89,,A,Valeur normale,2023,,28.04.2026,,28.04.2026,,,,POLG,Communes,06.04.2025,,DATASET_COMMENT,"Source: Office fédéral de la statistique – Pendularité (PEND), Relevé structurel (RS)

Les données concernent les 180 villes de la publication ""Statistiques des villes suisses"", constituées de 173 villes statistiques et de 7 autres membres de l'Union des villes suisses: Appenzell, Arosa, La Neuveville, Moutier, Morat, Willisau et Worb."
DATAFLOW,CH1.SSV:DF_SSV_MOB_COM(2026.1.0),"Statistiques des villes suisses 2026, pendulaires selon le principal moyen de transport",I,247,Schlieren,4,20 000-49 999,pen_tp,Transport public (TP),CI,Intervalle de confiance (+/-),18.08,,A,Valeur normale,2023,,28.04.2026,,28.04.2026,,,,POLG,Communes,06.04.2025,,DATASET_COMMENT,"Source: Office fédéral de la statistique – Pendularité (PEND), Relevé structurel (RS)

Les données concernent les 180 villes de la publication ""Statistiques des villes suisses"", constituées de 173 villes statistiques et de 7 autres membres de l'Union des villes suisses: Appenzell, Arosa, La Neuveville, Moutier, Morat, Willisau et Worb."
DATAFLOW,CH1.SSV:DF_SSV_MOB_COM(2026.1.0),"Statistiques des villes suisses 2026, pendulaires selon le principal moyen de transport",I,361,Zollikofen,2,10 000-14 999,pen_t,"Pendulaires, total",OBS,Valeur observée,4915,,A,Valeur normale,2023,,28.04.2026,,28.04.2026,,,,POLG,Communes,06.04.2025,,DATASET_COMMENT,"Source: Office fédéral de la statistique – Pendularité (PEND), Relevé structurel (RS)

Les données concernent les 180 villes de la publication ""Statistiques des villes suisses"", constituées de 173 villes statistiques et de 7 autres membres de l'Union des villes suisses: Appenzell, Arosa, La Neuveville, Moutier, Morat, Willisau et Worb."
DATAFLOW,CH1.SSV:DF_SSV_MOB_COM(2026.1.0),"Statistiques des villes suisses 2026, pendulaires selon le principal moyen de transport",I,361,Zollikofen,2,10 000-14 999,pen_tim,Transport individuel motorisé (TIM),OBS,Valeur observée,1923,,A,Valeur normale,2023,,28.04.2026,,28.04.2026,,,,POLG,Communes,06.04.2025,,DATASET_COMMENT,"Source: Office fédéral de la statistique – Pendularité (PEND), Relevé structurel (RS)

Les données concernent les 180 villes de la publication ""Statistiques des villes suisses"", constituées de 173 villes statistiques et de 7 autres membres de l'Union des villes suisses: Appenzell, Arosa, La Neuveville, Moutier, Morat, Willisau et Worb."
DATAFLOW,CH1.SSV:DF_SSV_MOB_COM(2026.1.0),"Statistiques des villes suisses 2026, pendulaires selon le principal moyen de transport",I,371,Biel/Bienne,5,50 000-99 999,pen_tim,Transport individuel motorisé (TIM),CI,Intervalle de confiance (+/-),13.57,,A,Valeur normale,2023,,28.04.2026,,28.04.2026,,,,POLG,Communes,06.04.2025,,DATASET_COMMENT,"Source: Office fédéral de la statistique – Pendularité (PEND), Relevé structurel (RS)

Les données concernent les 180 villes de la publication ""Statistiques des villes suisses"", constituées de 173 villes statistiques et de 7 autres membres de l'Union des villes suisses: Appenzell, Arosa, La Neuveville, Moutier, Morat, Willisau et Worb."
DATAFLOW,CH1.SSV:DF_SSV_MOB_COM(2026.1.0),"Statistiques des villes suisses 2026, pendulaires selon le principal moyen de transport",I,404,Burgdorf,3,15 000-19 999,pen_t,"Pendulaires, total",CI,Intervalle de confiance (+/-),14.38,,A,Valeur normale,2023,,28.04.2026,,28.04.2026,,,,POLG,Communes,06.04.2025,,DATASET_COMMENT,"Source: Office fédéral de la statistique – Pendularité (PEND), Relevé structurel (RS)

Les données concernent les 180 villes de la publication ""Statistiques des villes suisses"", constituées de 173 villes statistiques et de 7 autres membres de l'Union des villes suisses: Appenzell, Arosa, La Neuveville, Moutier, Morat, Willisau et Worb."
DATAFLOW,CH1.SSV:DF_SSV_MOB_COM(2026.1.0),"Statistiques des villes suisses 2026, pendulaires selon le principal moyen de transport",I,546,Münchenbuchsee,2,10 000-14 999,pen_tp,Transport public (TP),CI,Intervalle de confiance (+/-),28.84,,U,Faible fiabilité,2023,,28.04.2026,,28.04.2026,,,,POLG,Communes,06.04.2025,,DATASET_COMMENT,"Source: Office fédéral de la statistique – Pendularité (PEND), Relevé structurel (RS)

Les données concernent les 180 villes de la publication ""Statistiques des villes suisses"", constituées de 173 villes statistiques et de 7 autres membres de l'Union des villes suisses: Appenzell, Arosa, La Neuveville, Moutier, Morat, Willisau et Worb."
DATAFLOW,CH1.SSV:DF_SSV_MOB_COM(2026.1.0),"Statistiques des villes suisses 2026, pendulaires selon le principal moyen de transport",I,616,Münsingen,2,10 000-14 999,pen_tp,Transport public (TP),OBS,Valeur observée,2320,,A,Valeur normale,2023,,28.04.2026,,28.04.2026,,,,POLG,Communes,06.04.2025,,DATASET_COMMENT,"Source: Office fédéral de la statistique – Pendularité (PEND), Relevé structurel (RS)

Les données concernent les 180 villes de la publication ""Statistiques des villes suisses"", constituées de 173 villes statistiques et de 7 autres membres de l'Union des villes suisses: Appenzell, Arosa, La Neuveville, Moutier, Morat, Willisau et Worb."
DATAFLOW,CH1.SSV:DF_SSV_MOB_COM(2026.1.0),"Statistiques des villes suisses 2026, pendulaires selon le principal moyen de transport",I,768,Spiez,2,10 000-14 999,pen_t,"Pendulaires, total",OBS,Valeur observée,6013,,A,Valeur normale,2023,,28.04.2026,,28.04.2026,,,,POLG,Communes,06.04.2025,,DATASET_COMMENT,"Source: Office fédéral de la statistique – Pendularité (PEND), Relevé structurel (RS)

Les données concernent les 180 villes de la publication ""Statistiques des villes suisses"", constituées de 173 villes statistiques et de 7 autres membres de l'Union des villes suisses: Appenzell, Arosa, La Neuveville, Moutier, Morat, Willisau et Worb."
DATAFLOW,CH1.SSV:DF_SSV_MOB_COM(2026.1.0),"Statistiques des villes suisses 2026, pendulaires selon le principal moyen de transport",I,939,Steffisburg,3,15 000-19 999,pen_t,"Pendulaires, total",CI,Intervalle de confiance (+/-),12.99,,A,Valeur normale,2023,,28.04.2026,,28.04.2026,,,,POLG,Communes,06.04.2025,,DATASET_COMMENT,"Source: Office fédéral de la statistique – Pendularité (PEND), Relevé structurel (RS)

Les données concernent les 180 villes de la publication ""Statistiques des villes suisses"", constituées de 173 villes statistiques et de 7 autres membres de l'Union des villes suisses: Appenzell, Arosa, La Neuveville, Moutier, Morat, Willisau et Worb."
DATAFLOW,CH1.SSV:DF_SSV_MOB_COM(2026.1.0),"Statistiques des villes suisses 2026, pendulaires selon le principal moyen de transport",I,1024,Emmen,4,20 000-49 999,pen_tp,Transport public (TP),OBS,Valeur observée,3541,,A,Valeur normale,2023,,28.04.2026,,28.04.2026,,,,POLG,Communes,06.04.2025,,DATASET_COMMENT,"Source: Office fédéral de la statistique – Pendularité (PEND), Relevé structurel (RS)

Les données concernent les 180 villes de la publication ""Statistiques des villes suisses"", constituées de 173 villes statistiques et de 7 autres membres de l'Union des villes suisses: Appenzell, Arosa, La Neuveville, Moutier, Morat, Willisau et Worb."
DATAFLOW,CH1.SSV:DF_SSV_MOB_COM(2026.1.0),"Statistiques des villes suisses 2026, pendulaires selon le principal moyen de transport",I,1201,Altdorf (UR),2,10 000-14 999,pen_t,"Pendulaires, total",OBS,Valeur observée,4526,,A,Valeur normale,2023,,28.04.2026,,28.04.2026,,,,POLG,Communes,06.04.2025,,DATASET_COMMENT,"Source: Office fédéral de la statistique – Pendularité (PEND), Relevé structurel (RS)

Les données concernent les 180 villes de la publication ""Statistiques des villes suisses"", constituées de 173 villes statistiques et de 7 autres membres de l'Union des villes suisses: Appenzell, Arosa, La Neuveville, Moutier, Morat, Willisau et Worb."
DATAFLOW,CH1.SSV:DF_SSV_MOB_COM(2026.1.0),"Statistiques des villes suisses 2026, pendulaires selon le principal moyen de transport",I,1201,Altdorf (UR),2,10 000-14 999,pen_tp,Transport public (TP),CI,Intervalle de confiance (+/-),46.9,,U,Faible fiabilité,2023,,28.04.2026,,28.04.2026,,,,POLG,Communes,06.04.2025,,DATASET_COMMENT,"Source: Office fédéral de la statistique – Pendularité (PEND), Relevé structurel (RS)

Les données concernent les 180 villes de la publication ""Statistiques des villes suisses"", constituées de 173 villes statistiques et de 7 autres membres de l'Union des villes suisses: Appenzell, Arosa, La Neuveville, Moutier, Morat, Willisau et Worb."
DATAFLOW,CH1.SSV:DF_SSV_MOB_COM(2026.1.0),"Statistiques des villes suisses 2026, pendulaires selon le principal moyen de transport",I,1201,Altdorf (UR),2,10 000-14 999,pen_tim,Transport individuel motorisé (TIM),OBS,Valeur observée,2255,,A,Valeur normale,2023,,28.04.2026,,28.04.2026,,,,POLG,Communes,06.04.2025,,DATASET_COMMENT,"Source: Office fédéral de la statistique – Pendularité (PEND), Relevé structurel (RS)

Les données concernent les 180 villes de la publication ""Statistiques des villes suisses"", constituées de 173 villes statistiques et de 7 autres membres de l'Union des villes suisses: Appenzell, Arosa, La Neuveville, Moutier, Morat, Willisau et Worb."
DATAFLOW,CH1.SSV:DF_SSV_MOB_COM(2026.1.0),"Statistiques des villes suisses 2026, pendulaires selon le principal moyen de transport",I,1331,Küssnacht (SZ),2,10 000-14 999,pen_tim,Transport individuel motorisé (TIM),CI,Intervalle de confiance (+/-),18.72,,A,Valeur normale,2023,,28.04.2026,,28.04.2026,,,,POLG,Communes,06.04.2025,,DATASET_COMMENT,"Source: Office fédéral de la statistique – Pendularité (PEND), Relevé structurel (RS)

Les données concernent les 180 villes de la publication ""Statistiques des villes suisses"", constituées de 173 villes statistiques et de 7 autres membres de l'Union des villes suisses: Appenzell, Arosa, La Neuveville, Moutier, Morat, Willisau et Worb."
DATAFLOW,CH1.SSV:DF_SSV_MOB_COM(2026.1.0),"Statistiques des villes suisses 2026, pendulaires selon le principal moyen de transport",I,1407,Sarnen,2,10 000-14 999,pen_tim,Transport individuel motorisé (TIM),OBS,Valeur observée,3029,,A,Valeur normale,2023,,28.04.2026,,28.04.2026,,,,POLG,Communes,06.04.2025,,DATASET_COMMENT,"Source: Office fédéral de la statistique – Pendularité (PEND), Relevé structurel (RS)

Les données concernent les 180 villes de la publication ""Statistiques des villes suisses"", constituées de 173 villes statistiques et de 7 autres membres de l'Union des villes suisses: Appenzell, Arosa, La Neuveville, Moutier, Morat, Willisau et Worb."
DATAFLOW,CH1.SSV:DF_SSV_MOB_COM(2026.1.0),"Statistiques des villes suisses 2026, pendulaires selon le principal moyen de transport",I,2228,Villars-sur-Glâne,2,10 000-14 999,pen_t,"Pendulaires, total",OBS,Valeur observée,4774,,A,Valeur normale,2023,,28.04.2026,,28.04.2026,,,,POLG,Communes,06.04.2025,,DATASET_COMMENT,"Source: Office fédéral de la statistique – Pendularité (PEND), Relevé structurel (RS)

Les données concernent les 180 villes de la publication ""Statistiques des villes suisses"", constituées de 173 villes statistiques et de 7 autres membres de l'Union des villes suisses: Appenzell, Arosa, La Neuveville, Moutier, Morat, Willisau et Worb."
DATAFLOW,CH1.SSV:DF_SSV_MOB_COM(2026.1.0),"Statistiques des villes suisses 2026, pendulaires selon le principal moyen de transport",I,2228,Villars-sur-Glâne,2,10 000-14 999,pen_tim,Transport individuel motorisé (TIM),OBS,Valeur observée,2028,,A,Valeur normale,2023,,28.04.2026,,28.04.2026,,,,POLG,Communes,06.04.2025,,DATASET_COMMENT,"Source: Office fédéral de la statistique – Pendularité (PEND), Relevé structurel (RS)

Les données concernent les 180 villes de la publication ""Statistiques des villes suisses"", constituées de 173 villes statistiques et de 7 autres membres de l'Union des villes suisses: Appenzell, Arosa, La Neuveville, Moutier, Morat, Willisau et Worb."
DATAFLOW,CH1.SSV:DF_SSV_MOB_COM(2026.1.0),"Statistiques des villes suisses 2026, pendulaires selon le principal moyen de transport",I,2275,Murten,1,moins de 10 000,pen_tp,Transport public (TP),OBS,Valeur observée,833,,U,Faible fiabilité,2023,,28.04.2026,,28.04.2026,,,,POLG,Communes,06.04.2025,,DATASET_COMMENT,"Source: Office fédéral de la statistique – Pendularité (PEND), Relevé structurel (RS)

Les données concernent les 180 villes de la publication ""Statistiques des villes suisses"", constituées de 173 villes statistiques et de 7 autres membres de l'Union des villes suisses: Appenzell, Arosa, La Neuveville, Moutier, Morat, Willisau et Worb."
DATAFLOW,CH1.SSV:DF_SSV_MOB_COM(2026.1.0),"Statistiques des villes suisses 2026, pendulaires selon le principal moyen de transport",I,2534,Zuchwil,1,moins de 10 000,pen_t,"Pendulaires, total",OBS,Valeur observée,4317,,A,Valeur normale,2023,,28.04.2026,,28.04.2026,,,,POLG,Communes,06.04.2025,,DATASET_COMMENT,"Source: Office fédéral de la statistique – Pendularité (PEND), Relevé structurel (RS)

Les données concernent les 180 villes de la publication ""Statistiques des villes suisses"", constituées de 173 villes statistiques et de 7 autres membres de l'Union des villes suisses: Appenzell, Arosa, La Neuveville, Moutier, Morat, Willisau et Worb."
DATAFLOW,CH1.SSV:DF_SSV_MOB_COM(2026.1.0),"Statistiques des villes suisses 2026, pendulaires selon le principal moyen de transport",I,2534,Zuchwil,1,moins de 10 000,pen_tp,Transport public (TP),CI,Intervalle de confiance (+/-),36.46,,U,Faible fiabilité,2023,,28.04.2026,,28.04.2026,,,,POLG,Communes,06.04.2025,,DATASET_COMMENT,"Source: Office fédéral de la statistique – Pendularité (PEND), Relevé structurel (RS)

Les données concernent les 180 villes de la publication ""Statistiques des villes suisses"", constituées de 173 villes statistiques et de 7 autres membres de l'Union des villes suisses: Appenzell, Arosa, La Neuveville, Moutier, Morat, Willisau et Worb."
DATAFLOW,CH1.SSV:DF_SSV_MOB_COM(2026.1.0),"Statistiques des villes suisses 2026, pendulaires selon le principal moyen de transport",I,2534,Zuchwil,1,moins de 10 000,pen_tim,Transport individuel motorisé (TIM),OBS,Valeur observée,2278,,A,Valeur normale,2023,,28.04.2026,,28.04.2026,,,,POLG,Communes,06.04.2025,,DATASET_COMMENT,"Source: Office fédéral de la statistique – Pendularité (PEND), Relevé structurel (RS)

Les données concernent les 180 villes de la publication ""Statistiques des villes suisses"", constituées de 173 villes statistiques et de 7 autres membres de l'Union des villes suisses: Appenzell, Arosa, La Neuveville, Moutier, Morat, Willisau et Worb."
DATAFLOW,CH1.SSV:DF_SSV_MOB_COM(2026.1.0),"Statistiques des villes suisses 2026, pendulaires selon le principal moyen de transport",I,2601,Solothurn,3,15 000-19 999,pen_tim,Transport individuel motorisé (TIM),CI,Intervalle de confiance (+/-),21.01,,A,Valeur normale,2023,,28.04.2026,,28.04.2026,,,,POLG,Communes,06.04.2025,,DATASET_COMMENT,"Source: Office fédéral de la statistique – Pendularité (PEND), Relevé structurel (RS)

Les données concernent les 180 villes de la publication ""Statistiques des villes suisses"", constituées de 173 villes statistiques et de 7 autres membres de l'Union des villes suisses: Appenzell, Arosa, La Neuveville, Moutier, Morat, Willisau et Worb."
DATAFLOW,CH1.SSV:DF_SSV_MOB_COM(2026.1.0),"Statistiques des villes suisses 2026, pendulaires selon le principal moyen de transport",I,2762,Allschwil,4,20 000-49 999,pen_t,"Pendulaires, total",OBS,Valeur observée,8769,,A,Valeur normale,2023,,28.04.2026,,28.04.2026,,,,POLG,Communes,06.04.2025,,DATASET_COMMENT,"Source: Office fédéral de la statistique – Pendularité (PEND), Relevé structurel (RS)

Les données concernent les 180 villes de la publication ""Statistiques des villes suisses"", constituées de 173 villes statistiques et de 7 autres membres de l'Union des villes suisses: Appenzell, Arosa, La Neuveville, Moutier, Morat, Willisau et Worb."
DATAFLOW,CH1.SSV:DF_SSV_MOB_COM(2026.1.0),"Statistiques des villes suisses 2026, pendulaires selon le principal moyen de transport",I,2762,Allschwil,4,20 000-49 999,pen_tim,Transport individuel motorisé (TIM),OBS,Valeur observée,2302,,A,Valeur normale,2023,,28.04.2026,,28.04.2026,,,,POLG,Communes,06.04.2025,,DATASET_COMMENT,"Source: Office fédéral de la statistique – Pendularité (PEND), Relevé structurel (RS)

Les données concernent les 180 villes de la publication ""Statistiques des villes suisses"", constituées de 173 villes statistiques et de 7 autres membres de l'Union des villes suisses: Appenzell, Arosa, La Neuveville, Moutier, Morat, Willisau et Worb."
DATAFLOW,CH1.SSV:DF_SSV_MOB_COM(2026.1.0),"Statistiques des villes suisses 2026, pendulaires selon le principal moyen de transport",I,2766,Birsfelden,2,10 000-14 999,pen_t,"Pendulaires, total",OBS,Valeur observée,4357,,A,Valeur normale,2023,,28.04.2026,,28.04.2026,,,,POLG,Communes,06.04.2025,,DATASET_COMMENT,"Source: Office fédéral de la statistique – Pendularité (PEND), Relevé structurel (RS)

Les données concernent les 180 villes de la publication ""Statistiques des villes suisses"", constituées de 173 villes statistiques et de 7 autres membres de l'Union des villes suisses: Appenzell, Arosa, La Neuveville, Moutier, Morat, Willisau et Worb."
DATAFLOW,CH1.SSV:DF_SSV_MOB_COM(2026.1.0),"Statistiques des villes suisses 2026, pendulaires selon le principal moyen de transport",I,2766,Birsfelden,2,10 000-14 999,pen_tp,Transport public (TP),CI,Intervalle de confiance (+/-),25.72,,A,Valeur normale,2023,,28.04.2026,,28.04.2026,,,,POLG,Communes,06.04.2025,,DATASET_COMMENT,"Source: Office fédéral de la statistique – Pendularité (PEND), Relevé structurel (RS)

Les données concernent les 180 villes de la publication ""Statistiques des villes suisses"", constituées de 173 villes statistiques et de 7 autres membres de l'Union des villes suisses: Appenzell, Arosa, La Neuveville, Moutier, Morat, Willisau et Worb."
DATAFLOW,CH1.SSV:DF_SSV_MOB_COM(2026.1.0),"Statistiques des villes suisses 2026, pendulaires selon le principal moyen de transport",I,2831,Pratteln,3,15 000-19 999,pen_tp,Transport public (TP),CI,Intervalle de confiance (+/-),23.76,,A,Valeur normale,2023,,28.04.2026,,28.04.2026,,,,POLG,Communes,06.04.2025,,DATASET_COMMENT,"Source: Office fédéral de la statistique – Pendularité (PEND), Relevé structurel (RS)

Les données concernent les 180 villes de la publication ""Statistiques des villes suisses"", constituées de 173 villes statistiques et de 7 autres membres de l'Union des villes suisses: Appenzell, Arosa, La Neuveville, Moutier, Morat, Willisau et Worb."
DATAFLOW,CH1.SSV:DF_SSV_MOB_COM(2026.1.0),"Statistiques des villes suisses 2026, pendulaires selon le principal moyen de transport",I,3340,Rapperswil-Jona,4,20 000-49 999,pen_tp,Transport public (TP),OBS,Valeur observée,4242,,A,Valeur normale,2023,,28.04.2026,,28.04.2026,,,,POLG,Communes,06.04.2025,,DATASET_COMMENT,"Source: Office fédéral de la statistique – Pendularité (PEND), Relevé structurel (RS)

Les données concernent les 180 villes de la publication ""Statistiques des villes suisses"", constituées de 173 villes statistiques et de 7 autres membres de l'Union des villes suisses: Appenzell, Arosa, La Neuveville, Moutier, Morat, Willisau et Worb."
DATAFLOW,CH1.SSV:DF_SSV_MOB_COM(2026.1.0),"Statistiques des villes suisses 2026, pendulaires selon le principal moyen de transport",I,3340,Rapperswil-Jona,4,20 000-49 999,pen_tim,Transport individuel motorisé (TIM),CI,Intervalle de confiance (+/-),15.46,,A,Valeur normale,2023,,28.04.2026,,28.04.2026,,,,POLG,Communes,06.04.2025,,DATASET_COMMENT,"Source: Office fédéral de la statistique – Pendularité (PEND), Relevé structurel (RS)

Les données concernent les 180 villes de la publication ""Statistiques des villes suisses"", constituées de 173 villes statistiques et de 7 autres membres de l'Union des villes suisses: Appenzell, Arosa, La Neuveville, Moutier, Morat, Willisau et Worb."
DATAFLOW,CH1.SSV:DF_SSV_MOB_COM(2026.1.0),"Statistiques des villes suisses 2026, pendulaires selon le principal moyen de transport",I,3443,Gossau (SG),3,15 000-19 999,pen_t,"Pendulaires, total",CI,Intervalle de confiance (+/-),12.85,,A,Valeur normale,2023,,28.04.2026,,28.04.2026,,,,POLG,Communes,06.04.2025,,DATASET_COMMENT,"Source: Office fédéral de la statistique – Pendularité (PEND), Relevé structurel (RS)

Les données concernent les 180 villes de la publication ""Statistiques des villes suisses"", constituées de 173 villes statistiques et de 7 autres membres de l'Union des villes suisses: Appenzell, Arosa, La Neuveville, Moutier, Morat, Willisau et Worb."
DATAFLOW,CH1.SSV:DF_SSV_MOB_COM(2026.1.0),"Statistiques des villes suisses 2026, pendulaires selon le principal moyen de transport",I,3955,Landquart,1,moins de 10 000,pen_tp,Transport public (TP),OBS,Valeur observée,418,,U,Faible fiabilité,2023,,28.04.2026,,28.04.2026,,,,POLG,Communes,06.04.2025,,DATASET_COMMENT,"Source: Office fédéral de la statistique – Pendularité (PEND), Relevé structurel (RS)

Les données concernent les 180 villes de la publication ""Statistiques des villes suisses"", constituées de 173 villes statistiques et de 7 autres membres de l'Union des villes suisses: Appenzell, Arosa, La Neuveville, Moutier, Morat, Willisau et Worb."
DATAFLOW,CH1.SSV:DF_SSV_MOB_COM(2026.1.0),"Statistiques des villes suisses 2026, pendulaires selon le principal moyen de transport",I,4012,Suhr,2,10 000-14 999,pen_t,"Pendulaires, total",CI,Intervalle de confiance (+/-),11.62,,A,Valeur normale,2023,,28.04.2026,,28.04.2026,,,,POLG,Communes,06.04.2025,,DATASET_COMMENT,"Source: Office fédéral de la statistique – Pendularité (PEND), Relevé structurel (RS)

Les données concernent les 180 villes de la publication ""Statistiques des villes suisses"", constituées de 173 villes statistiques et de 7 autres membres de l'Union des villes suisses: Appenzell, Arosa, La Neuveville, Moutier, Morat, Willisau et Worb."
DATAFLOW,CH1.SSV:DF_SSV_MOB_COM(2026.1.0),"Statistiques des villes suisses 2026, pendulaires selon le principal moyen de transport",I,4021,Baden,4,20 000-49 999,pen_tim,Transport individuel motorisé (TIM),OBS,Valeur observée,3033,,A,Valeur normale,2023,,28.04.2026,,28.04.2026,,,,POLG,Communes,06.04.2025,,DATASET_COMMENT,"Source: Office fédéral de la statistique – Pendularité (PEND), Relevé structurel (RS)

Les données concernent les 180 villes de la publication ""Statistiques des villes suisses"", constituées de 173 villes statistiques et de 7 autres membres de l'Union des villes suisses: Appenzell, Arosa, La Neuveville, Moutier, Morat, Willisau et Worb."
DATAFLOW,CH1.SSV:DF_SSV_MOB_COM(2026.1.0),"Statistiques des villes suisses 2026, pendulaires selon le principal moyen de transport",I,4045,Wettingen,4,20 000-49 999,pen_t,"Pendulaires, total",OBS,Valeur observée,8528,,A,Valeur normale,2023,,28.04.2026,,28.04.2026,,,,POLG,Communes,06.04.2025,,DATASET_COMMENT,"Source: Office fédéral de la statistique – Pendularité (PEND), Relevé structurel (RS)

Les données concernent les 180 villes de la publication ""Statistiques des villes suisses"", constituées de 173 villes statistiques et de 7 autres membres de l'Union des villes suisses: Appenzell, Arosa, La Neuveville, Moutier, Morat, Willisau et Worb."
DATAFLOW,CH1.SSV:DF_SSV_MOB_COM(2026.1.0),"Statistiques des villes suisses 2026, pendulaires selon le principal moyen de transport",I,4282,Rothrist,1,moins de 10 000,pen_t,"Pendulaires, total",CI,Intervalle de confiance (+/-),13.01,,A,Valeur normale,2023,,28.04.2026,,28.04.2026,,,,POLG,Communes,06.04.2025,,DATASET_COMMENT,"Source: Office fédéral de la statistique – Pendularité (PEND), Relevé structurel (RS)

Les données concernent les 180 villes de la publication ""Statistiques des villes suisses"", constituées de 173 villes statistiques et de 7 autres membres de l'Union des villes suisses: Appenzell, Arosa, La Neuveville, Moutier, Morat, Willisau et Worb."
DATAFLOW,CH1.SSV:DF_SSV_MOB_COM(2026.1.0),"Statistiques des villes suisses 2026, pendulaires selon le principal moyen de transport",I,4282,Rothrist,1,moins de 10 000,pen_tp,Transport public (TP),OBS,Valeur observée,478,,U,Faible fiabilité,2023,,28.04.2026,,28.04.2026,,,,POLG,Communes,06.04.2025,,DATASET_COMMENT,"Source: Office fédéral de la statistique – Pendularité (PEND), Relevé structurel (RS)

Les données concernent les 180 villes de la publication ""Statistiques des villes suisses"", constituées de 173 villes statistiques et de 7 autres membres de l'Union des villes suisses: Appenzell, Arosa, La Neuveville, Moutier, Morat, Willisau et Worb."
DATAFLOW,CH1.SSV:DF_SSV_MOB_COM(2026.1.0),"Statistiques des villes suisses 2026, pendulaires selon le principal moyen de transport",I,4946,Weinfelden,2,10 000-14 999,pen_t,"Pendulaires, total",CI,Intervalle de confiance (+/-),17.26,,A,Valeur normale,2023,,28.04.2026,,28.04.2026,,,,POLG,Communes,06.04.2025,,DATASET_COMMENT,"Source: Office fédéral de la statistique – Pendularité (PEND), Relevé structurel (RS)

Les données concernent les 180 villes de la publication ""Statistiques des villes suisses"", constituées de 173 villes statistiques et de 7 autres membres de l'Union des villes suisses: Appenzell, Arosa, La Neuveville, Moutier, Morat, Willisau et Worb."
DATAFLOW,CH1.SSV:DF_SSV_MOB_COM(2026.1.0),"Statistiques des villes suisses 2026, pendulaires selon le principal moyen de transport",I,5002,Bellinzona,4,20 000-49 999,pen_tp,Transport public (TP),CI,Intervalle de confiance (+/-),14.35,,A,Valeur normale,2023,,28.04.2026,,28.04.2026,,,,POLG,Communes,06.04.2025,,DATASET_COMMENT,"Source: Office fédéral de la statistique – Pendularité (PEND), Relevé structurel (RS)

Les données concernent les 180 villes de la publication ""Statistiques des villes suisses"", constituées de 173 villes statistiques et de 7 autres membres de l'Union des villes suisses: Appenzell, Arosa, La Neuveville, Moutier, Morat, Willisau et Worb."
DATAFLOW,CH1.SSV:DF_SSV_MOB_COM(2026.1.0),"Statistiques des villes suisses 2026, pendulaires selon le principal moyen de transport",I,5254,Mendrisio,3,15 000-19 999,pen_t,"Pendulaires, total",CI,Intervalle de confiance (+/-),11.09,,A,Valeur normale,2023,,28.04.2026,,28.04.2026,,,,POLG,Communes,06.04.2025,,DATASET_COMMENT,"Source: Office fédéral de la statistique – Pendularité (PEND), Relevé structurel (RS)

Les données concernent les 180 villes de la publication ""Statistiques des villes suisses"", constituées de 173 villes statistiques et de 7 autres membres de l'Union des villes suisses: Appenzell, Arosa, La Neuveville, Moutier, Morat, Willisau et Worb."
DATAFLOW,CH1.SSV:DF_SSV_MOB_COM(2026.1.0),"Statistiques des villes suisses 2026, pendulaires selon le principal moyen de transport",I,5401,Aigle,2,10 000-14 999,pen_tp,Transport public (TP),OBS,Valeur observée,1349,,A,Valeur normale,2023,,28.04.2026,,28.04.2026,,,,POLG,Communes,06.04.2025,,DATASET_COMMENT,"Source: Office fédéral de la statistique – Pendularité (PEND), Relevé structurel (RS)

Les données concernent les 180 villes de la publication ""Statistiques des villes suisses"", constituées de 173 villes statistiques et de 7 autres membres de l'Union des villes suisses: Appenzell, Arosa, La Neuveville, Moutier, Morat, Willisau et Worb."
DATAFLOW,CH1.SSV:DF_SSV_MOB_COM(2026.1.0),"Statistiques des villes suisses 2026, pendulaires selon le principal moyen de transport",I,5401,Aigle,2,10 000-14 999,pen_tim,Transport individuel motorisé (TIM),CI,Intervalle de confiance (+/-),17.44,,A,Valeur normale,2023,,28.04.2026,,28.04.2026,,,,POLG,Communes,06.04.2025,,DATASET_COMMENT,"Source: Office fédéral de la statistique – Pendularité (PEND), Relevé structurel (RS)

Les données concernent les 180 villes de la publication ""Statistiques des villes suisses"", constituées de 173 villes statistiques et de 7 autres membres de l'Union des villes suisses: Appenzell, Arosa, La Neuveville, Moutier, Morat, Willisau et Worb."
DATAFLOW,CH1.SSV:DF_SSV_MOB_COM(2026.1.0),"Statistiques des villes suisses 2026, pendulaires selon le principal moyen de transport",I,5590,Pully,3,15 000-19 999,pen_t,"Pendulaires, total",CI,Intervalle de confiance (+/-),9.48,,A,Valeur normale,2023,,28.04.2026,,28.04.2026,,,,POLG,Communes,06.04.2025,,DATASET_COMMENT,"Source: Office fédéral de la statistique – Pendularité (PEND), Relevé structurel (RS)

Les données concernent les 180 villes de la publication ""Statistiques des villes suisses"", constituées de 173 villes statistiques et de 7 autres membres de l'Union des villes suisses: Appenzell, Arosa, La Neuveville, Moutier, Morat, Willisau et Worb."
DATAFLOW,CH1.SSV:DF_SSV_MOB_COM(2026.1.0),"Statistiques des villes suisses 2026, pendulaires selon le principal moyen de transport",I,5590,Pully,3,15 000-19 999,pen_tp,Transport public (TP),OBS,Valeur observée,3426,,A,Valeur normale,2023,,28.04.2026,,28.04.2026,,,,POLG,Communes,06.04.2025,,DATASET_COMMENT,"Source: Office fédéral de la statistique – Pendularité (PEND), Relevé structurel (RS)

Les données concernent les 180 villes de la publication ""Statistiques des villes suisses"", constituées de 173 villes statistiques et de 7 autres membres de l'Union des villes suisses: Appenzell, Arosa, La Neuveville, Moutier, Morat, Willisau et Worb."
DATAFLOW,CH1.SSV:DF_SSV_MOB_COM(2026.1.0),"Statistiques des villes suisses 2026, pendulaires selon le principal moyen de transport",I,5721,Gland,2,10 000-14 999,pen_t,"Pendulaires, total",OBS,Valeur observée,6278,,A,Valeur normale,2023,,28.04.2026,,28.04.2026,,,,POLG,Communes,06.04.2025,,DATASET_COMMENT,"Source: Office fédéral de la statistique – Pendularité (PEND), Relevé structurel (RS)

Les données concernent les 180 villes de la publication ""Statistiques des villes suisses"", constituées de 173 villes statistiques et de 7 autres membres de l'Union des villes suisses: Appenzell, Arosa, La Neuveville, Moutier, Morat, Willisau et Worb."
DATAFLOW,CH1.SSV:DF_SSV_MOB_COM(2026.1.0),"Statistiques des villes suisses 2026, pendulaires selon le principal moyen de transport",I,5721,Gland,2,10 000-14 999,pen_tp,Transport public (TP),CI,Intervalle de confiance (+/-),16.57,,A,Valeur normale,2023,,28.04.2026,,28.04.2026,,,,POLG,Communes,06.04.2025,,DATASET_COMMENT,"Source: Office fédéral de la statistique – Pendularité (PEND), Relevé structurel (RS)

Les données concernent les 180 villes de la publication ""Statistiques des villes suisses"", constituées de 173 villes statistiques et de 7 autres membres de l'Union des villes suisses: Appenzell, Arosa, La Neuveville, Moutier, Morat, Willisau et Worb."
DATAFLOW,CH1.SSV:DF_SSV_MOB_COM(2026.1.0),"Statistiques des villes suisses 2026, pendulaires selon le principal moyen de transport",I,5938,Yverdon-les-Bains,4,20 000-49 999,pen_t,"Pendulaires, total",CI,Intervalle de confiance (+/-),8.15,,A,Valeur normale,2023,,28.04.2026,,28.04.2026,,,,POLG,Communes,06.04.2025,,DATASET_COMMENT,"Source: Office fédéral de la statistique – Pendularité (PEND), Relevé structurel (RS)

Les données concernent les 180 villes de la publication ""Statistiques des villes suisses"", constituées de 173 villes statistiques et de 7 autres membres de l'Union des villes suisses: Appenzell, Arosa, La Neuveville, Moutier, Morat, Willisau et Worb."
DATAFLOW,CH1.SSV:DF_SSV_MOB_COM(2026.1.0),"Statistiques des villes suisses 2026, pendulaires selon le principal moyen de transport",I,5938,Yverdon-les-Bains,4,20 000-49 999,pen_tim,Transport individuel motorisé (TIM),CI,Intervalle de confiance (+/-),11.92,,A,Valeur normale,2023,,28.04.2026,,28.04.2026,,,,POLG,Communes,06.04.2025,,DATASET_COMMENT,"Source: Office fédéral de la statistique – Pendularité (PEND), Relevé structurel (RS)

Les données concernent les 180 villes de la publication ""Statistiques des villes suisses"", constituées de 173 villes statistiques et de 7 autres membres de l'Union des villes suisses: Appenzell, Arosa, La Neuveville, Moutier, Morat, Willisau et Worb."
DATAFLOW,CH1.SSV:DF_SSV_MOB_COM(2026.1.0),"Statistiques des villes suisses 2026, pendulaires selon le principal moyen de transport",I,6136,Martigny,4,20 000-49 999,pen_t,"Pendulaires, total",CI,Intervalle de confiance (+/-),12.83,,A,Valeur normale,2023,,28.04.2026,,28.04.2026,,,,POLG,Communes,06.04.2025,,DATASET_COMMENT,"Source: Office fédéral de la statistique – Pendularité (PEND), Relevé structurel (RS)

Les données concernent les 180 villes de la publication ""Statistiques des villes suisses"", constituées de 173 villes statistiques et de 7 autres membres de l'Union des villes suisses: Appenzell, Arosa, La Neuveville, Moutier, Morat, Willisau et Worb."
DATAFLOW,CH1.SSV:DF_SSV_MOB_COM(2026.1.0),"Statistiques des villes suisses 2026, pendulaires selon le principal moyen de transport",I,6421,La Chaux-de-Fonds,4,20 000-49 999,pen_t,"Pendulaires, total",OBS,Valeur observée,14562,,A,Valeur normale,2023,,28.04.2026,,28.04.2026,,,,POLG,Communes,06.04.2025,,DATASET_COMMENT,"Source: Office fédéral de la statistique – Pendularité (PEND), Relevé structurel (RS)

Les données concernent les 180 villes de la publication ""Statistiques des villes suisses"", constituées de 173 villes statistiques et de 7 autres membres de l'Union des villes suisses: Appenzell, Arosa, La Neuveville, Moutier, Morat, Willisau et Worb."
DATAFLOW,CH1.SSV:DF_SSV_MOB_COM(2026.1.0),"Statistiques des villes suisses 2026, pendulaires selon le principal moyen de transport",I,6421,La Chaux-de-Fonds,4,20 000-49 999,pen_tp,Transport public (TP),CI,Intervalle de confiance (+/-),13.14,,A,Valeur normale,2023,,28.04.2026,,28.04.2026,,,,POLG,Communes,06.04.2025,,DATASET_COMMENT,"Source: Office fédéral de la statistique – Pendularité (PEND), Relevé structurel (RS)

Les données concernent les 180 villes de la publication ""Statistiques des villes suisses"", constituées de 173 villes statistiques et de 7 autres membres de l'Union des villes suisses: Appenzell, Arosa, La Neuveville, Moutier, Morat, Willisau et Worb."
DATAFLOW,CH1.SSV:DF_SSV_MOB_COM(2026.1.0),"Statistiques des villes suisses 2026, pendulaires selon le principal moyen de transport",I,6421,La Chaux-de-Fonds,4,20 000-49 999,pen_tim,Transport individuel motorisé (TIM),OBS,Valeur observée,7996,,A,Valeur normale,2023,,28.04.2026,,28.04.2026,,,,POLG,Communes,06.04.2025,,DATASET_COMMENT,"Source: Office fédéral de la statistique – Pendularité (PEND), Relevé structurel (RS)

Les données concernent les 180 villes de la publication ""Statistiques des villes suisses"", constituées de 173 villes statistiques et de 7 autres membres de l'Union des villes suisses: Appenzell, Arosa, La Neuveville, Moutier, Morat, Willisau et Worb."
DATAFLOW,CH1.SSV:DF_SSV_MOB_COM(2026.1.0),"Statistiques des villes suisses 2026, pendulaires selon le principal moyen de transport",I,6612,Chêne-Bougeries,2,10 000-14 999,pen_t,"Pendulaires, total",OBS,Valeur observée,4284,,A,Valeur normale,2023,,28.04.2026,,28.04.2026,,,,POLG,Communes,06.04.2025,,DATASET_COMMENT,"Source: Office fédéral de la statistique – Pendularité (PEND), Relevé structurel (RS)

Les données concernent les 180 villes de la publication ""Statistiques des villes suisses"", constituées de 173 villes statistiques et de 7 autres membres de l'Union des villes suisses: Appenzell, Arosa, La Neuveville, Moutier, Morat, Willisau et Worb."
DATAFLOW,CH1.SSV:DF_SSV_MOB_COM(2026.1.0),"Statistiques des villes suisses 2026, pendulaires selon le principal moyen de transport",I,6612,Chêne-Bougeries,2,10 000-14 999,pen_tp,Transport public (TP),CI,Intervalle de confiance (+/-),18.72,,A,Valeur normale,2023,,28.04.2026,,28.04.2026,,,,POLG,Communes,06.04.2025,,DATASET_COMMENT,"Source: Office fédéral de la statistique – Pendularité (PEND), Relevé structurel (RS)

Les données concernent les 180 villes de la publication ""Statistiques des villes suisses"", constituées de 173 villes statistiques et de 7 autres membres de l'Union des villes suisses: Appenzell, Arosa, La Neuveville, Moutier, Morat, Willisau et Worb."
DATAFLOW,CH1.SSV:DF_SSV_MOB_COM(2026.1.0),"Statistiques des villes suisses 2026, pendulaires selon le principal moyen de transport",I,6640,Thônex,3,15 000-19 999,pen_tim,Transport individuel motorisé (TIM),OBS,Valeur observée,1731,,A,Valeur normale,2023,,28.04.2026,,28.04.2026,,,,POLG,Communes,06.04.2025,,DATASET_COMMENT,"Source: Office fédéral de la statistique – Pendularité (PEND), Relevé structurel (RS)

Les données concernent les 180 villes de la publication ""Statistiques des villes suisses"", constituées de 173 villes statistiques et de 7 autres membres de l'Union des villes suisses: Appenzell, Arosa, La Neuveville, Moutier, Morat, Willisau et Worb."
DATAFLOW,CH1.SSV:DF_SSV_MOB_COM(2026.1.0),"Statistiques des villes suisses 2026, pendulaires selon le principal moyen de transport",I,_ST,Total des villes suisses,5,50 000-99 999,pen_tp,Transport public (TP),CI,Intervalle de confiance (+/-),4.79,,A,Valeur normale,2023,,28.04.2026,,28.04.2026,,,,POLG,Communes,06.04.2025,,DATASET_COMMENT,"Source: Office fédéral de la statistique – Pendularité (PEND), Relevé structurel (RS)

Les données concernent les 180 villes de la publication ""Statistiques des villes suisses"", constituées de 173 villes statistiques et de 7 autres membres de l'Union des villes suisses: Appenzell, Arosa, La Neuveville, Moutier, Morat, Willisau et Worb."
DATAFLOW,CH1.SSV:DF_SSV_MOB_COM(2026.1.0),"Statistiques des villes suisses 2026, pendulaires selon le principal moyen de transport",I,_ST,Total des villes suisses,6,100 000 et plus,pen_t,"Pendulaires, total",CI,Intervalle de confiance (+/-),1.11,,A,Valeur normale,2023,,28.04.2026,,28.04.2026,,,,POLG,Communes,06.04.2025,,DATASET_COMMENT,"Source: Office fédéral de la statistique – Pendularité (PEND), Relevé structurel (RS)

Les données concernent les 180 villes de la publication ""Statistiques des villes suisses"", constituées de 173 villes statistiques et de 7 autres membres de l'Union des villes suisses: Appenzell, Arosa, La Neuveville, Moutier, Morat, Willisau et Worb."
DATAFLOW,CH1.SSV:DF_SSV_MOB_COM(2026.1.0),"Statistiques des villes suisses 2026, pendulaires selon le principal moyen de transport",I,66,Opfikon,4,20 000-49 999,pen_t,"Pendulaires, total",OBS,Valeur observée,9892,,A,Valeur normale,2023,,28.04.2026,,28.04.2026,,,,POLG,Communes,06.04.2025,,DATASET_COMMENT,"Source: Office fédéral de la statistique – Pendularité (PEND), Relevé structurel (RS)

Les données concernent les 180 villes de la publication ""Statistiques des villes suisses"", constituées de 173 villes statistiques et de 7 autres membres de l'Union des villes suisses: Appenzell, Arosa, La Neuveville, Moutier, Morat, Willisau et Worb."
DATAFLOW,CH1.SSV:DF_SSV_MOB_COM(2026.1.0),"Statistiques des villes suisses 2026, pendulaires selon le principal moyen de transport",I,66,Opfikon,4,20 000-49 999,pen_tp,Transport public (TP),CI,Intervalle de confiance (+/-),15.41,,A,Valeur normale,2023,,28.04.2026,,28.04.2026,,,,POLG,Communes,06.04.2025,,DATASET_COMMENT,"Source: Office fédéral de la statistique – Pendularité (PEND), Relevé structurel (RS)

Les données concernent les 180 villes de la publication ""Statistiques des villes suisses"", constituées de 173 villes statistiques et de 7 autres membres de l'Union des villes suisses: Appenzell, Arosa, La Neuveville, Moutier, Morat, Willisau et Worb."
DATAFLOW,CH1.SSV:DF_SSV_MOB_COM(2026.1.0),"Statistiques des villes suisses 2026, pendulaires selon le principal moyen de transport",I,69,Wallisellen,3,15 000-19 999,pen_tp,Transport public (TP),CI,Intervalle de confiance (+/-),17.24,,A,Valeur normale,2023,,28.04.2026,,28.04.2026,,,,POLG,Communes,06.04.2025,,DATASET_COMMENT,"Source: Office fédéral de la statistique – Pendularité (PEND), Relevé structurel (RS)

Les données concernent les 180 villes de la publication ""Statistiques des villes suisses"", constituées de 173 villes statistiques et de 7 autres membres de l'Union des villes suisses: Appenzell, Arosa, La Neuveville, Moutier, Morat, Willisau et Worb."
DATAFLOW,CH1.SSV:DF_SSV_MOB_COM(2026.1.0),"Statistiques des villes suisses 2026, pendulaires selon le principal moyen de transport",I,69,Wallisellen,3,15 000-19 999,pen_tim,Transport individuel motorisé (TIM),OBS,Valeur observée,2634,,A,Valeur normale,2023,,28.04.2026,,28.04.2026,,,,POLG,Communes,06.04.2025,,DATASET_COMMENT,"Source: Office fédéral de la statistique – Pendularité (PEND), Relevé structurel (RS)

Les données concernent les 180 villes de la publication ""Statistiques des villes suisses"", constituées de 173 villes statistiques et de 7 autres membres de l'Union des villes suisses: Appenzell, Arosa, La Neuveville, Moutier, Morat, Willisau et Worb."
DATAFLOW,CH1.SSV:DF_SSV_MOB_COM(2026.1.0),"Statistiques des villes suisses 2026, pendulaires selon le principal moyen de transport",I,96,Regensdorf,3,15 000-19 999,pen_tim,Transport individuel motorisé (TIM),OBS,Valeur observée,3338,,A,Valeur normale,2023,,28.04.2026,,28.04.2026,,,,POLG,Communes,06.04.2025,,DATASET_COMMENT,"Source: Office fédéral de la statistique – Pendularité (PEND), Relevé structurel (RS)

Les données concernent les 180 villes de la publication ""Statistiques des villes suisses"", constituées de 173 villes statistiques et de 7 autres membres de l'Union des villes suisses: Appenzell, Arosa, La Neuveville, Moutier, Morat, Willisau et Worb."
DATAFLOW,CH1.SSV:DF_SSV_MOB_COM(2026.1.0),"Statistiques des villes suisses 2026, pendulaires selon le principal moyen de transport",I,117,Hinwil,2,10 000-14 999,pen_tp,Transport public (TP),CI,Intervalle de confiance (+/-),35.2,,U,Faible fiabilité,2023,,28.04.2026,,28.04.2026,,,,POLG,Communes,06.04.2025,,DATASET_COMMENT,"Source: Office fédéral de la statistique – Pendularité (PEND), Relevé structurel (RS)

Les données concernent les 180 villes de la publication ""Statistiques des villes suisses"", constituées de 173 villes statistiques et de 7 autres membres de l'Union des villes suisses: Appenzell, Arosa, La Neuveville, Moutier, Morat, Willisau et Worb."
DATAFLOW,CH1.SSV:DF_SSV_MOB_COM(2026.1.0),"Statistiques des villes suisses 2026, pendulaires selon le principal moyen de transport",I,138,Richterswil,2,10 000-14 999,pen_tp,Transport public (TP),OBS,Valeur observée,2719,,A,Valeur normale,2023,,28.04.2026,,28.04.2026,,,,POLG,Communes,06.04.2025,,DATASET_COMMENT,"Source: Office fédéral de la statistique – Pendularité (PEND), Relevé structurel (RS)

Les données concernent les 180 villes de la publication ""Statistiques des villes suisses"", constituées de 173 villes statistiques et de 7 autres membres de l'Union des villes suisses: Appenzell, Arosa, La Neuveville, Moutier, Morat, Willisau et Worb."
DATAFLOW,CH1.SSV:DF_SSV_MOB_COM(2026.1.0),"Statistiques des villes suisses 2026, pendulaires selon le principal moyen de transport",I,156,Meilen,2,10 000-14 999,pen_t,"Pendulaires, total",CI,Intervalle de confiance (+/-),14.65,,A,Valeur normale,2023,,28.04.2026,,28.04.2026,,,,POLG,Communes,06.04.2025,,DATASET_COMMENT,"Source: Office fédéral de la statistique – Pendularité (PEND), Relevé structurel (RS)

Les données concernent les 180 villes de la publication ""Statistiques des villes suisses"", constituées de 173 villes statistiques et de 7 autres membres de l'Union des villes suisses: Appenzell, Arosa, La Neuveville, Moutier, Morat, Willisau et Worb."
DATAFLOW,CH1.SSV:DF_SSV_MOB_COM(2026.1.0),"Statistiques des villes suisses 2026, pendulaires selon le principal moyen de transport",I,191,Dübendorf,4,20 000-49 999,pen_tp,Transport public (TP),OBS,Valeur observée,7361,,A,Valeur normale,2023,,28.04.2026,,28.04.2026,,,,POLG,Communes,06.04.2025,,DATASET_COMMENT,"Source: Office fédéral de la statistique – Pendularité (PEND), Relevé structurel (RS)

Les données concernent les 180 villes de la publication ""Statistiques des villes suisses"", constituées de 173 villes statistiques et de 7 autres membres de l'Union des villes suisses: Appenzell, Arosa, La Neuveville, Moutier, Morat, Willisau et Worb."
DATAFLOW,CH1.SSV:DF_SSV_MOB_COM(2026.1.0),"Statistiques des villes suisses 2026, pendulaires selon le principal moyen de transport",I,191,Dübendorf,4,20 000-49 999,pen_tim,Transport individuel motorisé (TIM),CI,Intervalle de confiance (+/-),15.4,,A,Valeur normale,2023,,28.04.2026,,28.04.2026,,,,POLG,Communes,06.04.2025,,DATASET_COMMENT,"Source: Office fédéral de la statistique – Pendularité (PEND), Relevé structurel (RS)

Les données concernent les 180 villes de la publication ""Statistiques des villes suisses"", constituées de 173 villes statistiques et de 7 autres membres de l'Union des villes suisses: Appenzell, Arosa, La Neuveville, Moutier, Morat, Willisau et Worb."
DATAFLOW,CH1.SSV:DF_SSV_MOB_COM(2026.1.0),"Statistiques des villes suisses 2026, pendulaires selon le principal moyen de transport",I,261,Zürich,6,100 000 et plus,pen_tp,Transport public (TP),CI,Intervalle de confiance (+/-),2.86,,A,Valeur normale,2023,,28.04.2026,,28.04.2026,,,,POLG,Communes,06.04.2025,,DATASET_COMMENT,"Source: Office fédéral de la statistique – Pendularité (PEND), Relevé structurel (RS)

Les données concernent les 180 villes de la publication ""Statistiques des villes suisses"", constituées de 173 villes statistiques et de 7 autres membres de l'Union des villes suisses: Appenzell, Arosa, La Neuveville, Moutier, Morat, Willisau et Worb."
DATAFLOW,CH1.SSV:DF_SSV_MOB_COM(2026.1.0),"Statistiques des villes suisses 2026, pendulaires selon le principal moyen de transport",I,306,Lyss,3,15 000-19 999,pen_t,"Pendulaires, total",CI,Intervalle de confiance (+/-),12.83,,A,Valeur normale,2023,,28.04.2026,,28.04.2026,,,,POLG,Communes,06.04.2025,,DATASET_COMMENT,"Source: Office fédéral de la statistique – Pendularité (PEND), Relevé structurel (RS)

Les données concernent les 180 villes de la publication ""Statistiques des villes suisses"", constituées de 173 villes statistiques et de 7 autres membres de l'Union des villes suisses: Appenzell, Arosa, La Neuveville, Moutier, Morat, Willisau et Worb."
DATAFLOW,CH1.SSV:DF_SSV_MOB_COM(2026.1.0),"Statistiques des villes suisses 2026, pendulaires selon le principal moyen de transport",I,362,Ittigen,2,10 000-14 999,pen_tp,Transport public (TP),OBS,Valeur observée,2052,,A,Valeur normale,2023,,28.04.2026,,28.04.2026,,,,POLG,Communes,06.04.2025,,DATASET_COMMENT,"Source: Office fédéral de la statistique – Pendularité (PEND), Relevé structurel (RS)

Les données concernent les 180 villes de la publication ""Statistiques des villes suisses"", constituées de 173 villes statistiques et de 7 autres membres de l'Union des villes suisses: Appenzell, Arosa, La Neuveville, Moutier, Morat, Willisau et Worb."
DATAFLOW,CH1.SSV:DF_SSV_MOB_COM(2026.1.0),"Statistiques des villes suisses 2026, pendulaires selon le principal moyen de transport",I,362,Ittigen,2,10 000-14 999,pen_tim,Transport individuel motorisé (TIM),CI,Intervalle de confiance (+/-),29.32,,U,Faible fiabilité,2023,,28.04.2026,,28.04.2026,,,,POLG,Communes,06.04.2025,,DATASET_COMMENT,"Source: Office fédéral de la statistique – Pendularité (PEND), Relevé structurel (RS)

Les données concernent les 180 villes de la publication ""Statistiques des villes suisses"", constituées de 173 villes statistiques et de 7 autres membres de l'Union des villes suisses: Appenzell, Arosa, La Neuveville, Moutier, Morat, Willisau et Worb."
DATAFLOW,CH1.SSV:DF_SSV_MOB_COM(2026.1.0),"Statistiques des villes suisses 2026, pendulaires selon le principal moyen de transport",I,371,Biel/Bienne,5,50 000-99 999,pen_tp,Transport public (TP),OBS,Valeur observée,9590,,A,Valeur normale,2023,,28.04.2026,,28.04.2026,,,,POLG,Communes,06.04.2025,,DATASET_COMMENT,"Source: Office fédéral de la statistique – Pendularité (PEND), Relevé structurel (RS)

Les données concernent les 180 villes de la publication ""Statistiques des villes suisses"", constituées de 173 villes statistiques et de 7 autres membres de l'Union des villes suisses: Appenzell, Arosa, La Neuveville, Moutier, Morat, Willisau et Worb."
DATAFLOW,CH1.SSV:DF_SSV_MOB_COM(2026.1.0),"Statistiques des villes suisses 2026, pendulaires selon le principal moyen de transport",I,546,Münchenbuchsee,2,10 000-14 999,pen_t,"Pendulaires, total",OBS,Valeur observée,4128,,A,Valeur normale,2023,,28.04.2026,,28.04.2026,,,,POLG,Communes,06.04.2025,,DATASET_COMMENT,"Source: Office fédéral de la statistique – Pendularité (PEND), Relevé structurel (RS)

Les données concernent les 180 villes de la publication ""Statistiques des villes suisses"", constituées de 173 villes statistiques et de 7 autres membres de l'Union des villes suisses: Appenzell, Arosa, La Neuveville, Moutier, Morat, Willisau et Worb."
DATAFLOW,CH1.SSV:DF_SSV_MOB_COM(2026.1.0),"Statistiques des villes suisses 2026, pendulaires selon le principal moyen de transport",I,616,Münsingen,2,10 000-14 999,pen_tim,Transport individuel motorisé (TIM),CI,Intervalle de confiance (+/-),24.21,,A,Valeur normale,2023,,28.04.2026,,28.04.2026,,,,POLG,Communes,06.04.2025,,DATASET_COMMENT,"Source: Office fédéral de la statistique – Pendularité (PEND), Relevé structurel (RS)

Les données concernent les 180 villes de la publication ""Statistiques des villes suisses"", constituées de 173 villes statistiques et de 7 autres membres de l'Union des villes suisses: Appenzell, Arosa, La Neuveville, Moutier, Morat, Willisau et Worb."
DATAFLOW,CH1.SSV:DF_SSV_MOB_COM(2026.1.0),"Statistiques des villes suisses 2026, pendulaires selon le principal moyen de transport",I,627,Worb,2,10 000-14 999,pen_t,"Pendulaires, total",OBS,Valeur observée,3984,,A,Valeur normale,2023,,28.04.2026,,28.04.2026,,,,POLG,Communes,06.04.2025,,DATASET_COMMENT,"Source: Office fédéral de la statistique – Pendularité (PEND), Relevé structurel (RS)

Les données concernent les 180 villes de la publication ""Statistiques des villes suisses"", constituées de 173 villes statistiques et de 7 autres membres de l'Union des villes suisses: Appenzell, Arosa, La Neuveville, Moutier, Morat, Willisau et Worb."
DATAFLOW,CH1.SSV:DF_SSV_MOB_COM(2026.1.0),"Statistiques des villes suisses 2026, pendulaires selon le principal moyen de transport",I,627,Worb,2,10 000-14 999,pen_tp,Transport public (TP),CI,Intervalle de confiance (+/-),28.28,,U,Faible fiabilité,2023,,28.04.2026,,28.04.2026,,,,POLG,Communes,06.04.2025,,DATASET_COMMENT,"Source: Office fédéral de la statistique – Pendularité (PEND), Relevé structurel (RS)

Les données concernent les 180 villes de la publication ""Statistiques des villes suisses"", constituées de 173 villes statistiques et de 7 autres membres de l'Union des villes suisses: Appenzell, Arosa, La Neuveville, Moutier, Morat, Willisau et Worb."
DATAFLOW,CH1.SSV:DF_SSV_MOB_COM(2026.1.0),"Statistiques des villes suisses 2026, pendulaires selon le principal moyen de transport",I,861,Belp,2,10 000-14 999,pen_t,"Pendulaires, total",OBS,Valeur observée,4862,,A,Valeur normale,2023,,28.04.2026,,28.04.2026,,,,POLG,Communes,06.04.2025,,DATASET_COMMENT,"Source: Office fédéral de la statistique – Pendularité (PEND), Relevé structurel (RS)

Les données concernent les 180 villes de la publication ""Statistiques des villes suisses"", constituées de 173 villes statistiques et de 7 autres membres de l'Union des villes suisses: Appenzell, Arosa, La Neuveville, Moutier, Morat, Willisau et Worb."
DATAFLOW,CH1.SSV:DF_SSV_MOB_COM(2026.1.0),"Statistiques des villes suisses 2026, pendulaires selon le principal moyen de transport",I,861,Belp,2,10 000-14 999,pen_tp,Transport public (TP),CI,Intervalle de confiance (+/-),27.45,,A,Valeur normale,2023,,28.04.2026,,28.04.2026,,,,POLG,Communes,06.04.2025,,DATASET_COMMENT,"Source: Office fédéral de la statistique – Pendularité (PEND), Relevé structurel (RS)

Les données concernent les 180 villes de la publication ""Statistiques des villes suisses"", constituées de 173 villes statistiques et de 7 autres membres de l'Union des villes suisses: Appenzell, Arosa, La Neuveville, Moutier, Morat, Willisau et Worb."
DATAFLOW,CH1.SSV:DF_SSV_MOB_COM(2026.1.0),"Statistiques des villes suisses 2026, pendulaires selon le principal moyen de transport",I,1054,Ebikon,2,10 000-14 999,pen_tp,Transport public (TP),OBS,Valeur observée,1738,,A,Valeur normale,2023,,28.04.2026,,28.04.2026,,,,POLG,Communes,06.04.2025,,DATASET_COMMENT,"Source: Office fédéral de la statistique – Pendularité (PEND), Relevé structurel (RS)

Les données concernent les 180 villes de la publication ""Statistiques des villes suisses"", constituées de 173 villes statistiques et de 7 autres membres de l'Union des villes suisses: Appenzell, Arosa, La Neuveville, Moutier, Morat, Willisau et Worb."
DATAFLOW,CH1.SSV:DF_SSV_MOB_COM(2026.1.0),"Statistiques des villes suisses 2026, pendulaires selon le principal moyen de transport",I,1054,Ebikon,2,10 000-14 999,pen_tim,Transport individuel motorisé (TIM),CI,Intervalle de confiance (+/-),14.82,,A,Valeur normale,2023,,28.04.2026,,28.04.2026,,,,POLG,Communes,06.04.2025,,DATASET_COMMENT,"Source: Office fédéral de la statistique – Pendularité (PEND), Relevé structurel (RS)

Les données concernent les 180 villes de la publication ""Statistiques des villes suisses"", constituées de 173 villes statistiques et de 7 autres membres de l'Union des villes suisses: Appenzell, Arosa, La Neuveville, Moutier, Morat, Willisau et Worb."
DATAFLOW,CH1.SSV:DF_SSV_MOB_COM(2026.1.0),"Statistiques des villes suisses 2026, pendulaires selon le principal moyen de transport",I,1058,Horw,3,15 000-19 999,pen_tp,Transport public (TP),OBS,Valeur observée,1531,,A,Valeur normale,2023,,28.04.2026,,28.04.2026,,,,POLG,Communes,06.04.2025,,DATASET_COMMENT,"Source: Office fédéral de la statistique – Pendularité (PEND), Relevé structurel (RS)

Les données concernent les 180 villes de la publication ""Statistiques des villes suisses"", constituées de 173 villes statistiques et de 7 autres membres de l'Union des villes suisses: Appenzell, Arosa, La Neuveville, Moutier, Morat, Willisau et Worb."
DATAFLOW,CH1.SSV:DF_SSV_MOB_COM(2026.1.0),"Statistiques des villes suisses 2026, pendulaires selon le principal moyen de transport",I,1058,Horw,3,15 000-19 999,pen_tim,Transport individuel motorisé (TIM),CI,Intervalle de confiance (+/-),14.29,,A,Valeur normale,2023,,28.04.2026,,28.04.2026,,,,POLG,Communes,06.04.2025,,DATASET_COMMENT,"Source: Office fédéral de la statistique – Pendularité (PEND), Relevé structurel (RS)

Les données concernent les 180 villes de la publication ""Statistiques des villes suisses"", constituées de 173 villes statistiques et de 7 autres membres de l'Union des villes suisses: Appenzell, Arosa, La Neuveville, Moutier, Morat, Willisau et Worb."
DATAFLOW,CH1.SSV:DF_SSV_MOB_COM(2026.1.0),"Statistiques des villes suisses 2026, pendulaires selon le principal moyen de transport",I,1061,Luzern,5,50 000-99 999,pen_t,"Pendulaires, total",CI,Intervalle de confiance (+/-),4.05,,A,Valeur normale,2023,,28.04.2026,,28.04.2026,,,,POLG,Communes,06.04.2025,,DATASET_COMMENT,"Source: Office fédéral de la statistique – Pendularité (PEND), Relevé structurel (RS)

Les données concernent les 180 villes de la publication ""Statistiques des villes suisses"", constituées de 173 villes statistiques et de 7 autres membres de l'Union des villes suisses: Appenzell, Arosa, La Neuveville, Moutier, Morat, Willisau et Worb."
DATAFLOW,CH1.SSV:DF_SSV_MOB_COM(2026.1.0),"Statistiques des villes suisses 2026, pendulaires selon le principal moyen de transport",I,1301,Einsiedeln,3,15 000-19 999,pen_tp,Transport public (TP),OBS,Valeur observée,1276,,U,Faible fiabilité,2023,,28.04.2026,,28.04.2026,,,,POLG,Communes,06.04.2025,,DATASET_COMMENT,"Source: Office fédéral de la statistique – Pendularité (PEND), Relevé structurel (RS)

Les données concernent les 180 villes de la publication ""Statistiques des villes suisses"", constituées de 173 villes statistiques et de 7 autres membres de l'Union des villes suisses: Appenzell, Arosa, La Neuveville, Moutier, Morat, Willisau et Worb."
DATAFLOW,CH1.SSV:DF_SSV_MOB_COM(2026.1.0),"Statistiques des villes suisses 2026, pendulaires selon le principal moyen de transport",I,1322,Freienbach,3,15 000-19 999,pen_tim,Transport individuel motorisé (TIM),OBS,Valeur observée,3355,,A,Valeur normale,2023,,28.04.2026,,28.04.2026,,,,POLG,Communes,06.04.2025,,DATASET_COMMENT,"Source: Office fédéral de la statistique – Pendularité (PEND), Relevé structurel (RS)

Les données concernent les 180 villes de la publication ""Statistiques des villes suisses"", constituées de 173 villes statistiques et de 7 autres membres de l'Union des villes suisses: Appenzell, Arosa, La Neuveville, Moutier, Morat, Willisau et Worb."
DATAFLOW,CH1.SSV:DF_SSV_MOB_COM(2026.1.0),"Statistiques des villes suisses 2026, pendulaires selon le principal moyen de transport",I,1331,Küssnacht (SZ),2,10 000-14 999,pen_t,"Pendulaires, total",CI,Intervalle de confiance (+/-),15.57,,A,Valeur normale,2023,,28.04.2026,,28.04.2026,,,,POLG,Communes,06.04.2025,,DATASET_COMMENT,"Source: Office fédéral de la statistique – Pendularité (PEND), Relevé structurel (RS)

Les données concernent les 180 villes de la publication ""Statistiques des villes suisses"", constituées de 173 villes statistiques et de 7 autres membres de l'Union des villes suisses: Appenzell, Arosa, La Neuveville, Moutier, Morat, Willisau et Worb."
DATAFLOW,CH1.SSV:DF_SSV_MOB_COM(2026.1.0),"Statistiques des villes suisses 2026, pendulaires selon le principal moyen de transport",I,1344,Lachen,1,moins de 10 000,pen_tim,Transport individuel motorisé (TIM),OBS,Valeur observée,1879,,A,Valeur normale,2023,,28.04.2026,,28.04.2026,,,,POLG,Communes,06.04.2025,,DATASET_COMMENT,"Source: Office fédéral de la statistique – Pendularité (PEND), Relevé structurel (RS)

Les données concernent les 180 villes de la publication ""Statistiques des villes suisses"", constituées de 173 villes statistiques et de 7 autres membres de l'Union des villes suisses: Appenzell, Arosa, La Neuveville, Moutier, Morat, Willisau et Worb."
DATAFLOW,CH1.SSV:DF_SSV_MOB_COM(2026.1.0),"Statistiques des villes suisses 2026, pendulaires selon le principal moyen de transport",I,2125,Bulle,4,20 000-49 999,pen_tim,Transport individuel motorisé (TIM),OBS,Valeur observée,6536,,A,Valeur normale,2023,,28.04.2026,,28.04.2026,,,,POLG,Communes,06.04.2025,,DATASET_COMMENT,"Source: Office fédéral de la statistique – Pendularité (PEND), Relevé structurel (RS)

Les données concernent les 180 villes de la publication ""Statistiques des villes suisses"", constituées de 173 villes statistiques et de 7 autres membres de l'Union des villes suisses: Appenzell, Arosa, La Neuveville, Moutier, Morat, Willisau et Worb."
DATAFLOW,CH1.SSV:DF_SSV_MOB_COM(2026.1.0),"Statistiques des villes suisses 2026, pendulaires selon le principal moyen de transport",I,2275,Murten,1,moins de 10 000,pen_tim,Transport individuel motorisé (TIM),CI,Intervalle de confiance (+/-),22.29,,A,Valeur normale,2023,,28.04.2026,,28.04.2026,,,,POLG,Communes,06.04.2025,,DATASET_COMMENT,"Source: Office fédéral de la statistique – Pendularité (PEND), Relevé structurel (RS)

Les données concernent les 180 villes de la publication ""Statistiques des villes suisses"", constituées de 173 villes statistiques et de 7 autres membres de l'Union des villes suisses: Appenzell, Arosa, La Neuveville, Moutier, Morat, Willisau et Worb."
DATAFLOW,CH1.SSV:DF_SSV_MOB_COM(2026.1.0),"Statistiques des villes suisses 2026, pendulaires selon le principal moyen de transport",I,2581,Olten,3,15 000-19 999,pen_tim,Transport individuel motorisé (TIM),OBS,Valeur observée,2375,,A,Valeur normale,2023,,28.04.2026,,28.04.2026,,,,POLG,Communes,06.04.2025,,DATASET_COMMENT,"Source: Office fédéral de la statistique – Pendularité (PEND), Relevé structurel (RS)

Les données concernent les 180 villes de la publication ""Statistiques des villes suisses"", constituées de 173 villes statistiques et de 7 autres membres de l'Union des villes suisses: Appenzell, Arosa, La Neuveville, Moutier, Morat, Willisau et Worb."
DATAFLOW,CH1.SSV:DF_SSV_MOB_COM(2026.1.0),"Statistiques des villes suisses 2026, pendulaires selon le principal moyen de transport",I,2601,Solothurn,3,15 000-19 999,pen_tp,Transport public (TP),OBS,Valeur observée,2515,,A,Valeur normale,2023,,28.04.2026,,28.04.2026,,,,POLG,Communes,06.04.2025,,DATASET_COMMENT,"Source: Office fédéral de la statistique – Pendularité (PEND), Relevé structurel (RS)

Les données concernent les 180 villes de la publication ""Statistiques des villes suisses"", constituées de 173 villes statistiques et de 7 autres membres de l'Union des villes suisses: Appenzell, Arosa, La Neuveville, Moutier, Morat, Willisau et Worb."
DATAFLOW,CH1.SSV:DF_SSV_MOB_COM(2026.1.0),"Statistiques des villes suisses 2026, pendulaires selon le principal moyen de transport",I,2761,Aesch (BL),2,10 000-14 999,pen_t,"Pendulaires, total",OBS,Valeur observée,3748,,A,Valeur normale,2023,,28.04.2026,,28.04.2026,,,,POLG,Communes,06.04.2025,,DATASET_COMMENT,"Source: Office fédéral de la statistique – Pendularité (PEND), Relevé structurel (RS)

Les données concernent les 180 villes de la publication ""Statistiques des villes suisses"", constituées de 173 villes statistiques et de 7 autres membres de l'Union des villes suisses: Appenzell, Arosa, La Neuveville, Moutier, Morat, Willisau et Worb."
DATAFLOW,CH1.SSV:DF_SSV_MOB_COM(2026.1.0),"Statistiques des villes suisses 2026, pendulaires selon le principal moyen de transport",I,2761,Aesch (BL),2,10 000-14 999,pen_tp,Transport public (TP),CI,Intervalle de confiance (+/-),31.11,,U,Faible fiabilité,2023,,28.04.2026,,28.04.2026,,,,POLG,Communes,06.04.2025,,DATASET_COMMENT,"Source: Office fédéral de la statistique – Pendularité (PEND), Relevé structurel (RS)

Les données concernent les 180 villes de la publication ""Statistiques des villes suisses"", constituées de 173 villes statistiques et de 7 autres membres de l'Union des villes suisses: Appenzell, Arosa, La Neuveville, Moutier, Morat, Willisau et Worb."
DATAFLOW,CH1.SSV:DF_SSV_MOB_COM(2026.1.0),"Statistiques des villes suisses 2026, pendulaires selon le principal moyen de transport",I,2763,Arlesheim,1,moins de 10 000,pen_tim,Transport individuel motorisé (TIM),OBS,Valeur observée,1243,,U,Faible fiabilité,2023,,28.04.2026,,28.04.2026,,,,POLG,Communes,06.04.2025,,DATASET_COMMENT,"Source: Office fédéral de la statistique – Pendularité (PEND), Relevé structurel (RS)

Les données concernent les 180 villes de la publication ""Statistiques des villes suisses"", constituées de 173 villes statistiques et de 7 autres membres de l'Union des villes suisses: Appenzell, Arosa, La Neuveville, Moutier, Morat, Willisau et Worb."
DATAFLOW,CH1.SSV:DF_SSV_MOB_COM(2026.1.0),"Statistiques des villes suisses 2026, pendulaires selon le principal moyen de transport",I,2765,Binningen,3,15 000-19 999,pen_tp,Transport public (TP),OBS,Valeur observée,2590,,A,Valeur normale,2023,,28.04.2026,,28.04.2026,,,,POLG,Communes,06.04.2025,,DATASET_COMMENT,"Source: Office fédéral de la statistique – Pendularité (PEND), Relevé structurel (RS)

Les données concernent les 180 villes de la publication ""Statistiques des villes suisses"", constituées de 173 villes statistiques et de 7 autres membres de l'Union des villes suisses: Appenzell, Arosa, La Neuveville, Moutier, Morat, Willisau et Worb."
DATAFLOW,CH1.SSV:DF_SSV_MOB_COM(2026.1.0),"Statistiques des villes suisses 2026, pendulaires selon le principal moyen de transport",I,2765,Binningen,3,15 000-19 999,pen_tim,Transport individuel motorisé (TIM),CI,Intervalle de confiance (+/-),28.91,,U,Faible fiabilité,2023,,28.04.2026,,28.04.2026,,,,POLG,Communes,06.04.2025,,DATASET_COMMENT,"Source: Office fédéral de la statistique – Pendularité (PEND), Relevé structurel (RS)

Les données concernent les 180 villes de la publication ""Statistiques des villes suisses"", constituées de 173 villes statistiques et de 7 autres membres de l'Union des villes suisses: Appenzell, Arosa, La Neuveville, Moutier, Morat, Willisau et Worb."
DATAFLOW,CH1.SSV:DF_SSV_MOB_COM(2026.1.0),"Statistiques des villes suisses 2026, pendulaires selon le principal moyen de transport",I,2770,Muttenz,3,15 000-19 999,pen_tim,Transport individuel motorisé (TIM),OBS,Valeur observée,2729,,A,Valeur normale,2023,,28.04.2026,,28.04.2026,,,,POLG,Communes,06.04.2025,,DATASET_COMMENT,"Source: Office fédéral de la statistique – Pendularité (PEND), Relevé structurel (RS)

Les données concernent les 180 villes de la publication ""Statistiques des villes suisses"", constituées de 173 villes statistiques et de 7 autres membres de l'Union des villes suisses: Appenzell, Arosa, La Neuveville, Moutier, Morat, Willisau et Worb."
DATAFLOW,CH1.SSV:DF_SSV_MOB_COM(2026.1.0),"Statistiques des villes suisses 2026, pendulaires selon le principal moyen de transport",I,2773,Reinach (BL),4,20 000-49 999,pen_tim,Transport individuel motorisé (TIM),OBS,Valeur observée,2851,,A,Valeur normale,2023,,28.04.2026,,28.04.2026,,,,POLG,Communes,06.04.2025,,DATASET_COMMENT,"Source: Office fédéral de la statistique – Pendularité (PEND), Relevé structurel (RS)

Les données concernent les 180 villes de la publication ""Statistiques des villes suisses"", constituées de 173 villes statistiques et de 7 autres membres de l'Union des villes suisses: Appenzell, Arosa, La Neuveville, Moutier, Morat, Willisau et Worb."
DATAFLOW,CH1.SSV:DF_SSV_MOB_COM(2026.1.0),"Statistiques des villes suisses 2026, pendulaires selon le principal moyen de transport",I,2831,Pratteln,3,15 000-19 999,pen_t,"Pendulaires, total",OBS,Valeur observée,6680,,A,Valeur normale,2023,,28.04.2026,,28.04.2026,,,,POLG,Communes,06.04.2025,,DATASET_COMMENT,"Source: Office fédéral de la statistique – Pendularité (PEND), Relevé structurel (RS)

Les données concernent les 180 villes de la publication ""Statistiques des villes suisses"", constituées de 173 villes statistiques et de 7 autres membres de l'Union des villes suisses: Appenzell, Arosa, La Neuveville, Moutier, Morat, Willisau et Worb."
DATAFLOW,CH1.SSV:DF_SSV_MOB_COM(2026.1.0),"Statistiques des villes suisses 2026, pendulaires selon le principal moyen de transport",I,3001,Herisau,3,15 000-19 999,pen_t,"Pendulaires, total",OBS,Valeur observée,7175,,A,Valeur normale,2023,,28.04.2026,,28.04.2026,,,,POLG,Communes,06.04.2025,,DATASET_COMMENT,"Source: Office fédéral de la statistique – Pendularité (PEND), Relevé structurel (RS)

Les données concernent les 180 villes de la publication ""Statistiques des villes suisses"", constituées de 173 villes statistiques et de 7 autres membres de l'Union des villes suisses: Appenzell, Arosa, La Neuveville, Moutier, Morat, Willisau et Worb."
DATAFLOW,CH1.SSV:DF_SSV_MOB_COM(2026.1.0),"Statistiques des villes suisses 2026, pendulaires selon le principal moyen de transport",I,3001,Herisau,3,15 000-19 999,pen_tp,Transport public (TP),CI,Intervalle de confiance (+/-),33.22,,U,Faible fiabilité,2023,,28.04.2026,,28.04.2026,,,,POLG,Communes,06.04.2025,,DATASET_COMMENT,"Source: Office fédéral de la statistique – Pendularité (PEND), Relevé structurel (RS)

Les données concernent les 180 villes de la publication ""Statistiques des villes suisses"", constituées de 173 villes statistiques et de 7 autres membres de l'Union des villes suisses: Appenzell, Arosa, La Neuveville, Moutier, Morat, Willisau et Worb."
DATAFLOW,CH1.SSV:DF_SSV_MOB_COM(2026.1.0),"Statistiques des villes suisses 2026, pendulaires selon le principal moyen de transport",I,3101,Appenzell,1,moins de 10 000,pen_tp,Transport public (TP),OBS,Valeur observée,188,,U,Faible fiabilité,2023,,28.04.2026,,28.04.2026,,,,POLG,Communes,06.04.2025,,DATASET_COMMENT,"Source: Office fédéral de la statistique – Pendularité (PEND), Relevé structurel (RS)

Les données concernent les 180 villes de la publication ""Statistiques des villes suisses"", constituées de 173 villes statistiques et de 7 autres membres de l'Union des villes suisses: Appenzell, Arosa, La Neuveville, Moutier, Morat, Willisau et Worb."
DATAFLOW,CH1.SSV:DF_SSV_MOB_COM(2026.1.0),"Statistiques des villes suisses 2026, pendulaires selon le principal moyen de transport",I,3101,Appenzell,1,moins de 10 000,pen_tim,Transport individuel motorisé (TIM),CI,Intervalle de confiance (+/-),27.02,,U,Faible fiabilité,2023,,28.04.2026,,28.04.2026,,,,POLG,Communes,06.04.2025,,DATASET_COMMENT,"Source: Office fédéral de la statistique – Pendularité (PEND), Relevé structurel (RS)

Les données concernent les 180 villes de la publication ""Statistiques des villes suisses"", constituées de 173 villes statistiques et de 7 autres membres de l'Union des villes suisses: Appenzell, Arosa, La Neuveville, Moutier, Morat, Willisau et Worb."
DATAFLOW,CH1.SSV:DF_SSV_MOB_COM(2026.1.0),"Statistiques des villes suisses 2026, pendulaires selon le principal moyen de transport",I,3402,Flawil,2,10 000-14 999,pen_tp,Transport public (TP),OBS,Valeur observée,1352,,U,Faible fiabilité,2023,,28.04.2026,,28.04.2026,,,,POLG,Communes,06.04.2025,,DATASET_COMMENT,"Source: Office fédéral de la statistique – Pendularité (PEND), Relevé structurel (RS)

Les données concernent les 180 villes de la publication ""Statistiques des villes suisses"", constituées de 173 villes statistiques et de 7 autres membres de l'Union des villes suisses: Appenzell, Arosa, La Neuveville, Moutier, Morat, Willisau et Worb."
DATAFLOW,CH1.SSV:DF_SSV_MOB_COM(2026.1.0),"Statistiques des villes suisses 2026, pendulaires selon le principal moyen de transport",I,3402,Flawil,2,10 000-14 999,pen_tim,Transport individuel motorisé (TIM),CI,Intervalle de confiance (+/-),24.3,,A,Valeur normale,2023,,28.04.2026,,28.04.2026,,,,POLG,Communes,06.04.2025,,DATASET_COMMENT,"Source: Office fédéral de la statistique – Pendularité (PEND), Relevé structurel (RS)

Les données concernent les 180 villes de la publication ""Statistiques des villes suisses"", constituées de 173 villes statistiques et de 7 autres membres de l'Union des villes suisses: Appenzell, Arosa, La Neuveville, Moutier, Morat, Willisau et Worb."
DATAFLOW,CH1.SSV:DF_SSV_MOB_COM(2026.1.0),"Statistiques des villes suisses 2026, pendulaires selon le principal moyen de transport",I,3851,Davos,2,10 000-14 999,pen_t,"Pendulaires, total",OBS,Valeur observée,5128,,A,Valeur normale,2023,,28.04.2026,,28.04.2026,,,,POLG,Communes,06.04.2025,,DATASET_COMMENT,"Source: Office fédéral de la statistique – Pendularité (PEND), Relevé structurel (RS)

Les données concernent les 180 villes de la publication ""Statistiques des villes suisses"", constituées de 173 villes statistiques et de 7 autres membres de l'Union des villes suisses: Appenzell, Arosa, La Neuveville, Moutier, Morat, Willisau et Worb."
DATAFLOW,CH1.SSV:DF_SSV_MOB_COM(2026.1.0),"Statistiques des villes suisses 2026, pendulaires selon le principal moyen de transport",I,3851,Davos,2,10 000-14 999,pen_tp,Transport public (TP),CI,Intervalle de confiance (+/-),32.34,,U,Faible fiabilité,2023,,28.04.2026,,28.04.2026,,,,POLG,Communes,06.04.2025,,DATASET_COMMENT,"Source: Office fédéral de la statistique – Pendularité (PEND), Relevé structurel (RS)

Les données concernent les 180 villes de la publication ""Statistiques des villes suisses"", constituées de 173 villes statistiques et de 7 autres membres de l'Union des villes suisses: Appenzell, Arosa, La Neuveville, Moutier, Morat, Willisau et Worb."
DATAFLOW,CH1.SSV:DF_SSV_MOB_COM(2026.1.0),"Statistiques des villes suisses 2026, pendulaires selon le principal moyen de transport",I,4045,Wettingen,4,20 000-49 999,pen_tp,Transport public (TP),CI,Intervalle de confiance (+/-),14.07,,A,Valeur normale,2023,,28.04.2026,,28.04.2026,,,,POLG,Communes,06.04.2025,,DATASET_COMMENT,"Source: Office fédéral de la statistique – Pendularité (PEND), Relevé structurel (RS)

Les données concernent les 180 villes de la publication ""Statistiques des villes suisses"", constituées de 173 villes statistiques et de 7 autres membres de l'Union des villes suisses: Appenzell, Arosa, La Neuveville, Moutier, Morat, Willisau et Worb."
DATAFLOW,CH1.SSV:DF_SSV_MOB_COM(2026.1.0),"Statistiques des villes suisses 2026, pendulaires selon le principal moyen de transport",I,4082,Wohlen (AG),3,15 000-19 999,pen_t,"Pendulaires, total",OBS,Valeur observée,6775,,A,Valeur normale,2023,,28.04.2026,,28.04.2026,,,,POLG,Communes,06.04.2025,,DATASET_COMMENT,"Source: Office fédéral de la statistique – Pendularité (PEND), Relevé structurel (RS)

Les données concernent les 180 villes de la publication ""Statistiques des villes suisses"", constituées de 173 villes statistiques et de 7 autres membres de l'Union des villes suisses: Appenzell, Arosa, La Neuveville, Moutier, Morat, Willisau et Worb."
DATAFLOW,CH1.SSV:DF_SSV_MOB_COM(2026.1.0),"Statistiques des villes suisses 2026, pendulaires selon le principal moyen de transport",I,4095,Brugg,2,10 000-14 999,pen_tp,Transport public (TP),OBS,Valeur observée,2354,,A,Valeur normale,2023,,28.04.2026,,28.04.2026,,,,POLG,Communes,06.04.2025,,DATASET_COMMENT,"Source: Office fédéral de la statistique – Pendularité (PEND), Relevé structurel (RS)

Les données concernent les 180 villes de la publication ""Statistiques des villes suisses"", constituées de 173 villes statistiques et de 7 autres membres de l'Union des villes suisses: Appenzell, Arosa, La Neuveville, Moutier, Morat, Willisau et Worb."
DATAFLOW,CH1.SSV:DF_SSV_MOB_COM(2026.1.0),"Statistiques des villes suisses 2026, pendulaires selon le principal moyen de transport",I,4258,Rheinfelden,2,10 000-14 999,pen_t,"Pendulaires, total",CI,Intervalle de confiance (+/-),10.63,,A,Valeur normale,2023,,28.04.2026,,28.04.2026,,,,POLG,Communes,06.04.2025,,DATASET_COMMENT,"Source: Office fédéral de la statistique – Pendularité (PEND), Relevé structurel (RS)

Les données concernent les 180 villes de la publication ""Statistiques des villes suisses"", constituées de 173 villes statistiques et de 7 autres membres de l'Union des villes suisses: Appenzell, Arosa, La Neuveville, Moutier, Morat, Willisau et Worb."
DATAFLOW,CH1.SSV:DF_SSV_MOB_COM(2026.1.0),"Statistiques des villes suisses 2026, pendulaires selon le principal moyen de transport",I,4280,Oftringen,3,15 000-19 999,pen_t,"Pendulaires, total",CI,Intervalle de confiance (+/-),10.8,,A,Valeur normale,2023,,28.04.2026,,28.04.2026,,,,POLG,Communes,06.04.2025,,DATASET_COMMENT,"Source: Office fédéral de la statistique – Pendularité (PEND), Relevé structurel (RS)

Les données concernent les 180 villes de la publication ""Statistiques des villes suisses"", constituées de 173 villes statistiques et de 7 autres membres de l'Union des villes suisses: Appenzell, Arosa, La Neuveville, Moutier, Morat, Willisau et Worb."
DATAFLOW,CH1.SSV:DF_SSV_MOB_COM(2026.1.0),"Statistiques des villes suisses 2026, pendulaires selon le principal moyen de transport",I,4401,Arbon,3,15 000-19 999,pen_tim,Transport individuel motorisé (TIM),OBS,Valeur observée,3306,,A,Valeur normale,2023,,28.04.2026,,28.04.2026,,,,POLG,Communes,06.04.2025,,DATASET_COMMENT,"Source: Office fédéral de la statistique – Pendularité (PEND), Relevé structurel (RS)

Les données concernent les 180 villes de la publication ""Statistiques des villes suisses"", constituées de 173 villes statistiques et de 7 autres membres de l'Union des villes suisses: Appenzell, Arosa, La Neuveville, Moutier, Morat, Willisau et Worb."
DATAFLOW,CH1.SSV:DF_SSV_MOB_COM(2026.1.0),"Statistiques des villes suisses 2026, pendulaires selon le principal moyen de transport",I,4436,Romanshorn,2,10 000-14 999,pen_t,"Pendulaires, total",CI,Intervalle de confiance (+/-),17.41,,A,Valeur normale,2023,,28.04.2026,,28.04.2026,,,,POLG,Communes,06.04.2025,,DATASET_COMMENT,"Source: Office fédéral de la statistique – Pendularité (PEND), Relevé structurel (RS)

Les données concernent les 180 villes de la publication ""Statistiques des villes suisses"", constituées de 173 villes statistiques et de 7 autres membres de l'Union des villes suisses: Appenzell, Arosa, La Neuveville, Moutier, Morat, Willisau et Worb."
DATAFLOW,CH1.SSV:DF_SSV_MOB_COM(2026.1.0),"Statistiques des villes suisses 2026, pendulaires selon le principal moyen de transport",I,4461,Amriswil,2,10 000-14 999,pen_tp,Transport public (TP),OBS,Valeur observée,579,,U,Faible fiabilité,2023,,28.04.2026,,28.04.2026,,,,POLG,Communes,06.04.2025,,DATASET_COMMENT,"Source: Office fédéral de la statistique – Pendularité (PEND), Relevé structurel (RS)

Les données concernent les 180 villes de la publication ""Statistiques des villes suisses"", constituées de 173 villes statistiques et de 7 autres membres de l'Union des villes suisses: Appenzell, Arosa, La Neuveville, Moutier, Morat, Willisau et Worb."
DATAFLOW,CH1.SSV:DF_SSV_MOB_COM(2026.1.0),"Statistiques des villes suisses 2026, pendulaires selon le principal moyen de transport",I,4566,Frauenfeld,4,20 000-49 999,pen_tim,Transport individuel motorisé (TIM),OBS,Valeur observée,7204,,A,Valeur normale,2023,,28.04.2026,,28.04.2026,,,,POLG,Communes,06.04.2025,,DATASET_COMMENT,"Source: Office fédéral de la statistique – Pendularité (PEND), Relevé structurel (RS)

Les données concernent les 180 villes de la publication ""Statistiques des villes suisses"", constituées de 173 villes statistiques et de 7 autres membres de l'Union des villes suisses: Appenzell, Arosa, La Neuveville, Moutier, Morat, Willisau et Worb."
DATAFLOW,CH1.SSV:DF_SSV_MOB_COM(2026.1.0),"Statistiques des villes suisses 2026, pendulaires selon le principal moyen de transport",I,4671,Kreuzlingen,4,20 000-49 999,pen_tim,Transport individuel motorisé (TIM),OBS,Valeur observée,6298,,A,Valeur normale,2023,,28.04.2026,,28.04.2026,,,,POLG,Communes,06.04.2025,,DATASET_COMMENT,"Source: Office fédéral de la statistique – Pendularité (PEND), Relevé structurel (RS)

Les données concernent les 180 villes de la publication ""Statistiques des villes suisses"", constituées de 173 villes statistiques et de 7 autres membres de l'Union des villes suisses: Appenzell, Arosa, La Neuveville, Moutier, Morat, Willisau et Worb."
DATAFLOW,CH1.SSV:DF_SSV_MOB_COM(2026.1.0),"Statistiques des villes suisses 2026, pendulaires selon le principal moyen de transport",I,5002,Bellinzona,4,20 000-49 999,pen_t,"Pendulaires, total",OBS,Valeur observée,17172,,A,Valeur normale,2023,,28.04.2026,,28.04.2026,,,,POLG,Communes,06.04.2025,,DATASET_COMMENT,"Source: Office fédéral de la statistique – Pendularité (PEND), Relevé structurel (RS)

Les données concernent les 180 villes de la publication ""Statistiques des villes suisses"", constituées de 173 villes statistiques et de 7 autres membres de l'Union des villes suisses: Appenzell, Arosa, La Neuveville, Moutier, Morat, Willisau et Worb."
DATAFLOW,CH1.SSV:DF_SSV_MOB_COM(2026.1.0),"Statistiques des villes suisses 2026, pendulaires selon le principal moyen de transport",I,5250,Chiasso,1,moins de 10 000,pen_t,"Pendulaires, total",CI,Intervalle de confiance (+/-),18.13,,A,Valeur normale,2023,,28.04.2026,,28.04.2026,,,,POLG,Communes,06.04.2025,,DATASET_COMMENT,"Source: Office fédéral de la statistique – Pendularité (PEND), Relevé structurel (RS)

Les données concernent les 180 villes de la publication ""Statistiques des villes suisses"", constituées de 173 villes statistiques et de 7 autres membres de l'Union des villes suisses: Appenzell, Arosa, La Neuveville, Moutier, Morat, Willisau et Worb."
DATAFLOW,CH1.SSV:DF_SSV_MOB_COM(2026.1.0),"Statistiques des villes suisses 2026, pendulaires selon le principal moyen de transport",I,5586,Lausanne,6,100 000 et plus,pen_t,"Pendulaires, total",CI,Intervalle de confiance (+/-),2.49,,A,Valeur normale,2023,,28.04.2026,,28.04.2026,,,,POLG,Communes,06.04.2025,,DATASET_COMMENT,"Source: Office fédéral de la statistique – Pendularité (PEND), Relevé structurel (RS)

Les données concernent les 180 villes de la publication ""Statistiques des villes suisses"", constituées de 173 villes statistiques et de 7 autres membres de l'Union des villes suisses: Appenzell, Arosa, La Neuveville, Moutier, Morat, Willisau et Worb."
DATAFLOW,CH1.SSV:DF_SSV_MOB_COM(2026.1.0),"Statistiques des villes suisses 2026, pendulaires selon le principal moyen de transport",I,5590,Pully,3,15 000-19 999,pen_tim,Transport individuel motorisé (TIM),CI,Intervalle de confiance (+/-),15.35,,A,Valeur normale,2023,,28.04.2026,,28.04.2026,,,,POLG,Communes,06.04.2025,,DATASET_COMMENT,"Source: Office fédéral de la statistique – Pendularité (PEND), Relevé structurel (RS)

Les données concernent les 180 villes de la publication ""Statistiques des villes suisses"", constituées de 173 villes statistiques et de 7 autres membres de l'Union des villes suisses: Appenzell, Arosa, La Neuveville, Moutier, Morat, Willisau et Worb."
DATAFLOW,CH1.SSV:DF_SSV_MOB_COM(2026.1.0),"Statistiques des villes suisses 2026, pendulaires selon le principal moyen de transport",I,5591,Renens (VD),4,20 000-49 999,pen_t,"Pendulaires, total",CI,Intervalle de confiance (+/-),9.87,,A,Valeur normale,2023,,28.04.2026,,28.04.2026,,,,POLG,Communes,06.04.2025,,DATASET_COMMENT,"Source: Office fédéral de la statistique – Pendularité (PEND), Relevé structurel (RS)

Les données concernent les 180 villes de la publication ""Statistiques des villes suisses"", constituées de 173 villes statistiques et de 7 autres membres de l'Union des villes suisses: Appenzell, Arosa, La Neuveville, Moutier, Morat, Willisau et Worb."
DATAFLOW,CH1.SSV:DF_SSV_MOB_COM(2026.1.0),"Statistiques des villes suisses 2026, pendulaires selon le principal moyen de transport",I,5886,Montreux,4,20 000-49 999,pen_tp,Transport public (TP),OBS,Valeur observée,3848,,A,Valeur normale,2023,,28.04.2026,,28.04.2026,,,,POLG,Communes,06.04.2025,,DATASET_COMMENT,"Source: Office fédéral de la statistique – Pendularité (PEND), Relevé structurel (RS)

Les données concernent les 180 villes de la publication ""Statistiques des villes suisses"", constituées de 173 villes statistiques et de 7 autres membres de l'Union des villes suisses: Appenzell, Arosa, La Neuveville, Moutier, Morat, Willisau et Worb."
DATAFLOW,CH1.SSV:DF_SSV_MOB_COM(2026.1.0),"Statistiques des villes suisses 2026, pendulaires selon le principal moyen de transport",I,5886,Montreux,4,20 000-49 999,pen_tim,Transport individuel motorisé (TIM),CI,Intervalle de confiance (+/-),13.34,,A,Valeur normale,2023,,28.04.2026,,28.04.2026,,,,POLG,Communes,06.04.2025,,DATASET_COMMENT,"Source: Office fédéral de la statistique – Pendularité (PEND), Relevé structurel (RS)

Les données concernent les 180 villes de la publication ""Statistiques des villes suisses"", constituées de 173 villes statistiques et de 7 autres membres de l'Union des villes suisses: Appenzell, Arosa, La Neuveville, Moutier, Morat, Willisau et Worb."
DATAFLOW,CH1.SSV:DF_SSV_MOB_COM(2026.1.0),"Statistiques des villes suisses 2026, pendulaires selon le principal moyen de transport",I,5938,Yverdon-les-Bains,4,20 000-49 999,pen_tp,Transport public (TP),OBS,Valeur observée,2887,,A,Valeur normale,2023,,28.04.2026,,28.04.2026,,,,POLG,Communes,06.04.2025,,DATASET_COMMENT,"Source: Office fédéral de la statistique – Pendularité (PEND), Relevé structurel (RS)

Les données concernent les 180 villes de la publication ""Statistiques des villes suisses"", constituées de 173 villes statistiques et de 7 autres membres de l'Union des villes suisses: Appenzell, Arosa, La Neuveville, Moutier, Morat, Willisau et Worb."
DATAFLOW,CH1.SSV:DF_SSV_MOB_COM(2026.1.0),"Statistiques des villes suisses 2026, pendulaires selon le principal moyen de transport",I,6297,Visp,1,moins de 10 000,pen_tp,Transport public (TP),OBS,Valeur observée,762,,U,Faible fiabilité,2023,,28.04.2026,,28.04.2026,,,,POLG,Communes,06.04.2025,,DATASET_COMMENT,"Source: Office fédéral de la statistique – Pendularité (PEND), Relevé structurel (RS)

Les données concernent les 180 villes de la publication ""Statistiques des villes suisses"", constituées de 173 villes statistiques et de 7 autres membres de l'Union des villes suisses: Appenzell, Arosa, La Neuveville, Moutier, Morat, Willisau et Worb."
DATAFLOW,CH1.SSV:DF_SSV_MOB_COM(2026.1.0),"Statistiques des villes suisses 2026, pendulaires selon le principal moyen de transport",I,6300,Zermatt,1,moins de 10 000,pen_tp,Transport public (TP),CI,Intervalle de confiance (+/-),73.7,,U,Faible fiabilité,2023,,28.04.2026,,28.04.2026,,,,POLG,Communes,06.04.2025,,DATASET_COMMENT,"Source: Office fédéral de la statistique – Pendularité (PEND), Relevé structurel (RS)

Les données concernent les 180 villes de la publication ""Statistiques des villes suisses"", constituées de 173 villes statistiques et de 7 autres membres de l'Union des villes suisses: Appenzell, Arosa, La Neuveville, Moutier, Morat, Willisau et Worb."
DATAFLOW,CH1.SSV:DF_SSV_MOB_COM(2026.1.0),"Statistiques des villes suisses 2026, pendulaires selon le principal moyen de transport",I,6612,Chêne-Bougeries,2,10 000-14 999,pen_tim,Transport individuel motorisé (TIM),OBS,Valeur observée,1295,,A,Valeur normale,2023,,28.04.2026,,28.04.2026,,,,POLG,Communes,06.04.2025,,DATASET_COMMENT,"Source: Office fédéral de la statistique – Pendularité (PEND), Relevé structurel (RS)

Les données concernent les 180 villes de la publication ""Statistiques des villes suisses"", constituées de 173 villes statistiques et de 7 autres membres de l'Union des villes suisses: Appenzell, Arosa, La Neuveville, Moutier, Morat, Willisau et Worb."
DATAFLOW,CH1.SSV:DF_SSV_MOB_COM(2026.1.0),"Statistiques des villes suisses 2026, pendulaires selon le principal moyen de transport",I,6623,Le Grand-Saconnex,2,10 000-14 999,pen_tim,Transport individuel motorisé (TIM),CI,Intervalle de confiance (+/-),23.21,,A,Valeur normale,2023,,28.04.2026,,28.04.2026,,,,POLG,Communes,06.04.2025,,DATASET_COMMENT,"Source: Office fédéral de la statistique – Pendularité (PEND), Relevé structurel (RS)

Les données concernent les 180 villes de la publication ""Statistiques des villes suisses"", constituées de 173 villes statistiques et de 7 autres membres de l'Union des villes suisses: Appenzell, Arosa, La Neuveville, Moutier, Morat, Willisau et Worb."
DATAFLOW,CH1.SSV:DF_SSV_MOB_COM(2026.1.0),"Statistiques des villes suisses 2026, pendulaires selon le principal moyen de transport",I,6628,Lancy,4,20 000-49 999,pen_t,"Pendulaires, total",OBS,Valeur observée,13103,,A,Valeur normale,2023,,28.04.2026,,28.04.2026,,,,POLG,Communes,06.04.2025,,DATASET_COMMENT,"Source: Office fédéral de la statistique – Pendularité (PEND), Relevé structurel (RS)

Les données concernent les 180 villes de la publication ""Statistiques des villes suisses"", constituées de 173 villes statistiques et de 7 autres membres de l'Union des villes suisses: Appenzell, Arosa, La Neuveville, Moutier, Morat, Willisau et Worb."
DATAFLOW,CH1.SSV:DF_SSV_MOB_COM(2026.1.0),"Statistiques des villes suisses 2026, pendulaires selon le principal moyen de transport",I,6631,Onex,3,15 000-19 999,pen_t,"Pendulaires, total",OBS,Valeur observée,5902,,A,Valeur normale,2023,,28.04.2026,,28.04.2026,,,,POLG,Communes,06.04.2025,,DATASET_COMMENT,"Source: Office fédéral de la statistique – Pendularité (PEND), Relevé structurel (RS)

Les données concernent les 180 villes de la publication ""Statistiques des villes suisses"", constituées de 173 villes statistiques et de 7 autres membres de l'Union des villes suisses: Appenzell, Arosa, La Neuveville, Moutier, Morat, Willisau et Worb."
DATAFLOW,CH1.SSV:DF_SSV_MOB_COM(2026.1.0),"Statistiques des villes suisses 2026, pendulaires selon le principal moyen de transport",I,6631,Onex,3,15 000-19 999,pen_tp,Transport public (TP),CI,Intervalle de confiance (+/-),15.9,,A,Valeur normale,2023,,28.04.2026,,28.04.2026,,,,POLG,Communes,06.04.2025,,DATASET_COMMENT,"Source: Office fédéral de la statistique – Pendularité (PEND), Relevé structurel (RS)

Les données concernent les 180 villes de la publication ""Statistiques des villes suisses"", constituées de 173 villes statistiques et de 7 autres membres de l'Union des villes suisses: Appenzell, Arosa, La Neuveville, Moutier, Morat, Willisau et Worb."
DATAFLOW,CH1.SSV:DF_SSV_MOB_COM(2026.1.0),"Statistiques des villes suisses 2026, pendulaires selon le principal moyen de transport",I,_ST,Total des villes suisses,1,moins de 10 000,pen_t,"Pendulaires, total",CI,Intervalle de confiance (+/-),4.18,,A,Valeur normale,2023,,28.04.2026,,28.04.2026,,,,POLG,Communes,06.04.2025,,DATASET_COMMENT,"Source: Office fédéral de la statistique – Pendularité (PEND), Relevé structurel (RS)

Les données concernent les 180 villes de la publication ""Statistiques des villes suisses"", constituées de 173 villes statistiques et de 7 autres membres de l'Union des villes suisses: Appenzell, Arosa, La Neuveville, Moutier, Morat, Willisau et Worb."
DATAFLOW,CH1.SSV:DF_SSV_MOB_COM(2026.1.0),"Statistiques des villes suisses 2026, pendulaires selon le principal moyen de transport",I,_ST,Total des villes suisses,4,20 000-49 999,pen_t,"Pendulaires, total",OBS,Valeur observée,506424,,A,Valeur normale,2023,,28.04.2026,,28.04.2026,,,,POLG,Communes,06.04.2025,,DATASET_COMMENT,"Source: Office fédéral de la statistique – Pendularité (PEND), Relevé structurel (RS)

Les données concernent les 180 villes de la publication ""Statistiques des villes suisses"", constituées de 173 villes statistiques et de 7 autres membres de l'Union des villes suisses: Appenzell, Arosa, La Neuveville, Moutier, Morat, Willisau et Worb."
DATAFLOW,CH1.SSV:DF_SSV_MOB_COM(2026.1.0),"Statistiques des villes suisses 2026, pendulaires selon le principal moyen de transport",I,_ST,Total des villes suisses,4,20 000-49 999,pen_tim,Transport individuel motorisé (TIM),CI,Intervalle de confiance (+/-),2.21,,A,Valeur normale,2023,,28.04.2026,,28.04.2026,,,,POLG,Communes,06.04.2025,,DATASET_COMMENT,"Source: Office fédéral de la statistique – Pendularité (PEND), Relevé structurel (RS)

Les données concernent les 180 villes de la publication ""Statistiques des villes suisses"", constituées de 173 villes statistiques et de 7 autres membres de l'Union des villes suisses: Appenzell, Arosa, La Neuveville, Moutier, Morat, Willisau et Worb."
DATAFLOW,CH1.SSV:DF_SSV_MOB_COM(2026.1.0),"Statistiques des villes suisses 2026, pendulaires selon le principal moyen de transport",I,_ST,Total des villes suisses,5,50 000-99 999,pen_t,"Pendulaires, total",OBS,Valeur observée,116173,,A,Valeur normale,2023,,28.04.2026,,28.04.2026,,,,POLG,Communes,06.04.2025,,DATASET_COMMENT,"Source: Office fédéral de la statistique – Pendularité (PEND), Relevé structurel (RS)

Les données concernent les 180 villes de la publication ""Statistiques des villes suisses"", constituées de 173 villes statistiques et de 7 autres membres de l'Union des villes suisses: Appenzell, Arosa, La Neuveville, Moutier, Morat, Willisau et Worb."
DATAFLOW,CH1.SSV:DF_SSV_MOB_COM(2026.1.0),"Statistiques des villes suisses 2026, pendulaires selon le principal moyen de transport",I,52,Bassersdorf,2,10 000-14 999,pen_t,"Pendulaires, total",CI,Intervalle de confiance (+/-),16.17,,A,Valeur normale,2023,,28.04.2026,,28.04.2026,,,,POLG,Communes,06.04.2025,,DATASET_COMMENT,"Source: Office fédéral de la statistique – Pendularité (PEND), Relevé structurel (RS)

Les données concernent les 180 villes de la publication ""Statistiques des villes suisses"", constituées de 173 villes statistiques et de 7 autres membres de l'Union des villes suisses: Appenzell, Arosa, La Neuveville, Moutier, Morat, Willisau et Worb."
DATAFLOW,CH1.SSV:DF_SSV_MOB_COM(2026.1.0),"Statistiques des villes suisses 2026, pendulaires selon le principal moyen de transport",I,62,Kloten,4,20 000-49 999,pen_tp,Transport public (TP),OBS,Valeur observée,5028,,A,Valeur normale,2023,,28.04.2026,,28.04.2026,,,,POLG,Communes,06.04.2025,,DATASET_COMMENT,"Source: Office fédéral de la statistique – Pendularité (PEND), Relevé structurel (RS)

Les données concernent les 180 villes de la publication ""Statistiques des villes suisses"", constituées de 173 villes statistiques et de 7 autres membres de l'Union des villes suisses: Appenzell, Arosa, La Neuveville, Moutier, Morat, Willisau et Worb."
DATAFLOW,CH1.SSV:DF_SSV_MOB_COM(2026.1.0),"Statistiques des villes suisses 2026, pendulaires selon le principal moyen de transport",I,62,Kloten,4,20 000-49 999,pen_tp,Transport public (TP),CI,Intervalle de confiance (+/-),16.75,,A,Valeur normale,2023,,28.04.2026,,28.04.2026,,,,POLG,Communes,06.04.2025,,DATASET_COMMENT,"Source: Office fédéral de la statistique – Pendularité (PEND), Relevé structurel (RS)

Les données concernent les 180 villes de la publication ""Statistiques des villes suisses"", constituées de 173 villes statistiques et de 7 autres membres de l'Union des villes suisses: Appenzell, Arosa, La Neuveville, Moutier, Morat, Willisau et Worb."
DATAFLOW,CH1.SSV:DF_SSV_MOB_COM(2026.1.0),"Statistiques des villes suisses 2026, pendulaires selon le principal moyen de transport",I,62,Kloten,4,20 000-49 999,pen_tim,Transport individuel motorisé (TIM),CI,Intervalle de confiance (+/-),19.61,,A,Valeur normale,2023,,28.04.2026,,28.04.2026,,,,POLG,Communes,06.04.2025,,DATASET_COMMENT,"Source: Office fédéral de la statistique – Pendularité (PEND), Relevé structurel (RS)

Les données concernent les 180 villes de la publication ""Statistiques des villes suisses"", constituées de 173 villes statistiques et de 7 autres membres de l'Union des villes suisses: Appenzell, Arosa, La Neuveville, Moutier, Morat, Willisau et Worb."
DATAFLOW,CH1.SSV:DF_SSV_MOB_COM(2026.1.0),"Statistiques des villes suisses 2026, pendulaires selon le principal moyen de transport",I,69,Wallisellen,3,15 000-19 999,pen_t,"Pendulaires, total",OBS,Valeur observée,8353,,A,Valeur normale,2023,,28.04.2026,,28.04.2026,,,,POLG,Communes,06.04.2025,,DATASET_COMMENT,"Source: Office fédéral de la statistique – Pendularité (PEND), Relevé structurel (RS)

Les données concernent les 180 villes de la publication ""Statistiques des villes suisses"", constituées de 173 villes statistiques et de 7 autres membres de l'Union des villes suisses: Appenzell, Arosa, La Neuveville, Moutier, Morat, Willisau et Worb."
DATAFLOW,CH1.SSV:DF_SSV_MOB_COM(2026.1.0),"Statistiques des villes suisses 2026, pendulaires selon le principal moyen de transport",I,96,Regensdorf,3,15 000-19 999,pen_tim,Transport individuel motorisé (TIM),CI,Intervalle de confiance (+/-),20.27,,A,Valeur normale,2023,,28.04.2026,,28.04.2026,,,,POLG,Communes,06.04.2025,,DATASET_COMMENT,"Source: Office fédéral de la statistique – Pendularité (PEND), Relevé structurel (RS)

Les données concernent les 180 villes de la publication ""Statistiques des villes suisses"", constituées de 173 villes statistiques et de 7 autres membres de l'Union des villes suisses: Appenzell, Arosa, La Neuveville, Moutier, Morat, Willisau et Worb."
DATAFLOW,CH1.SSV:DF_SSV_MOB_COM(2026.1.0),"Statistiques des villes suisses 2026, pendulaires selon le principal moyen de transport",I,117,Hinwil,2,10 000-14 999,pen_t,"Pendulaires, total",CI,Intervalle de confiance (+/-),16.21,,A,Valeur normale,2023,,28.04.2026,,28.04.2026,,,,POLG,Communes,06.04.2025,,DATASET_COMMENT,"Source: Office fédéral de la statistique – Pendularité (PEND), Relevé structurel (RS)

Les données concernent les 180 villes de la publication ""Statistiques des villes suisses"", constituées de 173 villes statistiques et de 7 autres membres de l'Union des villes suisses: Appenzell, Arosa, La Neuveville, Moutier, Morat, Willisau et Worb."
DATAFLOW,CH1.SSV:DF_SSV_MOB_COM(2026.1.0),"Statistiques des villes suisses 2026, pendulaires selon le principal moyen de transport",I,118,Rüti (ZH),2,10 000-14 999,pen_t,"Pendulaires, total",CI,Intervalle de confiance (+/-),16.33,,A,Valeur normale,2023,,28.04.2026,,28.04.2026,,,,POLG,Communes,06.04.2025,,DATASET_COMMENT,"Source: Office fédéral de la statistique – Pendularité (PEND), Relevé structurel (RS)

Les données concernent les 180 villes de la publication ""Statistiques des villes suisses"", constituées de 173 villes statistiques et de 7 autres membres de l'Union des villes suisses: Appenzell, Arosa, La Neuveville, Moutier, Morat, Willisau et Worb."
DATAFLOW,CH1.SSV:DF_SSV_MOB_COM(2026.1.0),"Statistiques des villes suisses 2026, pendulaires selon le principal moyen de transport",I,141,Thalwil,3,15 000-19 999,pen_t,"Pendulaires, total",CI,Intervalle de confiance (+/-),13.47,,A,Valeur normale,2023,,28.04.2026,,28.04.2026,,,,POLG,Communes,06.04.2025,,DATASET_COMMENT,"Source: Office fédéral de la statistique – Pendularité (PEND), Relevé structurel (RS)

Les données concernent les 180 villes de la publication ""Statistiques des villes suisses"", constituées de 173 villes statistiques et de 7 autres membres de l'Union des villes suisses: Appenzell, Arosa, La Neuveville, Moutier, Morat, Willisau et Worb."
DATAFLOW,CH1.SSV:DF_SSV_MOB_COM(2026.1.0),"Statistiques des villes suisses 2026, pendulaires selon le principal moyen de transport",I,177,Pfäffikon,2,10 000-14 999,pen_tp,Transport public (TP),OBS,Valeur observée,1608,,U,Faible fiabilité,2023,,28.04.2026,,28.04.2026,,,,POLG,Communes,06.04.2025,,DATASET_COMMENT,"Source: Office fédéral de la statistique – Pendularité (PEND), Relevé structurel (RS)

Les données concernent les 180 villes de la publication ""Statistiques des villes suisses"", constituées de 173 villes statistiques et de 7 autres membres de l'Union des villes suisses: Appenzell, Arosa, La Neuveville, Moutier, Morat, Willisau et Worb."
DATAFLOW,CH1.SSV:DF_SSV_MOB_COM(2026.1.0),"Statistiques des villes suisses 2026, pendulaires selon le principal moyen de transport",I,177,Pfäffikon,2,10 000-14 999,pen_tim,Transport individuel motorisé (TIM),OBS,Valeur observée,2633,,A,Valeur normale,2023,,28.04.2026,,28.04.2026,,,,POLG,Communes,06.04.2025,,DATASET_COMMENT,"Source: Office fédéral de la statistique – Pendularité (PEND), Relevé structurel (RS)

Les données concernent les 180 villes de la publication ""Statistiques des villes suisses"", constituées de 173 villes statistiques et de 7 autres membres de l'Union des villes suisses: Appenzell, Arosa, La Neuveville, Moutier, Morat, Willisau et Worb."
DATAFLOW,CH1.SSV:DF_SSV_MOB_COM(2026.1.0),"Statistiques des villes suisses 2026, pendulaires selon le principal moyen de transport",I,177,Pfäffikon,2,10 000-14 999,pen_tim,Transport individuel motorisé (TIM),CI,Intervalle de confiance (+/-),22.62,,A,Valeur normale,2023,,28.04.2026,,28.04.2026,,,,POLG,Communes,06.04.2025,,DATASET_COMMENT,"Source: Office fédéral de la statistique – Pendularité (PEND), Relevé structurel (RS)

Les données concernent les 180 villes de la publication ""Statistiques des villes suisses"", constituées de 173 villes statistiques et de 7 autres membres de l'Union des villes suisses: Appenzell, Arosa, La Neuveville, Moutier, Morat, Willisau et Worb."
DATAFLOW,CH1.SSV:DF_SSV_MOB_COM(2026.1.0),"Statistiques des villes suisses 2026, pendulaires selon le principal moyen de transport",I,199,Volketswil,3,15 000-19 999,pen_t,"Pendulaires, total",CI,Intervalle de confiance (+/-),12.53,,A,Valeur normale,2023,,28.04.2026,,28.04.2026,,,,POLG,Communes,06.04.2025,,DATASET_COMMENT,"Source: Office fédéral de la statistique – Pendularité (PEND), Relevé structurel (RS)

Les données concernent les 180 villes de la publication ""Statistiques des villes suisses"", constituées de 173 villes statistiques et de 7 autres membres de l'Union des villes suisses: Appenzell, Arosa, La Neuveville, Moutier, Morat, Willisau et Worb."
DATAFLOW,CH1.SSV:DF_SSV_MOB_COM(2026.1.0),"Statistiques des villes suisses 2026, pendulaires selon le principal moyen de transport",I,199,Volketswil,3,15 000-19 999,pen_tp,Transport public (TP),OBS,Valeur observée,3061,,A,Valeur normale,2023,,28.04.2026,,28.04.2026,,,,POLG,Communes,06.04.2025,,DATASET_COMMENT,"Source: Office fédéral de la statistique – Pendularité (PEND), Relevé structurel (RS)

Les données concernent les 180 villes de la publication ""Statistiques des villes suisses"", constituées de 173 villes statistiques et de 7 autres membres de l'Union des villes suisses: Appenzell, Arosa, La Neuveville, Moutier, Morat, Willisau et Worb."
DATAFLOW,CH1.SSV:DF_SSV_MOB_COM(2026.1.0),"Statistiques des villes suisses 2026, pendulaires selon le principal moyen de transport",I,199,Volketswil,3,15 000-19 999,pen_tp,Transport public (TP),CI,Intervalle de confiance (+/-),20.93,,A,Valeur normale,2023,,28.04.2026,,28.04.2026,,,,POLG,Communes,06.04.2025,,DATASET_COMMENT,"Source: Office fédéral de la statistique – Pendularité (PEND), Relevé structurel (RS)

Les données concernent les 180 villes de la publication ""Statistiques des villes suisses"", constituées de 173 villes statistiques et de 7 autres membres de l'Union des villes suisses: Appenzell, Arosa, La Neuveville, Moutier, Morat, Willisau et Worb."
DATAFLOW,CH1.SSV:DF_SSV_MOB_COM(2026.1.0),"Statistiques des villes suisses 2026, pendulaires selon le principal moyen de transport",I,199,Volketswil,3,15 000-19 999,pen_tim,Transport individuel motorisé (TIM),CI,Intervalle de confiance (+/-),16.83,,A,Valeur normale,2023,,28.04.2026,,28.04.2026,,,,POLG,Communes,06.04.2025,,DATASET_COMMENT,"Source: Office fédéral de la statistique – Pendularité (PEND), Relevé structurel (RS)

Les données concernent les 180 villes de la publication ""Statistiques des villes suisses"", constituées de 173 villes statistiques et de 7 autres membres de l'Union des villes suisses: Appenzell, Arosa, La Neuveville, Moutier, Morat, Willisau et Worb."
DATAFLOW,CH1.SSV:DF_SSV_MOB_COM(2026.1.0),"Statistiques des villes suisses 2026, pendulaires selon le principal moyen de transport",I,230,Winterthur,6,100 000 et plus,pen_t,"Pendulaires, total",OBS,Valeur observée,49209,,A,Valeur normale,2023,,28.04.2026,,28.04.2026,,,,POLG,Communes,06.04.2025,,DATASET_COMMENT,"Source: Office fédéral de la statistique – Pendularité (PEND), Relevé structurel (RS)

Les données concernent les 180 villes de la publication ""Statistiques des villes suisses"", constituées de 173 villes statistiques et de 7 autres membres de l'Union des villes suisses: Appenzell, Arosa, La Neuveville, Moutier, Morat, Willisau et Worb."
DATAFLOW,CH1.SSV:DF_SSV_MOB_COM(2026.1.0),"Statistiques des villes suisses 2026, pendulaires selon le principal moyen de transport",I,230,Winterthur,6,100 000 et plus,pen_t,"Pendulaires, total",CI,Intervalle de confiance (+/-),3.8,,A,Valeur normale,2023,,28.04.2026,,28.04.2026,,,,POLG,Communes,06.04.2025,,DATASET_COMMENT,"Source: Office fédéral de la statistique – Pendularité (PEND), Relevé structurel (RS)

Les données concernent les 180 villes de la publication ""Statistiques des villes suisses"", constituées de 173 villes statistiques et de 7 autres membres de l'Union des villes suisses: Appenzell, Arosa, La Neuveville, Moutier, Morat, Willisau et Worb."
DATAFLOW,CH1.SSV:DF_SSV_MOB_COM(2026.1.0),"Statistiques des villes suisses 2026, pendulaires selon le principal moyen de transport",I,247,Schlieren,4,20 000-49 999,pen_t,"Pendulaires, total",OBS,Valeur observée,7542,,A,Valeur normale,2023,,28.04.2026,,28.04.2026,,,,POLG,Communes,06.04.2025,,DATASET_COMMENT,"Source: Office fédéral de la statistique – Pendularité (PEND), Relevé structurel (RS)

Les données concernent les 180 villes de la publication ""Statistiques des villes suisses"", constituées de 173 villes statistiques et de 7 autres membres de l'Union des villes suisses: Appenzell, Arosa, La Neuveville, Moutier, Morat, Willisau et Worb."
DATAFLOW,CH1.SSV:DF_SSV_MOB_COM(2026.1.0),"Statistiques des villes suisses 2026, pendulaires selon le principal moyen de transport",I,261,Zürich,6,100 000 et plus,pen_t,"Pendulaires, total",OBS,Valeur observée,191679,,A,Valeur normale,2023,,28.04.2026,,28.04.2026,,,,POLG,Communes,06.04.2025,,DATASET_COMMENT,"Source: Office fédéral de la statistique – Pendularité (PEND), Relevé structurel (RS)

Les données concernent les 180 villes de la publication ""Statistiques des villes suisses"", constituées de 173 villes statistiques et de 7 autres membres de l'Union des villes suisses: Appenzell, Arosa, La Neuveville, Moutier, Morat, Willisau et Worb."
DATAFLOW,CH1.SSV:DF_SSV_MOB_COM(2026.1.0),"Statistiques des villes suisses 2026, pendulaires selon le principal moyen de transport",I,261,Zürich,6,100 000 et plus,pen_tp,Transport public (TP),OBS,Valeur observée,118591,,A,Valeur normale,2023,,28.04.2026,,28.04.2026,,,,POLG,Communes,06.04.2025,,DATASET_COMMENT,"Source: Office fédéral de la statistique – Pendularité (PEND), Relevé structurel (RS)

Les données concernent les 180 villes de la publication ""Statistiques des villes suisses"", constituées de 173 villes statistiques et de 7 autres membres de l'Union des villes suisses: Appenzell, Arosa, La Neuveville, Moutier, Morat, Willisau et Worb."
DATAFLOW,CH1.SSV:DF_SSV_MOB_COM(2026.1.0),"Statistiques des villes suisses 2026, pendulaires selon le principal moyen de transport",I,261,Zürich,6,100 000 et plus,pen_tim,Transport individuel motorisé (TIM),OBS,Valeur observée,31443,,A,Valeur normale,2023,,28.04.2026,,28.04.2026,,,,POLG,Communes,06.04.2025,,DATASET_COMMENT,"Source: Office fédéral de la statistique – Pendularité (PEND), Relevé structurel (RS)

Les données concernent les 180 villes de la publication ""Statistiques des villes suisses"", constituées de 173 villes statistiques et de 7 autres membres de l'Union des villes suisses: Appenzell, Arosa, La Neuveville, Moutier, Morat, Willisau et Worb."
DATAFLOW,CH1.SSV:DF_SSV_MOB_COM(2026.1.0),"Statistiques des villes suisses 2026, pendulaires selon le principal moyen de transport",I,261,Zürich,6,100 000 et plus,pen_tim,Transport individuel motorisé (TIM),CI,Intervalle de confiance (+/-),6.39,,A,Valeur normale,2023,,28.04.2026,,28.04.2026,,,,POLG,Communes,06.04.2025,,DATASET_COMMENT,"Source: Office fédéral de la statistique – Pendularité (PEND), Relevé structurel (RS)

Les données concernent les 180 villes de la publication ""Statistiques des villes suisses"", constituées de 173 villes statistiques et de 7 autres membres de l'Union des villes suisses: Appenzell, Arosa, La Neuveville, Moutier, Morat, Willisau et Worb."
DATAFLOW,CH1.SSV:DF_SSV_MOB_COM(2026.1.0),"Statistiques des villes suisses 2026, pendulaires selon le principal moyen de transport",I,306,Lyss,3,15 000-19 999,pen_tp,Transport public (TP),OBS,Valeur observée,2887,,A,Valeur normale,2023,,28.04.2026,,28.04.2026,,,,POLG,Communes,06.04.2025,,DATASET_COMMENT,"Source: Office fédéral de la statistique – Pendularité (PEND), Relevé structurel (RS)

Les données concernent les 180 villes de la publication ""Statistiques des villes suisses"", constituées de 173 villes statistiques et de 7 autres membres de l'Union des villes suisses: Appenzell, Arosa, La Neuveville, Moutier, Morat, Willisau et Worb."
DATAFLOW,CH1.SSV:DF_SSV_MOB_COM(2026.1.0),"Statistiques des villes suisses 2026, pendulaires selon le principal moyen de transport",I,363,Ostermundigen,3,15 000-19 999,pen_t,"Pendulaires, total",CI,Intervalle de confiance (+/-),13.76,,A,Valeur normale,2023,,28.04.2026,,28.04.2026,,,,POLG,Communes,06.04.2025,,DATASET_COMMENT,"Source: Office fédéral de la statistique – Pendularité (PEND), Relevé structurel (RS)

Les données concernent les 180 villes de la publication ""Statistiques des villes suisses"", constituées de 173 villes statistiques et de 7 autres membres de l'Union des villes suisses: Appenzell, Arosa, La Neuveville, Moutier, Morat, Willisau et Worb."
DATAFLOW,CH1.SSV:DF_SSV_MOB_COM(2026.1.0),"Statistiques des villes suisses 2026, pendulaires selon le principal moyen de transport",I,363,Ostermundigen,3,15 000-19 999,pen_tp,Transport public (TP),CI,Intervalle de confiance (+/-),19.72,,A,Valeur normale,2023,,28.04.2026,,28.04.2026,,,,POLG,Communes,06.04.2025,,DATASET_COMMENT,"Source: Office fédéral de la statistique – Pendularité (PEND), Relevé structurel (RS)

Les données concernent les 180 villes de la publication ""Statistiques des villes suisses"", constituées de 173 villes statistiques et de 7 autres membres de l'Union des villes suisses: Appenzell, Arosa, La Neuveville, Moutier, Morat, Willisau et Worb."
DATAFLOW,CH1.SSV:DF_SSV_MOB_COM(2026.1.0),"Statistiques des villes suisses 2026, pendulaires selon le principal moyen de transport",I,1061,Luzern,5,50 000-99 999,pen_t,"Pendulaires, total",OBS,Valeur observée,37227,,A,Valeur normale,2023,,28.04.2026,,28.04.2026,,,,POLG,Communes,06.04.2025,,DATASET_COMMENT,"Source: Office fédéral de la statistique – Pendularité (PEND), Relevé structurel (RS)

Les données concernent les 180 villes de la publication ""Statistiques des villes suisses"", constituées de 173 villes statistiques et de 7 autres membres de l'Union des villes suisses: Appenzell, Arosa, La Neuveville, Moutier, Morat, Willisau et Worb."
DATAFLOW,CH1.SSV:DF_SSV_MOB_COM(2026.1.0),"Statistiques des villes suisses 2026, pendulaires selon le principal moyen de transport",I,1301,Einsiedeln,3,15 000-19 999,pen_tim,Transport individuel motorisé (TIM),CI,Intervalle de confiance (+/-),16.55,,A,Valeur normale,2023,,28.04.2026,,28.04.2026,,,,POLG,Communes,06.04.2025,,DATASET_COMMENT,"Source: Office fédéral de la statistique – Pendularité (PEND), Relevé structurel (RS)

Les données concernent les 180 villes de la publication ""Statistiques des villes suisses"", constituées de 173 villes statistiques et de 7 autres membres de l'Union des villes suisses: Appenzell, Arosa, La Neuveville, Moutier, Morat, Willisau et Worb."
DATAFLOW,CH1.SSV:DF_SSV_MOB_COM(2026.1.0),"Statistiques des villes suisses 2026, pendulaires selon le principal moyen de transport",I,1322,Freienbach,3,15 000-19 999,pen_tp,Transport public (TP),OBS,Valeur observée,2184,,A,Valeur normale,2023,,28.04.2026,,28.04.2026,,,,POLG,Communes,06.04.2025,,DATASET_COMMENT,"Source: Office fédéral de la statistique – Pendularité (PEND), Relevé structurel (RS)

Les données concernent les 180 villes de la publication ""Statistiques des villes suisses"", constituées de 173 villes statistiques et de 7 autres membres de l'Union des villes suisses: Appenzell, Arosa, La Neuveville, Moutier, Morat, Willisau et Worb."
DATAFLOW,CH1.SSV:DF_SSV_MOB_COM(2026.1.0),"Statistiques des villes suisses 2026, pendulaires selon le principal moyen de transport",I,1331,Küssnacht (SZ),2,10 000-14 999,pen_tp,Transport public (TP),OBS,Valeur observée,806,,U,Faible fiabilité,2023,,28.04.2026,,28.04.2026,,,,POLG,Communes,06.04.2025,,DATASET_COMMENT,"Source: Office fédéral de la statistique – Pendularité (PEND), Relevé structurel (RS)

Les données concernent les 180 villes de la publication ""Statistiques des villes suisses"", constituées de 173 villes statistiques et de 7 autres membres de l'Union des villes suisses: Appenzell, Arosa, La Neuveville, Moutier, Morat, Willisau et Worb."
DATAFLOW,CH1.SSV:DF_SSV_MOB_COM(2026.1.0),"Statistiques des villes suisses 2026, pendulaires selon le principal moyen de transport",I,1701,Baar,4,20 000-49 999,pen_t,"Pendulaires, total",CI,Intervalle de confiance (+/-),7.66,,A,Valeur normale,2023,,28.04.2026,,28.04.2026,,,,POLG,Communes,06.04.2025,,DATASET_COMMENT,"Source: Office fédéral de la statistique – Pendularité (PEND), Relevé structurel (RS)

Les données concernent les 180 villes de la publication ""Statistiques des villes suisses"", constituées de 173 villes statistiques et de 7 autres membres de l'Union des villes suisses: Appenzell, Arosa, La Neuveville, Moutier, Morat, Willisau et Worb."
DATAFLOW,CH1.SSV:DF_SSV_MOB_COM(2026.1.0),"Statistiques des villes suisses 2026, pendulaires selon le principal moyen de transport",I,1711,Zug,4,20 000-49 999,pen_tp,Transport public (TP),OBS,Valeur observée,4741,,A,Valeur normale,2023,,28.04.2026,,28.04.2026,,,,POLG,Communes,06.04.2025,,DATASET_COMMENT,"Source: Office fédéral de la statistique – Pendularité (PEND), Relevé structurel (RS)

Les données concernent les 180 villes de la publication ""Statistiques des villes suisses"", constituées de 173 villes statistiques et de 7 autres membres de l'Union des villes suisses: Appenzell, Arosa, La Neuveville, Moutier, Morat, Willisau et Worb."
DATAFLOW,CH1.SSV:DF_SSV_MOB_COM(2026.1.0),"Statistiques des villes suisses 2026, pendulaires selon le principal moyen de transport",I,1711,Zug,4,20 000-49 999,pen_tp,Transport public (TP),CI,Intervalle de confiance (+/-),11.55,,A,Valeur normale,2023,,28.04.2026,,28.04.2026,,,,POLG,Communes,06.04.2025,,DATASET_COMMENT,"Source: Office fédéral de la statistique – Pendularité (PEND), Relevé structurel (RS)

Les données concernent les 180 villes de la publication ""Statistiques des villes suisses"", constituées de 173 villes statistiques et de 7 autres membres de l'Union des villes suisses: Appenzell, Arosa, La Neuveville, Moutier, Morat, Willisau et Worb."
DATAFLOW,CH1.SSV:DF_SSV_MOB_COM(2026.1.0),"Statistiques des villes suisses 2026, pendulaires selon le principal moyen de transport",I,1711,Zug,4,20 000-49 999,pen_tim,Transport individuel motorisé (TIM),OBS,Valeur observée,4354,,A,Valeur normale,2023,,28.04.2026,,28.04.2026,,,,POLG,Communes,06.04.2025,,DATASET_COMMENT,"Source: Office fédéral de la statistique – Pendularité (PEND), Relevé structurel (RS)

Les données concernent les 180 villes de la publication ""Statistiques des villes suisses"", constituées de 173 villes statistiques et de 7 autres membres de l'Union des villes suisses: Appenzell, Arosa, La Neuveville, Moutier, Morat, Willisau et Worb."
DATAFLOW,CH1.SSV:DF_SSV_MOB_COM(2026.1.0),"Statistiques des villes suisses 2026, pendulaires selon le principal moyen de transport",I,2125,Bulle,4,20 000-49 999,pen_t,"Pendulaires, total",OBS,Valeur observée,9956,,A,Valeur normale,2023,,28.04.2026,,28.04.2026,,,,POLG,Communes,06.04.2025,,DATASET_COMMENT,"Source: Office fédéral de la statistique – Pendularité (PEND), Relevé structurel (RS)

Les données concernent les 180 villes de la publication ""Statistiques des villes suisses"", constituées de 173 villes statistiques et de 7 autres membres de l'Union des villes suisses: Appenzell, Arosa, La Neuveville, Moutier, Morat, Willisau et Worb."
DATAFLOW,CH1.SSV:DF_SSV_MOB_COM(2026.1.0),"Statistiques des villes suisses 2026, pendulaires selon le principal moyen de transport",I,2125,Bulle,4,20 000-49 999,pen_tp,Transport public (TP),OBS,Valeur observée,1568,,U,Faible fiabilité,2023,,28.04.2026,,28.04.2026,,,,POLG,Communes,06.04.2025,,DATASET_COMMENT,"Source: Office fédéral de la statistique – Pendularité (PEND), Relevé structurel (RS)

Les données concernent les 180 villes de la publication ""Statistiques des villes suisses"", constituées de 173 villes statistiques et de 7 autres membres de l'Union des villes suisses: Appenzell, Arosa, La Neuveville, Moutier, Morat, Willisau et Worb."
DATAFLOW,CH1.SSV:DF_SSV_MOB_COM(2026.1.0),"Statistiques des villes suisses 2026, pendulaires selon le principal moyen de transport",I,2761,Aesch (BL),2,10 000-14 999,pen_tp,Transport public (TP),OBS,Valeur observée,1447,,U,Faible fiabilité,2023,,28.04.2026,,28.04.2026,,,,POLG,Communes,06.04.2025,,DATASET_COMMENT,"Source: Office fédéral de la statistique – Pendularité (PEND), Relevé structurel (RS)

Les données concernent les 180 villes de la publication ""Statistiques des villes suisses"", constituées de 173 villes statistiques et de 7 autres membres de l'Union des villes suisses: Appenzell, Arosa, La Neuveville, Moutier, Morat, Willisau et Worb."
DATAFLOW,CH1.SSV:DF_SSV_MOB_COM(2026.1.0),"Statistiques des villes suisses 2026, pendulaires selon le principal moyen de transport",I,2829,Liestal,3,15 000-19 999,pen_t,"Pendulaires, total",CI,Intervalle de confiance (+/-),14.45,,A,Valeur normale,2023,,28.04.2026,,28.04.2026,,,,POLG,Communes,06.04.2025,,DATASET_COMMENT,"Source: Office fédéral de la statistique – Pendularité (PEND), Relevé structurel (RS)

Les données concernent les 180 villes de la publication ""Statistiques des villes suisses"", constituées de 173 villes statistiques et de 7 autres membres de l'Union des villes suisses: Appenzell, Arosa, La Neuveville, Moutier, Morat, Willisau et Worb."
DATAFLOW,CH1.SSV:DF_SSV_MOB_COM(2026.1.0),"Statistiques des villes suisses 2026, pendulaires selon le principal moyen de transport",I,2829,Liestal,3,15 000-19 999,pen_tim,Transport individuel motorisé (TIM),CI,Intervalle de confiance (+/-),22.55,,A,Valeur normale,2023,,28.04.2026,,28.04.2026,,,,POLG,Communes,06.04.2025,,DATASET_COMMENT,"Source: Office fédéral de la statistique – Pendularité (PEND), Relevé structurel (RS)

Les données concernent les 180 villes de la publication ""Statistiques des villes suisses"", constituées de 173 villes statistiques et de 7 autres membres de l'Union des villes suisses: Appenzell, Arosa, La Neuveville, Moutier, Morat, Willisau et Worb."
DATAFLOW,CH1.SSV:DF_SSV_MOB_COM(2026.1.0),"Statistiques des villes suisses 2026, pendulaires selon le principal moyen de transport",I,3001,Herisau,3,15 000-19 999,pen_tim,Transport individuel motorisé (TIM),OBS,Valeur observée,4648,,A,Valeur normale,2023,,28.04.2026,,28.04.2026,,,,POLG,Communes,06.04.2025,,DATASET_COMMENT,"Source: Office fédéral de la statistique – Pendularité (PEND), Relevé structurel (RS)

Les données concernent les 180 villes de la publication ""Statistiques des villes suisses"", constituées de 173 villes statistiques et de 7 autres membres de l'Union des villes suisses: Appenzell, Arosa, La Neuveville, Moutier, Morat, Willisau et Worb."
DATAFLOW,CH1.SSV:DF_SSV_MOB_COM(2026.1.0),"Statistiques des villes suisses 2026, pendulaires selon le principal moyen de transport",I,3001,Herisau,3,15 000-19 999,pen_tim,Transport individuel motorisé (TIM),CI,Intervalle de confiance (+/-),16.72,,A,Valeur normale,2023,,28.04.2026,,28.04.2026,,,,POLG,Communes,06.04.2025,,DATASET_COMMENT,"Source: Office fédéral de la statistique – Pendularité (PEND), Relevé structurel (RS)

Les données concernent les 180 villes de la publication ""Statistiques des villes suisses"", constituées de 173 villes statistiques et de 7 autres membres de l'Union des villes suisses: Appenzell, Arosa, La Neuveville, Moutier, Morat, Willisau et Worb."
DATAFLOW,CH1.SSV:DF_SSV_MOB_COM(2026.1.0),"Statistiques des villes suisses 2026, pendulaires selon le principal moyen de transport",I,3101,Appenzell,1,moins de 10 000,pen_t,"Pendulaires, total",OBS,Valeur observée,2993,,A,Valeur normale,2023,,28.04.2026,,28.04.2026,,,,POLG,Communes,06.04.2025,,DATASET_COMMENT,"Source: Office fédéral de la statistique – Pendularité (PEND), Relevé structurel (RS)

Les données concernent les 180 villes de la publication ""Statistiques des villes suisses"", constituées de 173 villes statistiques et de 7 autres membres de l'Union des villes suisses: Appenzell, Arosa, La Neuveville, Moutier, Morat, Willisau et Worb."
DATAFLOW,CH1.SSV:DF_SSV_MOB_COM(2026.1.0),"Statistiques des villes suisses 2026, pendulaires selon le principal moyen de transport",I,3101,Appenzell,1,moins de 10 000,pen_t,"Pendulaires, total",CI,Intervalle de confiance (+/-),19.96,,A,Valeur normale,2023,,28.04.2026,,28.04.2026,,,,POLG,Communes,06.04.2025,,DATASET_COMMENT,"Source: Office fédéral de la statistique – Pendularité (PEND), Relevé structurel (RS)

Les données concernent les 180 villes de la publication ""Statistiques des villes suisses"", constituées de 173 villes statistiques et de 7 autres membres de l'Union des villes suisses: Appenzell, Arosa, La Neuveville, Moutier, Morat, Willisau et Worb."
DATAFLOW,CH1.SSV:DF_SSV_MOB_COM(2026.1.0),"Statistiques des villes suisses 2026, pendulaires selon le principal moyen de transport",I,3851,Davos,2,10 000-14 999,pen_tim,Transport individuel motorisé (TIM),OBS,Valeur observée,1886,,A,Valeur normale,2023,,28.04.2026,,28.04.2026,,,,POLG,Communes,06.04.2025,,DATASET_COMMENT,"Source: Office fédéral de la statistique – Pendularité (PEND), Relevé structurel (RS)

Les données concernent les 180 villes de la publication ""Statistiques des villes suisses"", constituées de 173 villes statistiques et de 7 autres membres de l'Union des villes suisses: Appenzell, Arosa, La Neuveville, Moutier, Morat, Willisau et Worb."
DATAFLOW,CH1.SSV:DF_SSV_MOB_COM(2026.1.0),"Statistiques des villes suisses 2026, pendulaires selon le principal moyen de transport",I,3851,Davos,2,10 000-14 999,pen_tim,Transport individuel motorisé (TIM),CI,Intervalle de confiance (+/-),26.64,,A,Valeur normale,2023,,28.04.2026,,28.04.2026,,,,POLG,Communes,06.04.2025,,DATASET_COMMENT,"Source: Office fédéral de la statistique – Pendularité (PEND), Relevé structurel (RS)

Les données concernent les 180 villes de la publication ""Statistiques des villes suisses"", constituées de 173 villes statistiques et de 7 autres membres de l'Union des villes suisses: Appenzell, Arosa, La Neuveville, Moutier, Morat, Willisau et Worb."
DATAFLOW,CH1.SSV:DF_SSV_MOB_COM(2026.1.0),"Statistiques des villes suisses 2026, pendulaires selon le principal moyen de transport",I,4082,Wohlen (AG),3,15 000-19 999,pen_tp,Transport public (TP),OBS,Valeur observée,1261,,A,Valeur normale,2023,,28.04.2026,,28.04.2026,,,,POLG,Communes,06.04.2025,,DATASET_COMMENT,"Source: Office fédéral de la statistique – Pendularité (PEND), Relevé structurel (RS)

Les données concernent les 180 villes de la publication ""Statistiques des villes suisses"", constituées de 173 villes statistiques et de 7 autres membres de l'Union des villes suisses: Appenzell, Arosa, La Neuveville, Moutier, Morat, Willisau et Worb."
DATAFLOW,CH1.SSV:DF_SSV_MOB_COM(2026.1.0),"Statistiques des villes suisses 2026, pendulaires selon le principal moyen de transport",I,4082,Wohlen (AG),3,15 000-19 999,pen_tim,Transport individuel motorisé (TIM),CI,Intervalle de confiance (+/-),12.16,,A,Valeur normale,2023,,28.04.2026,,28.04.2026,,,,POLG,Communes,06.04.2025,,DATASET_COMMENT,"Source: Office fédéral de la statistique – Pendularité (PEND), Relevé structurel (RS)

Les données concernent les 180 villes de la publication ""Statistiques des villes suisses"", constituées de 173 villes statistiques et de 7 autres membres de l'Union des villes suisses: Appenzell, Arosa, La Neuveville, Moutier, Morat, Willisau et Worb."
DATAFLOW,CH1.SSV:DF_SSV_MOB_COM(2026.1.0),"Statistiques des villes suisses 2026, pendulaires selon le principal moyen de transport",I,4095,Brugg,2,10 000-14 999,pen_tp,Transport public (TP),CI,Intervalle de confiance (+/-),17.09,,A,Valeur normale,2023,,28.04.2026,,28.04.2026,,,,POLG,Communes,06.04.2025,,DATASET_COMMENT,"Source: Office fédéral de la statistique – Pendularité (PEND), Relevé structurel (RS)

Les données concernent les 180 villes de la publication ""Statistiques des villes suisses"", constituées de 173 villes statistiques et de 7 autres membres de l'Union des villes suisses: Appenzell, Arosa, La Neuveville, Moutier, Morat, Willisau et Worb."
DATAFLOW,CH1.SSV:DF_SSV_MOB_COM(2026.1.0),"Statistiques des villes suisses 2026, pendulaires selon le principal moyen de transport",I,4095,Brugg,2,10 000-14 999,pen_tim,Transport individuel motorisé (TIM),CI,Intervalle de confiance (+/-),17.18,,A,Valeur normale,2023,,28.04.2026,,28.04.2026,,,,POLG,Communes,06.04.2025,,DATASET_COMMENT,"Source: Office fédéral de la statistique – Pendularité (PEND), Relevé structurel (RS)

Les données concernent les 180 villes de la publication ""Statistiques des villes suisses"", constituées de 173 villes statistiques et de 7 autres membres de l'Union des villes suisses: Appenzell, Arosa, La Neuveville, Moutier, Morat, Willisau et Worb."
DATAFLOW,CH1.SSV:DF_SSV_MOB_COM(2026.1.0),"Statistiques des villes suisses 2026, pendulaires selon le principal moyen de transport",I,4401,Arbon,3,15 000-19 999,pen_tp,Transport public (TP),OBS,Valeur observée,991,,U,Faible fiabilité,2023,,28.04.2026,,28.04.2026,,,,POLG,Communes,06.04.2025,,DATASET_COMMENT,"Source: Office fédéral de la statistique – Pendularité (PEND), Relevé structurel (RS)

Les données concernent les 180 villes de la publication ""Statistiques des villes suisses"", constituées de 173 villes statistiques et de 7 autres membres de l'Union des villes suisses: Appenzell, Arosa, La Neuveville, Moutier, Morat, Willisau et Worb."
DATAFLOW,CH1.SSV:DF_SSV_MOB_COM(2026.1.0),"Statistiques des villes suisses 2026, pendulaires selon le principal moyen de transport",I,4461,Amriswil,2,10 000-14 999,pen_tim,Transport individuel motorisé (TIM),OBS,Valeur observée,3846,,A,Valeur normale,2023,,28.04.2026,,28.04.2026,,,,POLG,Communes,06.04.2025,,DATASET_COMMENT,"Source: Office fédéral de la statistique – Pendularité (PEND), Relevé structurel (RS)

Les données concernent les 180 villes de la publication ""Statistiques des villes suisses"", constituées de 173 villes statistiques et de 7 autres membres de l'Union des villes suisses: Appenzell, Arosa, La Neuveville, Moutier, Morat, Willisau et Worb."
DATAFLOW,CH1.SSV:DF_SSV_MOB_COM(2026.1.0),"Statistiques des villes suisses 2026, pendulaires selon le principal moyen de transport",I,4671,Kreuzlingen,4,20 000-49 999,pen_t,"Pendulaires, total",OBS,Valeur observée,10397,,A,Valeur normale,2023,,28.04.2026,,28.04.2026,,,,POLG,Communes,06.04.2025,,DATASET_COMMENT,"Source: Office fédéral de la statistique – Pendularité (PEND), Relevé structurel (RS)

Les données concernent les 180 villes de la publication ""Statistiques des villes suisses"", constituées de 173 villes statistiques et de 7 autres membres de l'Union des villes suisses: Appenzell, Arosa, La Neuveville, Moutier, Morat, Willisau et Worb."
DATAFLOW,CH1.SSV:DF_SSV_MOB_COM(2026.1.0),"Statistiques des villes suisses 2026, pendulaires selon le principal moyen de transport",I,4671,Kreuzlingen,4,20 000-49 999,pen_tp,Transport public (TP),OBS,Valeur observée,2264,,A,Valeur normale,2023,,28.04.2026,,28.04.2026,,,,POLG,Communes,06.04.2025,,DATASET_COMMENT,"Source: Office fédéral de la statistique – Pendularité (PEND), Relevé structurel (RS)

Les données concernent les 180 villes de la publication ""Statistiques des villes suisses"", constituées de 173 villes statistiques et de 7 autres membres de l'Union des villes suisses: Appenzell, Arosa, La Neuveville, Moutier, Morat, Willisau et Worb."
DATAFLOW,CH1.SSV:DF_SSV_MOB_COM(2026.1.0),"Statistiques des villes suisses 2026, pendulaires selon le principal moyen de transport",I,4671,Kreuzlingen,4,20 000-49 999,pen_tp,Transport public (TP),CI,Intervalle de confiance (+/-),25.27,,A,Valeur normale,2023,,28.04.2026,,28.04.2026,,,,POLG,Communes,06.04.2025,,DATASET_COMMENT,"Source: Office fédéral de la statistique – Pendularité (PEND), Relevé structurel (RS)

Les données concernent les 180 villes de la publication ""Statistiques des villes suisses"", constituées de 173 villes statistiques et de 7 autres membres de l'Union des villes suisses: Appenzell, Arosa, La Neuveville, Moutier, Morat, Willisau et Worb."
DATAFLOW,CH1.SSV:DF_SSV_MOB_COM(2026.1.0),"Statistiques des villes suisses 2026, pendulaires selon le principal moyen de transport",I,5583,Crissier,1,moins de 10 000,pen_t,"Pendulaires, total",CI,Intervalle de confiance (+/-),15.45,,A,Valeur normale,2023,,28.04.2026,,28.04.2026,,,,POLG,Communes,06.04.2025,,DATASET_COMMENT,"Source: Office fédéral de la statistique – Pendularité (PEND), Relevé structurel (RS)

Les données concernent les 180 villes de la publication ""Statistiques des villes suisses"", constituées de 173 villes statistiques et de 7 autres membres de l'Union des villes suisses: Appenzell, Arosa, La Neuveville, Moutier, Morat, Willisau et Worb."
DATAFLOW,CH1.SSV:DF_SSV_MOB_COM(2026.1.0),"Statistiques des villes suisses 2026, pendulaires selon le principal moyen de transport",I,5886,Montreux,4,20 000-49 999,pen_t,"Pendulaires, total",OBS,Valeur observée,8580,,A,Valeur normale,2023,,28.04.2026,,28.04.2026,,,,POLG,Communes,06.04.2025,,DATASET_COMMENT,"Source: Office fédéral de la statistique – Pendularité (PEND), Relevé structurel (RS)

Les données concernent les 180 villes de la publication ""Statistiques des villes suisses"", constituées de 173 villes statistiques et de 7 autres membres de l'Union des villes suisses: Appenzell, Arosa, La Neuveville, Moutier, Morat, Willisau et Worb."
DATAFLOW,CH1.SSV:DF_SSV_MOB_COM(2026.1.0),"Statistiques des villes suisses 2026, pendulaires selon le principal moyen de transport",I,6297,Visp,1,moins de 10 000,pen_t,"Pendulaires, total",CI,Intervalle de confiance (+/-),19.24,,A,Valeur normale,2023,,28.04.2026,,28.04.2026,,,,POLG,Communes,06.04.2025,,DATASET_COMMENT,"Source: Office fédéral de la statistique – Pendularité (PEND), Relevé structurel (RS)

Les données concernent les 180 villes de la publication ""Statistiques des villes suisses"", constituées de 173 villes statistiques et de 7 autres membres de l'Union des villes suisses: Appenzell, Arosa, La Neuveville, Moutier, Morat, Willisau et Worb."
DATAFLOW,CH1.SSV:DF_SSV_MOB_COM(2026.1.0),"Statistiques des villes suisses 2026, pendulaires selon le principal moyen de transport",I,6297,Visp,1,moins de 10 000,pen_tim,Transport individuel motorisé (TIM),CI,Intervalle de confiance (+/-),30.63,,U,Faible fiabilité,2023,,28.04.2026,,28.04.2026,,,,POLG,Communes,06.04.2025,,DATASET_COMMENT,"Source: Office fédéral de la statistique – Pendularité (PEND), Relevé structurel (RS)

Les données concernent les 180 villes de la publication ""Statistiques des villes suisses"", constituées de 173 villes statistiques et de 7 autres membres de l'Union des villes suisses: Appenzell, Arosa, La Neuveville, Moutier, Morat, Willisau et Worb."
DATAFLOW,CH1.SSV:DF_SSV_MOB_COM(2026.1.0),"Statistiques des villes suisses 2026, pendulaires selon le principal moyen de transport",I,6300,Zermatt,1,moins de 10 000,pen_tp,Transport public (TP),OBS,Valeur observée,280,,U,Faible fiabilité,2023,,28.04.2026,,28.04.2026,,,,POLG,Communes,06.04.2025,,DATASET_COMMENT,"Source: Office fédéral de la statistique – Pendularité (PEND), Relevé structurel (RS)

Les données concernent les 180 villes de la publication ""Statistiques des villes suisses"", constituées de 173 villes statistiques et de 7 autres membres de l'Union des villes suisses: Appenzell, Arosa, La Neuveville, Moutier, Morat, Willisau et Worb."
DATAFLOW,CH1.SSV:DF_SSV_MOB_COM(2026.1.0),"Statistiques des villes suisses 2026, pendulaires selon le principal moyen de transport",I,6623,Le Grand-Saconnex,2,10 000-14 999,pen_tp,Transport public (TP),OBS,Valeur observée,1483,,A,Valeur normale,2023,,28.04.2026,,28.04.2026,,,,POLG,Communes,06.04.2025,,DATASET_COMMENT,"Source: Office fédéral de la statistique – Pendularité (PEND), Relevé structurel (RS)

Les données concernent les 180 villes de la publication ""Statistiques des villes suisses"", constituées de 173 villes statistiques et de 7 autres membres de l'Union des villes suisses: Appenzell, Arosa, La Neuveville, Moutier, Morat, Willisau et Worb."
DATAFLOW,CH1.SSV:DF_SSV_MOB_COM(2026.1.0),"Statistiques des villes suisses 2026, pendulaires selon le principal moyen de transport",I,6628,Lancy,4,20 000-49 999,pen_tp,Transport public (TP),OBS,Valeur observée,6664,,A,Valeur normale,2023,,28.04.2026,,28.04.2026,,,,POLG,Communes,06.04.2025,,DATASET_COMMENT,"Source: Office fédéral de la statistique – Pendularité (PEND), Relevé structurel (RS)

Les données concernent les 180 villes de la publication ""Statistiques des villes suisses"", constituées de 173 villes statistiques et de 7 autres membres de l'Union des villes suisses: Appenzell, Arosa, La Neuveville, Moutier, Morat, Willisau et Worb."
DATAFLOW,CH1.SSV:DF_SSV_MOB_COM(2026.1.0),"Statistiques des villes suisses 2026, pendulaires selon le principal moyen de transport",I,6628,Lancy,4,20 000-49 999,pen_tim,Transport individuel motorisé (TIM),CI,Intervalle de confiance (+/-),13.4,,A,Valeur normale,2023,,28.04.2026,,28.04.2026,,,,POLG,Communes,06.04.2025,,DATASET_COMMENT,"Source: Office fédéral de la statistique – Pendularité (PEND), Relevé structurel (RS)

Les données concernent les 180 villes de la publication ""Statistiques des villes suisses"", constituées de 173 villes statistiques et de 7 autres membres de l'Union des villes suisses: Appenzell, Arosa, La Neuveville, Moutier, Morat, Willisau et Worb."
DATAFLOW,CH1.SSV:DF_SSV_MOB_COM(2026.1.0),"Statistiques des villes suisses 2026, pendulaires selon le principal moyen de transport",I,6631,Onex,3,15 000-19 999,pen_t,"Pendulaires, total",CI,Intervalle de confiance (+/-),10.82,,A,Valeur normale,2023,,28.04.2026,,28.04.2026,,,,POLG,Communes,06.04.2025,,DATASET_COMMENT,"Source: Office fédéral de la statistique – Pendularité (PEND), Relevé structurel (RS)

Les données concernent les 180 villes de la publication ""Statistiques des villes suisses"", constituées de 173 villes statistiques et de 7 autres membres de l'Union des villes suisses: Appenzell, Arosa, La Neuveville, Moutier, Morat, Willisau et Worb."
DATAFLOW,CH1.SSV:DF_SSV_MOB_COM(2026.1.0),"Statistiques des villes suisses 2026, pendulaires selon le principal moyen de transport",I,6513,Laténa,2,10 000-14 999,pen_tp,Transport public (TP),OBS,Valeur observée,1328,,A,Valeur normale,2023,,28.04.2026,,28.04.2026,,,,POLG,Communes,06.04.2025,,DATASET_COMMENT,"Source: Office fédéral de la statistique – Pendularité (PEND), Relevé structurel (RS)

Les données concernent les 180 villes de la publication ""Statistiques des villes suisses"", constituées de 173 villes statistiques et de 7 autres membres de l'Union des villes suisses: Appenzell, Arosa, La Neuveville, Moutier, Morat, Willisau et Worb."
DATAFLOW,CH1.SSV:DF_SSV_MOB_COM(2026.1.0),"Statistiques des villes suisses 2026, pendulaires selon le principal moyen de transport",I,6513,Laténa,2,10 000-14 999,pen_tim,Transport individuel motorisé (TIM),OBS,Valeur observée,2596,,A,Valeur normale,2023,,28.04.2026,,28.04.2026,,,,POLG,Communes,06.04.2025,,DATASET_COMMENT,"Source: Office fédéral de la statistique – Pendularité (PEND), Relevé structurel (RS)

Les données concernent les 180 villes de la publication ""Statistiques des villes suisses"", constituées de 173 villes statistiques et de 7 autres membres de l'Union des villes suisses: Appenzell, Arosa, La Neuveville, Moutier, Morat, Willisau et Worb."
DATAFLOW,CH1.SSV:DF_SSV_MOB_COM(2026.1.0),"Statistiques des villes suisses 2026, pendulaires selon le principal moyen de transport",I,6513,Laténa,2,10 000-14 999,pen_tim,Transport individuel motorisé (TIM),CI,Intervalle de confiance (+/-),15.64,,A,Valeur normale,2023,,28.04.2026,,28.04.2026,,,,POLG,Communes,06.04.2025,,DATASET_COMMENT,"Source: Office fédéral de la statistique – Pendularité (PEND), Relevé structurel (RS)

Les données concernent les 180 villes de la publication ""Statistiques des villes suisses"", constituées de 173 villes statistiques et de 7 autres membres de l'Union des villes suisses: Appenzell, Arosa, La Neuveville, Moutier, Morat, Willisau et Worb."
DATAFLOW,CH1.SSV:DF_SSV_MOB_COM(2026.1.0),"Statistiques des villes suisses 2026, pendulaires selon le principal moyen de transport",I,_ST,Total des villes suisses,4,20 000-49 999,pen_tp,Transport public (TP),OBS,Valeur observée,190942,,A,Valeur normale,2023,,28.04.2026,,28.04.2026,,,,POLG,Communes,06.04.2025,,DATASET_COMMENT,"Source: Office fédéral de la statistique – Pendularité (PEND), Relevé structurel (RS)

Les données concernent les 180 villes de la publication ""Statistiques des villes suisses"", constituées de 173 villes statistiques et de 7 autres membres de l'Union des villes suisses: Appenzell, Arosa, La Neuveville, Moutier, Morat, Willisau et Worb."
DATAFLOW,CH1.SSV:DF_SSV_MOB_COM(2026.1.0),"Statistiques des villes suisses 2026, pendulaires selon le principal moyen de transport",I,62,Kloten,4,20 000-49 999,pen_t,"Pendulaires, total",OBS,Valeur observée,10135,,A,Valeur normale,2023,,28.04.2026,,28.04.2026,,,,POLG,Communes,06.04.2025,,DATASET_COMMENT,"Source: Office fédéral de la statistique – Pendularité (PEND), Relevé structurel (RS)

Les données concernent les 180 villes de la publication ""Statistiques des villes suisses"", constituées de 173 villes statistiques et de 7 autres membres de l'Union des villes suisses: Appenzell, Arosa, La Neuveville, Moutier, Morat, Willisau et Worb."
DATAFLOW,CH1.SSV:DF_SSV_MOB_COM(2026.1.0),"Statistiques des villes suisses 2026, pendulaires selon le principal moyen de transport",I,66,Opfikon,4,20 000-49 999,pen_tim,Transport individuel motorisé (TIM),OBS,Valeur observée,3152,,A,Valeur normale,2023,,28.04.2026,,28.04.2026,,,,POLG,Communes,06.04.2025,,DATASET_COMMENT,"Source: Office fédéral de la statistique – Pendularité (PEND), Relevé structurel (RS)

Les données concernent les 180 villes de la publication ""Statistiques des villes suisses"", constituées de 173 villes statistiques et de 7 autres membres de l'Union des villes suisses: Appenzell, Arosa, La Neuveville, Moutier, Morat, Willisau et Worb."
DATAFLOW,CH1.SSV:DF_SSV_MOB_COM(2026.1.0),"Statistiques des villes suisses 2026, pendulaires selon le principal moyen de transport",I,69,Wallisellen,3,15 000-19 999,pen_tp,Transport public (TP),OBS,Valeur observée,4587,,A,Valeur normale,2023,,28.04.2026,,28.04.2026,,,,POLG,Communes,06.04.2025,,DATASET_COMMENT,"Source: Office fédéral de la statistique – Pendularité (PEND), Relevé structurel (RS)

Les données concernent les 180 villes de la publication ""Statistiques des villes suisses"", constituées de 173 villes statistiques et de 7 autres membres de l'Union des villes suisses: Appenzell, Arosa, La Neuveville, Moutier, Morat, Willisau et Worb."
DATAFLOW,CH1.SSV:DF_SSV_MOB_COM(2026.1.0),"Statistiques des villes suisses 2026, pendulaires selon le principal moyen de transport",I,69,Wallisellen,3,15 000-19 999,pen_tim,Transport individuel motorisé (TIM),CI,Intervalle de confiance (+/-),22.41,,A,Valeur normale,2023,,28.04.2026,,28.04.2026,,,,POLG,Communes,06.04.2025,,DATASET_COMMENT,"Source: Office fédéral de la statistique – Pendularité (PEND), Relevé structurel (RS)

Les données concernent les 180 villes de la publication ""Statistiques des villes suisses"", constituées de 173 villes statistiques et de 7 autres membres de l'Union des villes suisses: Appenzell, Arosa, La Neuveville, Moutier, Morat, Willisau et Worb."
DATAFLOW,CH1.SSV:DF_SSV_MOB_COM(2026.1.0),"Statistiques des villes suisses 2026, pendulaires selon le principal moyen de transport",I,96,Regensdorf,3,15 000-19 999,pen_t,"Pendulaires, total",OBS,Valeur observée,6551,,A,Valeur normale,2023,,28.04.2026,,28.04.2026,,,,POLG,Communes,06.04.2025,,DATASET_COMMENT,"Source: Office fédéral de la statistique – Pendularité (PEND), Relevé structurel (RS)

Les données concernent les 180 villes de la publication ""Statistiques des villes suisses"", constituées de 173 villes statistiques et de 7 autres membres de l'Union des villes suisses: Appenzell, Arosa, La Neuveville, Moutier, Morat, Willisau et Worb."
DATAFLOW,CH1.SSV:DF_SSV_MOB_COM(2026.1.0),"Statistiques des villes suisses 2026, pendulaires selon le principal moyen de transport",I,96,Regensdorf,3,15 000-19 999,pen_tp,Transport public (TP),CI,Intervalle de confiance (+/-),23.61,,A,Valeur normale,2023,,28.04.2026,,28.04.2026,,,,POLG,Communes,06.04.2025,,DATASET_COMMENT,"Source: Office fédéral de la statistique – Pendularité (PEND), Relevé structurel (RS)

Les données concernent les 180 villes de la publication ""Statistiques des villes suisses"", constituées de 173 villes statistiques et de 7 autres membres de l'Union des villes suisses: Appenzell, Arosa, La Neuveville, Moutier, Morat, Willisau et Worb."
DATAFLOW,CH1.SSV:DF_SSV_MOB_COM(2026.1.0),"Statistiques des villes suisses 2026, pendulaires selon le principal moyen de transport",I,191,Dübendorf,4,20 000-49 999,pen_tim,Transport individuel motorisé (TIM),OBS,Valeur observée,5751,,A,Valeur normale,2023,,28.04.2026,,28.04.2026,,,,POLG,Communes,06.04.2025,,DATASET_COMMENT,"Source: Office fédéral de la statistique – Pendularité (PEND), Relevé structurel (RS)

Les données concernent les 180 villes de la publication ""Statistiques des villes suisses"", constituées de 173 villes statistiques et de 7 autres membres de l'Union des villes suisses: Appenzell, Arosa, La Neuveville, Moutier, Morat, Willisau et Worb."
DATAFLOW,CH1.SSV:DF_SSV_MOB_COM(2026.1.0),"Statistiques des villes suisses 2026, pendulaires selon le principal moyen de transport",I,199,Volketswil,3,15 000-19 999,pen_t,"Pendulaires, total",OBS,Valeur observée,8603,,A,Valeur normale,2023,,28.04.2026,,28.04.2026,,,,POLG,Communes,06.04.2025,,DATASET_COMMENT,"Source: Office fédéral de la statistique – Pendularité (PEND), Relevé structurel (RS)

Les données concernent les 180 villes de la publication ""Statistiques des villes suisses"", constituées de 173 villes statistiques et de 7 autres membres de l'Union des villes suisses: Appenzell, Arosa, La Neuveville, Moutier, Morat, Willisau et Worb."
DATAFLOW,CH1.SSV:DF_SSV_MOB_COM(2026.1.0),"Statistiques des villes suisses 2026, pendulaires selon le principal moyen de transport",I,230,Winterthur,6,100 000 et plus,pen_tp,Transport public (TP),CI,Intervalle de confiance (+/-),6.79,,A,Valeur normale,2023,,28.04.2026,,28.04.2026,,,,POLG,Communes,06.04.2025,,DATASET_COMMENT,"Source: Office fédéral de la statistique – Pendularité (PEND), Relevé structurel (RS)

Les données concernent les 180 villes de la publication ""Statistiques des villes suisses"", constituées de 173 villes statistiques et de 7 autres membres de l'Union des villes suisses: Appenzell, Arosa, La Neuveville, Moutier, Morat, Willisau et Worb."
DATAFLOW,CH1.SSV:DF_SSV_MOB_COM(2026.1.0),"Statistiques des villes suisses 2026, pendulaires selon le principal moyen de transport",I,247,Schlieren,4,20 000-49 999,pen_t,"Pendulaires, total",CI,Intervalle de confiance (+/-),13.63,,A,Valeur normale,2023,,28.04.2026,,28.04.2026,,,,POLG,Communes,06.04.2025,,DATASET_COMMENT,"Source: Office fédéral de la statistique – Pendularité (PEND), Relevé structurel (RS)

Les données concernent les 180 villes de la publication ""Statistiques des villes suisses"", constituées de 173 villes statistiques et de 7 autres membres de l'Union des villes suisses: Appenzell, Arosa, La Neuveville, Moutier, Morat, Willisau et Worb."
DATAFLOW,CH1.SSV:DF_SSV_MOB_COM(2026.1.0),"Statistiques des villes suisses 2026, pendulaires selon le principal moyen de transport",I,306,Lyss,3,15 000-19 999,pen_t,"Pendulaires, total",OBS,Valeur observée,8117,,A,Valeur normale,2023,,28.04.2026,,28.04.2026,,,,POLG,Communes,06.04.2025,,DATASET_COMMENT,"Source: Office fédéral de la statistique – Pendularité (PEND), Relevé structurel (RS)

Les données concernent les 180 villes de la publication ""Statistiques des villes suisses"", constituées de 173 villes statistiques et de 7 autres membres de l'Union des villes suisses: Appenzell, Arosa, La Neuveville, Moutier, Morat, Willisau et Worb."
DATAFLOW,CH1.SSV:DF_SSV_MOB_COM(2026.1.0),"Statistiques des villes suisses 2026, pendulaires selon le principal moyen de transport",I,306,Lyss,3,15 000-19 999,pen_tp,Transport public (TP),CI,Intervalle de confiance (+/-),21.26,,A,Valeur normale,2023,,28.04.2026,,28.04.2026,,,,POLG,Communes,06.04.2025,,DATASET_COMMENT,"Source: Office fédéral de la statistique – Pendularité (PEND), Relevé structurel (RS)

Les données concernent les 180 villes de la publication ""Statistiques des villes suisses"", constituées de 173 villes statistiques et de 7 autres membres de l'Union des villes suisses: Appenzell, Arosa, La Neuveville, Moutier, Morat, Willisau et Worb."
DATAFLOW,CH1.SSV:DF_SSV_MOB_COM(2026.1.0),"Statistiques des villes suisses 2026, pendulaires selon le principal moyen de transport",I,306,Lyss,3,15 000-19 999,pen_tim,Transport individuel motorisé (TIM),CI,Intervalle de confiance (+/-),18.93,,A,Valeur normale,2023,,28.04.2026,,28.04.2026,,,,POLG,Communes,06.04.2025,,DATASET_COMMENT,"Source: Office fédéral de la statistique – Pendularité (PEND), Relevé structurel (RS)

Les données concernent les 180 villes de la publication ""Statistiques des villes suisses"", constituées de 173 villes statistiques et de 7 autres membres de l'Union des villes suisses: Appenzell, Arosa, La Neuveville, Moutier, Morat, Willisau et Worb."
DATAFLOW,CH1.SSV:DF_SSV_MOB_COM(2026.1.0),"Statistiques des villes suisses 2026, pendulaires selon le principal moyen de transport",I,361,Zollikofen,2,10 000-14 999,pen_tp,Transport public (TP),CI,Intervalle de confiance (+/-),24.39,,A,Valeur normale,2023,,28.04.2026,,28.04.2026,,,,POLG,Communes,06.04.2025,,DATASET_COMMENT,"Source: Office fédéral de la statistique – Pendularité (PEND), Relevé structurel (RS)

Les données concernent les 180 villes de la publication ""Statistiques des villes suisses"", constituées de 173 villes statistiques et de 7 autres membres de l'Union des villes suisses: Appenzell, Arosa, La Neuveville, Moutier, Morat, Willisau et Worb."
DATAFLOW,CH1.SSV:DF_SSV_MOB_COM(2026.1.0),"Statistiques des villes suisses 2026, pendulaires selon le principal moyen de transport",I,362,Ittigen,2,10 000-14 999,pen_t,"Pendulaires, total",CI,Intervalle de confiance (+/-),17.92,,A,Valeur normale,2023,,28.04.2026,,28.04.2026,,,,POLG,Communes,06.04.2025,,DATASET_COMMENT,"Source: Office fédéral de la statistique – Pendularité (PEND), Relevé structurel (RS)

Les données concernent les 180 villes de la publication ""Statistiques des villes suisses"", constituées de 173 villes statistiques et de 7 autres membres de l'Union des villes suisses: Appenzell, Arosa, La Neuveville, Moutier, Morat, Willisau et Worb."
DATAFLOW,CH1.SSV:DF_SSV_MOB_COM(2026.1.0),"Statistiques des villes suisses 2026, pendulaires selon le principal moyen de transport",I,362,Ittigen,2,10 000-14 999,pen_tp,Transport public (TP),CI,Intervalle de confiance (+/-),26.15,,A,Valeur normale,2023,,28.04.2026,,28.04.2026,,,,POLG,Communes,06.04.2025,,DATASET_COMMENT,"Source: Office fédéral de la statistique – Pendularité (PEND), Relevé structurel (RS)

Les données concernent les 180 villes de la publication ""Statistiques des villes suisses"", constituées de 173 villes statistiques et de 7 autres membres de l'Union des villes suisses: Appenzell, Arosa, La Neuveville, Moutier, Morat, Willisau et Worb."
DATAFLOW,CH1.SSV:DF_SSV_MOB_COM(2026.1.0),"Statistiques des villes suisses 2026, pendulaires selon le principal moyen de transport",I,546,Münchenbuchsee,2,10 000-14 999,pen_t,"Pendulaires, total",CI,Intervalle de confiance (+/-),18.14,,A,Valeur normale,2023,,28.04.2026,,28.04.2026,,,,POLG,Communes,06.04.2025,,DATASET_COMMENT,"Source: Office fédéral de la statistique – Pendularité (PEND), Relevé structurel (RS)

Les données concernent les 180 villes de la publication ""Statistiques des villes suisses"", constituées de 173 villes statistiques et de 7 autres membres de l'Union des villes suisses: Appenzell, Arosa, La Neuveville, Moutier, Morat, Willisau et Worb."
DATAFLOW,CH1.SSV:DF_SSV_MOB_COM(2026.1.0),"Statistiques des villes suisses 2026, pendulaires selon le principal moyen de transport",I,616,Münsingen,2,10 000-14 999,pen_t,"Pendulaires, total",CI,Intervalle de confiance (+/-),15.5,,A,Valeur normale,2023,,28.04.2026,,28.04.2026,,,,POLG,Communes,06.04.2025,,DATASET_COMMENT,"Source: Office fédéral de la statistique – Pendularité (PEND), Relevé structurel (RS)

Les données concernent les 180 villes de la publication ""Statistiques des villes suisses"", constituées de 173 villes statistiques et de 7 autres membres de l'Union des villes suisses: Appenzell, Arosa, La Neuveville, Moutier, Morat, Willisau et Worb."
DATAFLOW,CH1.SSV:DF_SSV_MOB_COM(2026.1.0),"Statistiques des villes suisses 2026, pendulaires selon le principal moyen de transport",I,627,Worb,2,10 000-14 999,pen_t,"Pendulaires, total",CI,Intervalle de confiance (+/-),18.06,,A,Valeur normale,2023,,28.04.2026,,28.04.2026,,,,POLG,Communes,06.04.2025,,DATASET_COMMENT,"Source: Office fédéral de la statistique – Pendularité (PEND), Relevé structurel (RS)

Les données concernent les 180 villes de la publication ""Statistiques des villes suisses"", constituées de 173 villes statistiques et de 7 autres membres de l'Union des villes suisses: Appenzell, Arosa, La Neuveville, Moutier, Morat, Willisau et Worb."
DATAFLOW,CH1.SSV:DF_SSV_MOB_COM(2026.1.0),"Statistiques des villes suisses 2026, pendulaires selon le principal moyen de transport",I,768,Spiez,2,10 000-14 999,pen_t,"Pendulaires, total",CI,Intervalle de confiance (+/-),14.71,,A,Valeur normale,2023,,28.04.2026,,28.04.2026,,,,POLG,Communes,06.04.2025,,DATASET_COMMENT,"Source: Office fédéral de la statistique – Pendularité (PEND), Relevé structurel (RS)

Les données concernent les 180 villes de la publication ""Statistiques des villes suisses"", constituées de 173 villes statistiques et de 7 autres membres de l'Union des villes suisses: Appenzell, Arosa, La Neuveville, Moutier, Morat, Willisau et Worb."
DATAFLOW,CH1.SSV:DF_SSV_MOB_COM(2026.1.0),"Statistiques des villes suisses 2026, pendulaires selon le principal moyen de transport",I,768,Spiez,2,10 000-14 999,pen_tp,Transport public (TP),CI,Intervalle de confiance (+/-),27.5,,A,Valeur normale,2023,,28.04.2026,,28.04.2026,,,,POLG,Communes,06.04.2025,,DATASET_COMMENT,"Source: Office fédéral de la statistique – Pendularité (PEND), Relevé structurel (RS)

Les données concernent les 180 villes de la publication ""Statistiques des villes suisses"", constituées de 173 villes statistiques et de 7 autres membres de l'Union des villes suisses: Appenzell, Arosa, La Neuveville, Moutier, Morat, Willisau et Worb."
DATAFLOW,CH1.SSV:DF_SSV_MOB_COM(2026.1.0),"Statistiques des villes suisses 2026, pendulaires selon le principal moyen de transport",I,861,Belp,2,10 000-14 999,pen_t,"Pendulaires, total",CI,Intervalle de confiance (+/-),16.49,,A,Valeur normale,2023,,28.04.2026,,28.04.2026,,,,POLG,Communes,06.04.2025,,DATASET_COMMENT,"Source: Office fédéral de la statistique – Pendularité (PEND), Relevé structurel (RS)

Les données concernent les 180 villes de la publication ""Statistiques des villes suisses"", constituées de 173 villes statistiques et de 7 autres membres de l'Union des villes suisses: Appenzell, Arosa, La Neuveville, Moutier, Morat, Willisau et Worb."
DATAFLOW,CH1.SSV:DF_SSV_MOB_COM(2026.1.0),"Statistiques des villes suisses 2026, pendulaires selon le principal moyen de transport",I,1054,Ebikon,2,10 000-14 999,pen_tim,Transport individuel motorisé (TIM),OBS,Valeur observée,3071,,A,Valeur normale,2023,,28.04.2026,,28.04.2026,,,,POLG,Communes,06.04.2025,,DATASET_COMMENT,"Source: Office fédéral de la statistique – Pendularité (PEND), Relevé structurel (RS)

Les données concernent les 180 villes de la publication ""Statistiques des villes suisses"", constituées de 173 villes statistiques et de 7 autres membres de l'Union des villes suisses: Appenzell, Arosa, La Neuveville, Moutier, Morat, Willisau et Worb."
DATAFLOW,CH1.SSV:DF_SSV_MOB_COM(2026.1.0),"Statistiques des villes suisses 2026, pendulaires selon le principal moyen de transport",I,1058,Horw,3,15 000-19 999,pen_tim,Transport individuel motorisé (TIM),OBS,Valeur observée,3194,,A,Valeur normale,2023,,28.04.2026,,28.04.2026,,,,POLG,Communes,06.04.2025,,DATASET_COMMENT,"Source: Office fédéral de la statistique – Pendularité (PEND), Relevé structurel (RS)

Les données concernent les 180 villes de la publication ""Statistiques des villes suisses"", constituées de 173 villes statistiques et de 7 autres membres de l'Union des villes suisses: Appenzell, Arosa, La Neuveville, Moutier, Morat, Willisau et Worb."
DATAFLOW,CH1.SSV:DF_SSV_MOB_COM(2026.1.0),"Statistiques des villes suisses 2026, pendulaires selon le principal moyen de transport",I,1061,Luzern,5,50 000-99 999,pen_tp,Transport public (TP),OBS,Valeur observée,16159,,A,Valeur normale,2023,,28.04.2026,,28.04.2026,,,,POLG,Communes,06.04.2025,,DATASET_COMMENT,"Source: Office fédéral de la statistique – Pendularité (PEND), Relevé structurel (RS)

Les données concernent les 180 villes de la publication ""Statistiques des villes suisses"", constituées de 173 villes statistiques et de 7 autres membres de l'Union des villes suisses: Appenzell, Arosa, La Neuveville, Moutier, Morat, Willisau et Worb."
DATAFLOW,CH1.SSV:DF_SSV_MOB_COM(2026.1.0),"Statistiques des villes suisses 2026, pendulaires selon le principal moyen de transport",I,1061,Luzern,5,50 000-99 999,pen_tim,Transport individuel motorisé (TIM),CI,Intervalle de confiance (+/-),7.9,,A,Valeur normale,2023,,28.04.2026,,28.04.2026,,,,POLG,Communes,06.04.2025,,DATASET_COMMENT,"Source: Office fédéral de la statistique – Pendularité (PEND), Relevé structurel (RS)

Les données concernent les 180 villes de la publication ""Statistiques des villes suisses"", constituées de 173 villes statistiques et de 7 autres membres de l'Union des villes suisses: Appenzell, Arosa, La Neuveville, Moutier, Morat, Willisau et Worb."
DATAFLOW,CH1.SSV:DF_SSV_MOB_COM(2026.1.0),"Statistiques des villes suisses 2026, pendulaires selon le principal moyen de transport",I,1301,Einsiedeln,3,15 000-19 999,pen_t,"Pendulaires, total",CI,Intervalle de confiance (+/-),13.07,,A,Valeur normale,2023,,28.04.2026,,28.04.2026,,,,POLG,Communes,06.04.2025,,DATASET_COMMENT,"Source: Office fédéral de la statistique – Pendularité (PEND), Relevé structurel (RS)

Les données concernent les 180 villes de la publication ""Statistiques des villes suisses"", constituées de 173 villes statistiques et de 7 autres membres de l'Union des villes suisses: Appenzell, Arosa, La Neuveville, Moutier, Morat, Willisau et Worb."
DATAFLOW,CH1.SSV:DF_SSV_MOB_COM(2026.1.0),"Statistiques des villes suisses 2026, pendulaires selon le principal moyen de transport",I,1301,Einsiedeln,3,15 000-19 999,pen_tp,Transport public (TP),CI,Intervalle de confiance (+/-),32.74,,U,Faible fiabilité,2023,,28.04.2026,,28.04.2026,,,,POLG,Communes,06.04.2025,,DATASET_COMMENT,"Source: Office fédéral de la statistique – Pendularité (PEND), Relevé structurel (RS)

Les données concernent les 180 villes de la publication ""Statistiques des villes suisses"", constituées de 173 villes statistiques et de 7 autres membres de l'Union des villes suisses: Appenzell, Arosa, La Neuveville, Moutier, Morat, Willisau et Worb."
DATAFLOW,CH1.SSV:DF_SSV_MOB_COM(2026.1.0),"Statistiques des villes suisses 2026, pendulaires selon le principal moyen de transport",I,1322,Freienbach,3,15 000-19 999,pen_t,"Pendulaires, total",OBS,Valeur observée,6435,,A,Valeur normale,2023,,28.04.2026,,28.04.2026,,,,POLG,Communes,06.04.2025,,DATASET_COMMENT,"Source: Office fédéral de la statistique – Pendularité (PEND), Relevé structurel (RS)

Les données concernent les 180 villes de la publication ""Statistiques des villes suisses"", constituées de 173 villes statistiques et de 7 autres membres de l'Union des villes suisses: Appenzell, Arosa, La Neuveville, Moutier, Morat, Willisau et Worb."
DATAFLOW,CH1.SSV:DF_SSV_MOB_COM(2026.1.0),"Statistiques des villes suisses 2026, pendulaires selon le principal moyen de transport",I,1322,Freienbach,3,15 000-19 999,pen_tp,Transport public (TP),CI,Intervalle de confiance (+/-),24.3,,A,Valeur normale,2023,,28.04.2026,,28.04.2026,,,,POLG,Communes,06.04.2025,,DATASET_COMMENT,"Source: Office fédéral de la statistique – Pendularité (PEND), Relevé structurel (RS)

Les données concernent les 180 villes de la publication ""Statistiques des villes suisses"", constituées de 173 villes statistiques et de 7 autres membres de l'Union des villes suisses: Appenzell, Arosa, La Neuveville, Moutier, Morat, Willisau et Worb."
DATAFLOW,CH1.SSV:DF_SSV_MOB_COM(2026.1.0),"Statistiques des villes suisses 2026, pendulaires selon le principal moyen de transport",I,1322,Freienbach,3,15 000-19 999,pen_tim,Transport individuel motorisé (TIM),CI,Intervalle de confiance (+/-),19.47,,A,Valeur normale,2023,,28.04.2026,,28.04.2026,,,,POLG,Communes,06.04.2025,,DATASET_COMMENT,"Source: Office fédéral de la statistique – Pendularité (PEND), Relevé structurel (RS)

Les données concernent les 180 villes de la publication ""Statistiques des villes suisses"", constituées de 173 villes statistiques et de 7 autres membres de l'Union des villes suisses: Appenzell, Arosa, La Neuveville, Moutier, Morat, Willisau et Worb."
DATAFLOW,CH1.SSV:DF_SSV_MOB_COM(2026.1.0),"Statistiques des villes suisses 2026, pendulaires selon le principal moyen de transport",I,1331,Küssnacht (SZ),2,10 000-14 999,pen_t,"Pendulaires, total",OBS,Valeur observée,5252,,A,Valeur normale,2023,,28.04.2026,,28.04.2026,,,,POLG,Communes,06.04.2025,,DATASET_COMMENT,"Source: Office fédéral de la statistique – Pendularité (PEND), Relevé structurel (RS)

Les données concernent les 180 villes de la publication ""Statistiques des villes suisses"", constituées de 173 villes statistiques et de 7 autres membres de l'Union des villes suisses: Appenzell, Arosa, La Neuveville, Moutier, Morat, Willisau et Worb."
DATAFLOW,CH1.SSV:DF_SSV_MOB_COM(2026.1.0),"Statistiques des villes suisses 2026, pendulaires selon le principal moyen de transport",I,1331,Küssnacht (SZ),2,10 000-14 999,pen_tp,Transport public (TP),CI,Intervalle de confiance (+/-),41.35,,U,Faible fiabilité,2023,,28.04.2026,,28.04.2026,,,,POLG,Communes,06.04.2025,,DATASET_COMMENT,"Source: Office fédéral de la statistique – Pendularité (PEND), Relevé structurel (RS)

Les données concernent les 180 villes de la publication ""Statistiques des villes suisses"", constituées de 173 villes statistiques et de 7 autres membres de l'Union des villes suisses: Appenzell, Arosa, La Neuveville, Moutier, Morat, Willisau et Worb."
DATAFLOW,CH1.SSV:DF_SSV_MOB_COM(2026.1.0),"Statistiques des villes suisses 2026, pendulaires selon le principal moyen de transport",I,1711,Zug,4,20 000-49 999,pen_t,"Pendulaires, total",OBS,Valeur observée,12629,,A,Valeur normale,2023,,28.04.2026,,28.04.2026,,,,POLG,Communes,06.04.2025,,DATASET_COMMENT,"Source: Office fédéral de la statistique – Pendularité (PEND), Relevé structurel (RS)

Les données concernent les 180 villes de la publication ""Statistiques des villes suisses"", constituées de 173 villes statistiques et de 7 autres membres de l'Union des villes suisses: Appenzell, Arosa, La Neuveville, Moutier, Morat, Willisau et Worb."
DATAFLOW,CH1.SSV:DF_SSV_MOB_COM(2026.1.0),"Statistiques des villes suisses 2026, pendulaires selon le principal moyen de transport",I,1711,Zug,4,20 000-49 999,pen_tim,Transport individuel motorisé (TIM),CI,Intervalle de confiance (+/-),11.9,,A,Valeur normale,2023,,28.04.2026,,28.04.2026,,,,POLG,Communes,06.04.2025,,DATASET_COMMENT,"Source: Office fédéral de la statistique – Pendularité (PEND), Relevé structurel (RS)

Les données concernent les 180 villes de la publication ""Statistiques des villes suisses"", constituées de 173 villes statistiques et de 7 autres membres de l'Union des villes suisses: Appenzell, Arosa, La Neuveville, Moutier, Morat, Willisau et Worb."
DATAFLOW,CH1.SSV:DF_SSV_MOB_COM(2026.1.0),"Statistiques des villes suisses 2026, pendulaires selon le principal moyen de transport",I,2125,Bulle,4,20 000-49 999,pen_tp,Transport public (TP),CI,Intervalle de confiance (+/-),30.06,,U,Faible fiabilité,2023,,28.04.2026,,28.04.2026,,,,POLG,Communes,06.04.2025,,DATASET_COMMENT,"Source: Office fédéral de la statistique – Pendularité (PEND), Relevé structurel (RS)

Les données concernent les 180 villes de la publication ""Statistiques des villes suisses"", constituées de 173 villes statistiques et de 7 autres membres de l'Union des villes suisses: Appenzell, Arosa, La Neuveville, Moutier, Morat, Willisau et Worb."
DATAFLOW,CH1.SSV:DF_SSV_MOB_COM(2026.1.0),"Statistiques des villes suisses 2026, pendulaires selon le principal moyen de transport",I,2125,Bulle,4,20 000-49 999,pen_tim,Transport individuel motorisé (TIM),CI,Intervalle de confiance (+/-),14.46,,A,Valeur normale,2023,,28.04.2026,,28.04.2026,,,,POLG,Communes,06.04.2025,,DATASET_COMMENT,"Source: Office fédéral de la statistique – Pendularité (PEND), Relevé structurel (RS)

Les données concernent les 180 villes de la publication ""Statistiques des villes suisses"", constituées de 173 villes statistiques et de 7 autres membres de l'Union des villes suisses: Appenzell, Arosa, La Neuveville, Moutier, Morat, Willisau et Worb."
DATAFLOW,CH1.SSV:DF_SSV_MOB_COM(2026.1.0),"Statistiques des villes suisses 2026, pendulaires selon le principal moyen de transport",I,2761,Aesch (BL),2,10 000-14 999,pen_tim,Transport individuel motorisé (TIM),OBS,Valeur observée,1464,,U,Faible fiabilité,2023,,28.04.2026,,28.04.2026,,,,POLG,Communes,06.04.2025,,DATASET_COMMENT,"Source: Office fédéral de la statistique – Pendularité (PEND), Relevé structurel (RS)

Les données concernent les 180 villes de la publication ""Statistiques des villes suisses"", constituées de 173 villes statistiques et de 7 autres membres de l'Union des villes suisses: Appenzell, Arosa, La Neuveville, Moutier, Morat, Willisau et Worb."
DATAFLOW,CH1.SSV:DF_SSV_MOB_COM(2026.1.0),"Statistiques des villes suisses 2026, pendulaires selon le principal moyen de transport",I,2763,Arlesheim,1,moins de 10 000,pen_t,"Pendulaires, total",OBS,Valeur observée,3405,,A,Valeur normale,2023,,28.04.2026,,28.04.2026,,,,POLG,Communes,06.04.2025,,DATASET_COMMENT,"Source: Office fédéral de la statistique – Pendularité (PEND), Relevé structurel (RS)

Les données concernent les 180 villes de la publication ""Statistiques des villes suisses"", constituées de 173 villes statistiques et de 7 autres membres de l'Union des villes suisses: Appenzell, Arosa, La Neuveville, Moutier, Morat, Willisau et Worb."
DATAFLOW,CH1.SSV:DF_SSV_MOB_COM(2026.1.0),"Statistiques des villes suisses 2026, pendulaires selon le principal moyen de transport",I,2763,Arlesheim,1,moins de 10 000,pen_tp,Transport public (TP),CI,Intervalle de confiance (+/-),31.05,,U,Faible fiabilité,2023,,28.04.2026,,28.04.2026,,,,POLG,Communes,06.04.2025,,DATASET_COMMENT,"Source: Office fédéral de la statistique – Pendularité (PEND), Relevé structurel (RS)

Les données concernent les 180 villes de la publication ""Statistiques des villes suisses"", constituées de 173 villes statistiques et de 7 autres membres de l'Union des villes suisses: Appenzell, Arosa, La Neuveville, Moutier, Morat, Willisau et Worb."
DATAFLOW,CH1.SSV:DF_SSV_MOB_COM(2026.1.0),"Statistiques des villes suisses 2026, pendulaires selon le principal moyen de transport",I,2765,Binningen,3,15 000-19 999,pen_tim,Transport individuel motorisé (TIM),OBS,Valeur observée,1588,,U,Faible fiabilité,2023,,28.04.2026,,28.04.2026,,,,POLG,Communes,06.04.2025,,DATASET_COMMENT,"Source: Office fédéral de la statistique – Pendularité (PEND), Relevé structurel (RS)

Les données concernent les 180 villes de la publication ""Statistiques des villes suisses"", constituées de 173 villes statistiques et de 7 autres membres de l'Union des villes suisses: Appenzell, Arosa, La Neuveville, Moutier, Morat, Willisau et Worb."
DATAFLOW,CH1.SSV:DF_SSV_MOB_COM(2026.1.0),"Statistiques des villes suisses 2026, pendulaires selon le principal moyen de transport",I,2766,Birsfelden,2,10 000-14 999,pen_t,"Pendulaires, total",CI,Intervalle de confiance (+/-),17.77,,A,Valeur normale,2023,,28.04.2026,,28.04.2026,,,,POLG,Communes,06.04.2025,,DATASET_COMMENT,"Source: Office fédéral de la statistique – Pendularité (PEND), Relevé structurel (RS)

Les données concernent les 180 villes de la publication ""Statistiques des villes suisses"", constituées de 173 villes statistiques et de 7 autres membres de l'Union des villes suisses: Appenzell, Arosa, La Neuveville, Moutier, Morat, Willisau et Worb."
DATAFLOW,CH1.SSV:DF_SSV_MOB_COM(2026.1.0),"Statistiques des villes suisses 2026, pendulaires selon le principal moyen de transport",I,2829,Liestal,3,15 000-19 999,pen_t,"Pendulaires, total",OBS,Valeur observée,6367,,A,Valeur normale,2023,,28.04.2026,,28.04.2026,,,,POLG,Communes,06.04.2025,,DATASET_COMMENT,"Source: Office fédéral de la statistique – Pendularité (PEND), Relevé structurel (RS)

Les données concernent les 180 villes de la publication ""Statistiques des villes suisses"", constituées de 173 villes statistiques et de 7 autres membres de l'Union des villes suisses: Appenzell, Arosa, La Neuveville, Moutier, Morat, Willisau et Worb."
DATAFLOW,CH1.SSV:DF_SSV_MOB_COM(2026.1.0),"Statistiques des villes suisses 2026, pendulaires selon le principal moyen de transport",I,2829,Liestal,3,15 000-19 999,pen_tp,Transport public (TP),CI,Intervalle de confiance (+/-),24.84,,A,Valeur normale,2023,,28.04.2026,,28.04.2026,,,,POLG,Communes,06.04.2025,,DATASET_COMMENT,"Source: Office fédéral de la statistique – Pendularité (PEND), Relevé structurel (RS)

Les données concernent les 180 villes de la publication ""Statistiques des villes suisses"", constituées de 173 villes statistiques et de 7 autres membres de l'Union des villes suisses: Appenzell, Arosa, La Neuveville, Moutier, Morat, Willisau et Worb."
DATAFLOW,CH1.SSV:DF_SSV_MOB_COM(2026.1.0),"Statistiques des villes suisses 2026, pendulaires selon le principal moyen de transport",I,2831,Pratteln,3,15 000-19 999,pen_t,"Pendulaires, total",CI,Intervalle de confiance (+/-),14.5,,A,Valeur normale,2023,,28.04.2026,,28.04.2026,,,,POLG,Communes,06.04.2025,,DATASET_COMMENT,"Source: Office fédéral de la statistique – Pendularité (PEND), Relevé structurel (RS)

Les données concernent les 180 villes de la publication ""Statistiques des villes suisses"", constituées de 173 villes statistiques et de 7 autres membres de l'Union des villes suisses: Appenzell, Arosa, La Neuveville, Moutier, Morat, Willisau et Worb."
DATAFLOW,CH1.SSV:DF_SSV_MOB_COM(2026.1.0),"Statistiques des villes suisses 2026, pendulaires selon le principal moyen de transport",I,3001,Herisau,3,15 000-19 999,pen_tp,Transport public (TP),OBS,Valeur observée,1250,,U,Faible fiabilité,2023,,28.04.2026,,28.04.2026,,,,POLG,Communes,06.04.2025,,DATASET_COMMENT,"Source: Office fédéral de la statistique – Pendularité (PEND), Relevé structurel (RS)

Les données concernent les 180 villes de la publication ""Statistiques des villes suisses"", constituées de 173 villes statistiques et de 7 autres membres de l'Union des villes suisses: Appenzell, Arosa, La Neuveville, Moutier, Morat, Willisau et Worb."
DATAFLOW,CH1.SSV:DF_SSV_MOB_COM(2026.1.0),"Statistiques des villes suisses 2026, pendulaires selon le principal moyen de transport",I,3101,Appenzell,1,moins de 10 000,pen_tp,Transport public (TP),CI,Intervalle de confiance (+/-),86.79,,U,Faible fiabilité,2023,,28.04.2026,,28.04.2026,,,,POLG,Communes,06.04.2025,,DATASET_COMMENT,"Source: Office fédéral de la statistique – Pendularité (PEND), Relevé structurel (RS)

Les données concernent les 180 villes de la publication ""Statistiques des villes suisses"", constituées de 173 villes statistiques et de 7 autres membres de l'Union des villes suisses: Appenzell, Arosa, La Neuveville, Moutier, Morat, Willisau et Worb."
DATAFLOW,CH1.SSV:DF_SSV_MOB_COM(2026.1.0),"Statistiques des villes suisses 2026, pendulaires selon le principal moyen de transport",I,3443,Gossau (SG),3,15 000-19 999,pen_tp,Transport public (TP),OBS,Valeur observée,2292,,A,Valeur normale,2023,,28.04.2026,,28.04.2026,,,,POLG,Communes,06.04.2025,,DATASET_COMMENT,"Source: Office fédéral de la statistique – Pendularité (PEND), Relevé structurel (RS)

Les données concernent les 180 villes de la publication ""Statistiques des villes suisses"", constituées de 173 villes statistiques et de 7 autres membres de l'Union des villes suisses: Appenzell, Arosa, La Neuveville, Moutier, Morat, Willisau et Worb."
DATAFLOW,CH1.SSV:DF_SSV_MOB_COM(2026.1.0),"Statistiques des villes suisses 2026, pendulaires selon le principal moyen de transport",I,3443,Gossau (SG),3,15 000-19 999,pen_tim,Transport individuel motorisé (TIM),CI,Intervalle de confiance (+/-),17.74,,A,Valeur normale,2023,,28.04.2026,,28.04.2026,,,,POLG,Communes,06.04.2025,,DATASET_COMMENT,"Source: Office fédéral de la statistique – Pendularité (PEND), Relevé structurel (RS)

Les données concernent les 180 villes de la publication ""Statistiques des villes suisses"", constituées de 173 villes statistiques et de 7 autres membres de l'Union des villes suisses: Appenzell, Arosa, La Neuveville, Moutier, Morat, Willisau et Worb."
DATAFLOW,CH1.SSV:DF_SSV_MOB_COM(2026.1.0),"Statistiques des villes suisses 2026, pendulaires selon le principal moyen de transport",I,3851,Davos,2,10 000-14 999,pen_tp,Transport public (TP),OBS,Valeur observée,1312,,U,Faible fiabilité,2023,,28.04.2026,,28.04.2026,,,,POLG,Communes,06.04.2025,,DATASET_COMMENT,"Source: Office fédéral de la statistique – Pendularité (PEND), Relevé structurel (RS)

Les données concernent les 180 villes de la publication ""Statistiques des villes suisses"", constituées de 173 villes statistiques et de 7 autres membres de l'Union des villes suisses: Appenzell, Arosa, La Neuveville, Moutier, Morat, Willisau et Worb."
DATAFLOW,CH1.SSV:DF_SSV_MOB_COM(2026.1.0),"Statistiques des villes suisses 2026, pendulaires selon le principal moyen de transport",I,4012,Suhr,2,10 000-14 999,pen_tp,Transport public (TP),OBS,Valeur observée,1303,,A,Valeur normale,2023,,28.04.2026,,28.04.2026,,,,POLG,Communes,06.04.2025,,DATASET_COMMENT,"Source: Office fédéral de la statistique – Pendularité (PEND), Relevé structurel (RS)

Les données concernent les 180 villes de la publication ""Statistiques des villes suisses"", constituées de 173 villes statistiques et de 7 autres membres de l'Union des villes suisses: Appenzell, Arosa, La Neuveville, Moutier, Morat, Willisau et Worb."
DATAFLOW,CH1.SSV:DF_SSV_MOB_COM(2026.1.0),"Statistiques des villes suisses 2026, pendulaires selon le principal moyen de transport",I,4012,Suhr,2,10 000-14 999,pen_tim,Transport individuel motorisé (TIM),CI,Intervalle de confiance (+/-),17.9,,A,Valeur normale,2023,,28.04.2026,,28.04.2026,,,,POLG,Communes,06.04.2025,,DATASET_COMMENT,"Source: Office fédéral de la statistique – Pendularité (PEND), Relevé structurel (RS)

Les données concernent les 180 villes de la publication ""Statistiques des villes suisses"", constituées de 173 villes statistiques et de 7 autres membres de l'Union des villes suisses: Appenzell, Arosa, La Neuveville, Moutier, Morat, Willisau et Worb."
DATAFLOW,CH1.SSV:DF_SSV_MOB_COM(2026.1.0),"Statistiques des villes suisses 2026, pendulaires selon le principal moyen de transport",I,4082,Wohlen (AG),3,15 000-19 999,pen_tim,Transport individuel motorisé (TIM),OBS,Valeur observée,4631,,A,Valeur normale,2023,,28.04.2026,,28.04.2026,,,,POLG,Communes,06.04.2025,,DATASET_COMMENT,"Source: Office fédéral de la statistique – Pendularité (PEND), Relevé structurel (RS)

Les données concernent les 180 villes de la publication ""Statistiques des villes suisses"", constituées de 173 villes statistiques et de 7 autres membres de l'Union des villes suisses: Appenzell, Arosa, La Neuveville, Moutier, Morat, Willisau et Worb."
DATAFLOW,CH1.SSV:DF_SSV_MOB_COM(2026.1.0),"Statistiques des villes suisses 2026, pendulaires selon le principal moyen de transport",I,4095,Brugg,2,10 000-14 999,pen_t,"Pendulaires, total",CI,Intervalle de confiance (+/-),10.74,,A,Valeur normale,2023,,28.04.2026,,28.04.2026,,,,POLG,Communes,06.04.2025,,DATASET_COMMENT,"Source: Office fédéral de la statistique – Pendularité (PEND), Relevé structurel (RS)

Les données concernent les 180 villes de la publication ""Statistiques des villes suisses"", constituées de 173 villes statistiques et de 7 autres membres de l'Union des villes suisses: Appenzell, Arosa, La Neuveville, Moutier, Morat, Willisau et Worb."
DATAFLOW,CH1.SSV:DF_SSV_MOB_COM(2026.1.0),"Statistiques des villes suisses 2026, pendulaires selon le principal moyen de transport",I,4282,Rothrist,1,moins de 10 000,pen_tim,Transport individuel motorisé (TIM),CI,Intervalle de confiance (+/-),14.94,,A,Valeur normale,2023,,28.04.2026,,28.04.2026,,,,POLG,Communes,06.04.2025,,DATASET_COMMENT,"Source: Office fédéral de la statistique – Pendularité (PEND), Relevé structurel (RS)

Les données concernent les 180 villes de la publication ""Statistiques des villes suisses"", constituées de 173 villes statistiques et de 7 autres membres de l'Union des villes suisses: Appenzell, Arosa, La Neuveville, Moutier, Morat, Willisau et Worb."
DATAFLOW,CH1.SSV:DF_SSV_MOB_COM(2026.1.0),"Statistiques des villes suisses 2026, pendulaires selon le principal moyen de transport",I,4401,Arbon,3,15 000-19 999,pen_t,"Pendulaires, total",OBS,Valeur observée,5658,,A,Valeur normale,2023,,28.04.2026,,28.04.2026,,,,POLG,Communes,06.04.2025,,DATASET_COMMENT,"Source: Office fédéral de la statistique – Pendularité (PEND), Relevé structurel (RS)

Les données concernent les 180 villes de la publication ""Statistiques des villes suisses"", constituées de 173 villes statistiques et de 7 autres membres de l'Union des villes suisses: Appenzell, Arosa, La Neuveville, Moutier, Morat, Willisau et Worb."
DATAFLOW,CH1.SSV:DF_SSV_MOB_COM(2026.1.0),"Statistiques des villes suisses 2026, pendulaires selon le principal moyen de transport",I,4401,Arbon,3,15 000-19 999,pen_tp,Transport public (TP),CI,Intervalle de confiance (+/-),38.15,,U,Faible fiabilité,2023,,28.04.2026,,28.04.2026,,,,POLG,Communes,06.04.2025,,DATASET_COMMENT,"Source: Office fédéral de la statistique – Pendularité (PEND), Relevé structurel (RS)

Les données concernent les 180 villes de la publication ""Statistiques des villes suisses"", constituées de 173 villes statistiques et de 7 autres membres de l'Union des villes suisses: Appenzell, Arosa, La Neuveville, Moutier, Morat, Willisau et Worb."
DATAFLOW,CH1.SSV:DF_SSV_MOB_COM(2026.1.0),"Statistiques des villes suisses 2026, pendulaires selon le principal moyen de transport",I,4401,Arbon,3,15 000-19 999,pen_tim,Transport individuel motorisé (TIM),CI,Intervalle de confiance (+/-),20.84,,A,Valeur normale,2023,,28.04.2026,,28.04.2026,,,,POLG,Communes,06.04.2025,,DATASET_COMMENT,"Source: Office fédéral de la statistique – Pendularité (PEND), Relevé structurel (RS)

Les données concernent les 180 villes de la publication ""Statistiques des villes suisses"", constituées de 173 villes statistiques et de 7 autres membres de l'Union des villes suisses: Appenzell, Arosa, La Neuveville, Moutier, Morat, Willisau et Worb."
DATAFLOW,CH1.SSV:DF_SSV_MOB_COM(2026.1.0),"Statistiques des villes suisses 2026, pendulaires selon le principal moyen de transport",I,4671,Kreuzlingen,4,20 000-49 999,pen_tim,Transport individuel motorisé (TIM),CI,Intervalle de confiance (+/-),14.99,,A,Valeur normale,2023,,28.04.2026,,28.04.2026,,,,POLG,Communes,06.04.2025,,DATASET_COMMENT,"Source: Office fédéral de la statistique – Pendularité (PEND), Relevé structurel (RS)

Les données concernent les 180 villes de la publication ""Statistiques des villes suisses"", constituées de 173 villes statistiques et de 7 autres membres de l'Union des villes suisses: Appenzell, Arosa, La Neuveville, Moutier, Morat, Willisau et Worb."
DATAFLOW,CH1.SSV:DF_SSV_MOB_COM(2026.1.0),"Statistiques des villes suisses 2026, pendulaires selon le principal moyen de transport",I,5002,Bellinzona,4,20 000-49 999,pen_t,"Pendulaires, total",CI,Intervalle de confiance (+/-),6.05,,A,Valeur normale,2023,,28.04.2026,,28.04.2026,,,,POLG,Communes,06.04.2025,,DATASET_COMMENT,"Source: Office fédéral de la statistique – Pendularité (PEND), Relevé structurel (RS)

Les données concernent les 180 villes de la publication ""Statistiques des villes suisses"", constituées de 173 villes statistiques et de 7 autres membres de l'Union des villes suisses: Appenzell, Arosa, La Neuveville, Moutier, Morat, Willisau et Worb."
DATAFLOW,CH1.SSV:DF_SSV_MOB_COM(2026.1.0),"Statistiques des villes suisses 2026, pendulaires selon le principal moyen de transport",I,5254,Mendrisio,3,15 000-19 999,pen_tp,Transport public (TP),OBS,Valeur observée,1107,,A,Valeur normale,2023,,28.04.2026,,28.04.2026,,,,POLG,Communes,06.04.2025,,DATASET_COMMENT,"Source: Office fédéral de la statistique – Pendularité (PEND), Relevé structurel (RS)

Les données concernent les 180 villes de la publication ""Statistiques des villes suisses"", constituées de 173 villes statistiques et de 7 autres membres de l'Union des villes suisses: Appenzell, Arosa, La Neuveville, Moutier, Morat, Willisau et Worb."
DATAFLOW,CH1.SSV:DF_SSV_MOB_COM(2026.1.0),"Statistiques des villes suisses 2026, pendulaires selon le principal moyen de transport",I,5254,Mendrisio,3,15 000-19 999,pen_tim,Transport individuel motorisé (TIM),CI,Intervalle de confiance (+/-),14.16,,A,Valeur normale,2023,,28.04.2026,,28.04.2026,,,,POLG,Communes,06.04.2025,,DATASET_COMMENT,"Source: Office fédéral de la statistique – Pendularité (PEND), Relevé structurel (RS)

Les données concernent les 180 villes de la publication ""Statistiques des villes suisses"", constituées de 173 villes statistiques et de 7 autres membres de l'Union des villes suisses: Appenzell, Arosa, La Neuveville, Moutier, Morat, Willisau et Worb."
DATAFLOW,CH1.SSV:DF_SSV_MOB_COM(2026.1.0),"Statistiques des villes suisses 2026, pendulaires selon le principal moyen de transport",I,5401,Aigle,2,10 000-14 999,pen_tim,Transport individuel motorisé (TIM),OBS,Valeur observée,2222,,A,Valeur normale,2023,,28.04.2026,,28.04.2026,,,,POLG,Communes,06.04.2025,,DATASET_COMMENT,"Source: Office fédéral de la statistique – Pendularité (PEND), Relevé structurel (RS)

Les données concernent les 180 villes de la publication ""Statistiques des villes suisses"", constituées de 173 villes statistiques et de 7 autres membres de l'Union des villes suisses: Appenzell, Arosa, La Neuveville, Moutier, Morat, Willisau et Worb."
DATAFLOW,CH1.SSV:DF_SSV_MOB_COM(2026.1.0),"Statistiques des villes suisses 2026, pendulaires selon le principal moyen de transport",I,5886,Montreux,4,20 000-49 999,pen_t,"Pendulaires, total",CI,Intervalle de confiance (+/-),8.84,,A,Valeur normale,2023,,28.04.2026,,28.04.2026,,,,POLG,Communes,06.04.2025,,DATASET_COMMENT,"Source: Office fédéral de la statistique – Pendularité (PEND), Relevé structurel (RS)

Les données concernent les 180 villes de la publication ""Statistiques des villes suisses"", constituées de 173 villes statistiques et de 7 autres membres de l'Union des villes suisses: Appenzell, Arosa, La Neuveville, Moutier, Morat, Willisau et Worb."
DATAFLOW,CH1.SSV:DF_SSV_MOB_COM(2026.1.0),"Statistiques des villes suisses 2026, pendulaires selon le principal moyen de transport",I,5938,Yverdon-les-Bains,4,20 000-49 999,pen_t,"Pendulaires, total",OBS,Valeur observée,9947,,A,Valeur normale,2023,,28.04.2026,,28.04.2026,,,,POLG,Communes,06.04.2025,,DATASET_COMMENT,"Source: Office fédéral de la statistique – Pendularité (PEND), Relevé structurel (RS)

Les données concernent les 180 villes de la publication ""Statistiques des villes suisses"", constituées de 173 villes statistiques et de 7 autres membres de l'Union des villes suisses: Appenzell, Arosa, La Neuveville, Moutier, Morat, Willisau et Worb."
DATAFLOW,CH1.SSV:DF_SSV_MOB_COM(2026.1.0),"Statistiques des villes suisses 2026, pendulaires selon le principal moyen de transport",I,6248,Sierre,3,15 000-19 999,pen_tim,Transport individuel motorisé (TIM),OBS,Valeur observée,4779,,A,Valeur normale,2023,,28.04.2026,,28.04.2026,,,,POLG,Communes,06.04.2025,,DATASET_COMMENT,"Source: Office fédéral de la statistique – Pendularité (PEND), Relevé structurel (RS)

Les données concernent les 180 villes de la publication ""Statistiques des villes suisses"", constituées de 173 villes statistiques et de 7 autres membres de l'Union des villes suisses: Appenzell, Arosa, La Neuveville, Moutier, Morat, Willisau et Worb."
DATAFLOW,CH1.SSV:DF_SSV_MOB_COM(2026.1.0),"Statistiques des villes suisses 2026, pendulaires selon le principal moyen de transport",I,6297,Visp,1,moins de 10 000,pen_t,"Pendulaires, total",OBS,Valeur observée,3688,,A,Valeur normale,2023,,28.04.2026,,28.04.2026,,,,POLG,Communes,06.04.2025,,DATASET_COMMENT,"Source: Office fédéral de la statistique – Pendularité (PEND), Relevé structurel (RS)

Les données concernent les 180 villes de la publication ""Statistiques des villes suisses"", constituées de 173 villes statistiques et de 7 autres membres de l'Union des villes suisses: Appenzell, Arosa, La Neuveville, Moutier, Morat, Willisau et Worb."
DATAFLOW,CH1.SSV:DF_SSV_MOB_COM(2026.1.0),"Statistiques des villes suisses 2026, pendulaires selon le principal moyen de transport",I,6297,Visp,1,moins de 10 000,pen_tp,Transport public (TP),CI,Intervalle de confiance (+/-),42.47,,U,Faible fiabilité,2023,,28.04.2026,,28.04.2026,,,,POLG,Communes,06.04.2025,,DATASET_COMMENT,"Source: Office fédéral de la statistique – Pendularité (PEND), Relevé structurel (RS)

Les données concernent les 180 villes de la publication ""Statistiques des villes suisses"", constituées de 173 villes statistiques et de 7 autres membres de l'Union des villes suisses: Appenzell, Arosa, La Neuveville, Moutier, Morat, Willisau et Worb."
DATAFLOW,CH1.SSV:DF_SSV_MOB_COM(2026.1.0),"Statistiques des villes suisses 2026, pendulaires selon le principal moyen de transport",I,6300,Zermatt,1,moins de 10 000,pen_tim,Transport individuel motorisé (TIM),OBS,Valeur observée,,,Q,Valeur manquante; supprimée pour des raisons de confidentialité,2023,,28.04.2026,,28.04.2026,,,,POLG,Communes,06.04.2025,,DATASET_COMMENT,"Source: Office fédéral de la statistique – Pendularité (PEND), Relevé structurel (RS)

Les données concernent les 180 villes de la publication ""Statistiques des villes suisses"", constituées de 173 villes statistiques et de 7 autres membres de l'Union des villes suisses: Appenzell, Arosa, La Neuveville, Moutier, Morat, Willisau et Worb."
DATAFLOW,CH1.SSV:DF_SSV_MOB_COM(2026.1.0),"Statistiques des villes suisses 2026, pendulaires selon le principal moyen de transport",I,6421,La Chaux-de-Fonds,4,20 000-49 999,pen_tp,Transport public (TP),OBS,Valeur observée,3893,,A,Valeur normale,2023,,28.04.2026,,28.04.2026,,,,POLG,Communes,06.04.2025,,DATASET_COMMENT,"Source: Office fédéral de la statistique – Pendularité (PEND), Relevé structurel (RS)

Les données concernent les 180 villes de la publication ""Statistiques des villes suisses"", constituées de 173 villes statistiques et de 7 autres membres de l'Union des villes suisses: Appenzell, Arosa, La Neuveville, Moutier, Morat, Willisau et Worb."
DATAFLOW,CH1.SSV:DF_SSV_MOB_COM(2026.1.0),"Statistiques des villes suisses 2026, pendulaires selon le principal moyen de transport",I,6612,Chêne-Bougeries,2,10 000-14 999,pen_tim,Transport individuel motorisé (TIM),CI,Intervalle de confiance (+/-),22.64,,A,Valeur normale,2023,,28.04.2026,,28.04.2026,,,,POLG,Communes,06.04.2025,,DATASET_COMMENT,"Source: Office fédéral de la statistique – Pendularité (PEND), Relevé structurel (RS)

Les données concernent les 180 villes de la publication ""Statistiques des villes suisses"", constituées de 173 villes statistiques et de 7 autres membres de l'Union des villes suisses: Appenzell, Arosa, La Neuveville, Moutier, Morat, Willisau et Worb."
DATAFLOW,CH1.SSV:DF_SSV_MOB_COM(2026.1.0),"Statistiques des villes suisses 2026, pendulaires selon le principal moyen de transport",I,6623,Le Grand-Saconnex,2,10 000-14 999,pen_tim,Transport individuel motorisé (TIM),OBS,Valeur observée,1241,,A,Valeur normale,2023,,28.04.2026,,28.04.2026,,,,POLG,Communes,06.04.2025,,DATASET_COMMENT,"Source: Office fédéral de la statistique – Pendularité (PEND), Relevé structurel (RS)

Les données concernent les 180 villes de la publication ""Statistiques des villes suisses"", constituées de 173 villes statistiques et de 7 autres membres de l'Union des villes suisses: Appenzell, Arosa, La Neuveville, Moutier, Morat, Willisau et Worb."
DATAFLOW,CH1.SSV:DF_SSV_MOB_COM(2026.1.0),"Statistiques des villes suisses 2026, pendulaires selon le principal moyen de transport",I,6628,Lancy,4,20 000-49 999,pen_tim,Transport individuel motorisé (TIM),OBS,Valeur observée,3879,,A,Valeur normale,2023,,28.04.2026,,28.04.2026,,,,POLG,Communes,06.04.2025,,DATASET_COMMENT,"Source: Office fédéral de la statistique – Pendularité (PEND), Relevé structurel (RS)

Les données concernent les 180 villes de la publication ""Statistiques des villes suisses"", constituées de 173 villes statistiques et de 7 autres membres de l'Union des villes suisses: Appenzell, Arosa, La Neuveville, Moutier, Morat, Willisau et Worb."
DATAFLOW,CH1.SSV:DF_SSV_MOB_COM(2026.1.0),"Statistiques des villes suisses 2026, pendulaires selon le principal moyen de transport",I,_ST,Total des villes suisses,4,20 000-49 999,pen_tim,Transport individuel motorisé (TIM),OBS,Valeur observée,213720,,A,Valeur normale,2023,,28.04.2026,,28.04.2026,,,,POLG,Communes,06.04.2025,,DATASET_COMMENT,"Source: Office fédéral de la statistique – Pendularité (PEND), Relevé structurel (RS)

Les données concernent les 180 villes de la publication ""Statistiques des villes suisses"", constituées de 173 villes statistiques et de 7 autres membres de l'Union des villes suisses: Appenzell, Arosa, La Neuveville, Moutier, Morat, Willisau et Worb."
DATAFLOW,CH1.SSV:DF_SSV_MOB_COM(2026.1.0),"Statistiques des villes suisses 2026, pendulaires selon le principal moyen de transport",I,_ST,Total des villes suisses,5,50 000-99 999,pen_t,"Pendulaires, total",CI,Intervalle de confiance (+/-),2.88,,A,Valeur normale,2023,,28.04.2026,,28.04.2026,,,,POLG,Communes,06.04.2025,,DATASET_COMMENT,"Source: Office fédéral de la statistique – Pendularité (PEND), Relevé structurel (RS)

Les données concernent les 180 villes de la publication ""Statistiques des villes suisses"", constituées de 173 villes statistiques et de 7 autres membres de l'Union des villes suisses: Appenzell, Arosa, La Neuveville, Moutier, Morat, Willisau et Worb."
DATAFLOW,CH1.SSV:DF_SSV_MOB_COM(2026.1.0),"Statistiques des villes suisses 2026, pendulaires selon le principal moyen de transport",I,53,Bülach,4,20 000-49 999,pen_t,"Pendulaires, total",OBS,Valeur observée,9894,,A,Valeur normale,2023,,28.04.2026,,28.04.2026,,,,POLG,Communes,06.04.2025,,DATASET_COMMENT,"Source: Office fédéral de la statistique – Pendularité (PEND), Relevé structurel (RS)

Les données concernent les 180 villes de la publication ""Statistiques des villes suisses"", constituées de 173 villes statistiques et de 7 autres membres de l'Union des villes suisses: Appenzell, Arosa, La Neuveville, Moutier, Morat, Willisau et Worb."
DATAFLOW,CH1.SSV:DF_SSV_MOB_COM(2026.1.0),"Statistiques des villes suisses 2026, pendulaires selon le principal moyen de transport",I,53,Bülach,4,20 000-49 999,pen_tp,Transport public (TP),CI,Intervalle de confiance (+/-),20.68,,A,Valeur normale,2023,,28.04.2026,,28.04.2026,,,,POLG,Communes,06.04.2025,,DATASET_COMMENT,"Source: Office fédéral de la statistique – Pendularité (PEND), Relevé structurel (RS)

Les données concernent les 180 villes de la publication ""Statistiques des villes suisses"", constituées de 173 villes statistiques et de 7 autres membres de l'Union des villes suisses: Appenzell, Arosa, La Neuveville, Moutier, Morat, Willisau et Worb."
DATAFLOW,CH1.SSV:DF_SSV_MOB_COM(2026.1.0),"Statistiques des villes suisses 2026, pendulaires selon le principal moyen de transport",I,66,Opfikon,4,20 000-49 999,pen_tp,Transport public (TP),OBS,Valeur observée,5911,,A,Valeur normale,2023,,28.04.2026,,28.04.2026,,,,POLG,Communes,06.04.2025,,DATASET_COMMENT,"Source: Office fédéral de la statistique – Pendularité (PEND), Relevé structurel (RS)

Les données concernent les 180 villes de la publication ""Statistiques des villes suisses"", constituées de 173 villes statistiques et de 7 autres membres de l'Union des villes suisses: Appenzell, Arosa, La Neuveville, Moutier, Morat, Willisau et Worb."
DATAFLOW,CH1.SSV:DF_SSV_MOB_COM(2026.1.0),"Statistiques des villes suisses 2026, pendulaires selon le principal moyen de transport",I,155,Männedorf,2,10 000-14 999,pen_tp,Transport public (TP),OBS,Valeur observée,2084,,A,Valeur normale,2023,,28.04.2026,,28.04.2026,,,,POLG,Communes,06.04.2025,,DATASET_COMMENT,"Source: Office fédéral de la statistique – Pendularité (PEND), Relevé structurel (RS)

Les données concernent les 180 villes de la publication ""Statistiques des villes suisses"", constituées de 173 villes statistiques et de 7 autres membres de l'Union des villes suisses: Appenzell, Arosa, La Neuveville, Moutier, Morat, Willisau et Worb."
DATAFLOW,CH1.SSV:DF_SSV_MOB_COM(2026.1.0),"Statistiques des villes suisses 2026, pendulaires selon le principal moyen de transport",I,158,Stäfa,3,15 000-19 999,pen_tim,Transport individuel motorisé (TIM),CI,Intervalle de confiance (+/-),22.69,,A,Valeur normale,2023,,28.04.2026,,28.04.2026,,,,POLG,Communes,06.04.2025,,DATASET_COMMENT,"Source: Office fédéral de la statistique – Pendularité (PEND), Relevé structurel (RS)

Les données concernent les 180 villes de la publication ""Statistiques des villes suisses"", constituées de 173 villes statistiques et de 7 autres membres de l'Union des villes suisses: Appenzell, Arosa, La Neuveville, Moutier, Morat, Willisau et Worb."
DATAFLOW,CH1.SSV:DF_SSV_MOB_COM(2026.1.0),"Statistiques des villes suisses 2026, pendulaires selon le principal moyen de transport",I,198,Uster,4,20 000-49 999,pen_tim,Transport individuel motorisé (TIM),OBS,Valeur observée,6165,,A,Valeur normale,2023,,28.04.2026,,28.04.2026,,,,POLG,Communes,06.04.2025,,DATASET_COMMENT,"Source: Office fédéral de la statistique – Pendularité (PEND), Relevé structurel (RS)

Les données concernent les 180 villes de la publication ""Statistiques des villes suisses"", constituées de 173 villes statistiques et de 7 autres membres de l'Union des villes suisses: Appenzell, Arosa, La Neuveville, Moutier, Morat, Willisau et Worb."
DATAFLOW,CH1.SSV:DF_SSV_MOB_COM(2026.1.0),"Statistiques des villes suisses 2026, pendulaires selon le principal moyen de transport",I,250,Urdorf,2,10 000-14 999,pen_t,"Pendulaires, total",CI,Intervalle de confiance (+/-),18.53,,A,Valeur normale,2023,,28.04.2026,,28.04.2026,,,,POLG,Communes,06.04.2025,,DATASET_COMMENT,"Source: Office fédéral de la statistique – Pendularité (PEND), Relevé structurel (RS)

Les données concernent les 180 villes de la publication ""Statistiques des villes suisses"", constituées de 173 villes statistiques et de 7 autres membres de l'Union des villes suisses: Appenzell, Arosa, La Neuveville, Moutier, Morat, Willisau et Worb."
DATAFLOW,CH1.SSV:DF_SSV_MOB_COM(2026.1.0),"Statistiques des villes suisses 2026, pendulaires selon le principal moyen de transport",I,329,Langenthal,3,15 000-19 999,pen_tp,Transport public (TP),OBS,Valeur observée,1665,,U,Faible fiabilité,2023,,28.04.2026,,28.04.2026,,,,POLG,Communes,06.04.2025,,DATASET_COMMENT,"Source: Office fédéral de la statistique – Pendularité (PEND), Relevé structurel (RS)

Les données concernent les 180 villes de la publication ""Statistiques des villes suisses"", constituées de 173 villes statistiques et de 7 autres membres de l'Union des villes suisses: Appenzell, Arosa, La Neuveville, Moutier, Morat, Willisau et Worb."
DATAFLOW,CH1.SSV:DF_SSV_MOB_COM(2026.1.0),"Statistiques des villes suisses 2026, pendulaires selon le principal moyen de transport",I,355,Köniz,4,20 000-49 999,pen_tim,Transport individuel motorisé (TIM),OBS,Valeur observée,5370,,A,Valeur normale,2023,,28.04.2026,,28.04.2026,,,,POLG,Communes,06.04.2025,,DATASET_COMMENT,"Source: Office fédéral de la statistique – Pendularité (PEND), Relevé structurel (RS)

Les données concernent les 180 villes de la publication ""Statistiques des villes suisses"", constituées de 173 villes statistiques et de 7 autres membres de l'Union des villes suisses: Appenzell, Arosa, La Neuveville, Moutier, Morat, Willisau et Worb."
DATAFLOW,CH1.SSV:DF_SSV_MOB_COM(2026.1.0),"Statistiques des villes suisses 2026, pendulaires selon le principal moyen de transport",I,404,Burgdorf,3,15 000-19 999,pen_tim,Transport individuel motorisé (TIM),OBS,Valeur observée,2541,,A,Valeur normale,2023,,28.04.2026,,28.04.2026,,,,POLG,Communes,06.04.2025,,DATASET_COMMENT,"Source: Office fédéral de la statistique – Pendularité (PEND), Relevé structurel (RS)

Les données concernent les 180 villes de la publication ""Statistiques des villes suisses"", constituées de 173 villes statistiques et de 7 autres membres de l'Union des villes suisses: Appenzell, Arosa, La Neuveville, Moutier, Morat, Willisau et Worb."
DATAFLOW,CH1.SSV:DF_SSV_MOB_COM(2026.1.0),"Statistiques des villes suisses 2026, pendulaires selon le principal moyen de transport",I,616,Münsingen,2,10 000-14 999,pen_t,"Pendulaires, total",OBS,Valeur observée,5430,,A,Valeur normale,2023,,28.04.2026,,28.04.2026,,,,POLG,Communes,06.04.2025,,DATASET_COMMENT,"Source: Office fédéral de la statistique – Pendularité (PEND), Relevé structurel (RS)

Les données concernent les 180 villes de la publication ""Statistiques des villes suisses"", constituées de 173 villes statistiques et de 7 autres membres de l'Union des villes suisses: Appenzell, Arosa, La Neuveville, Moutier, Morat, Willisau et Worb."
DATAFLOW,CH1.SSV:DF_SSV_MOB_COM(2026.1.0),"Statistiques des villes suisses 2026, pendulaires selon le principal moyen de transport",I,616,Münsingen,2,10 000-14 999,pen_tp,Transport public (TP),CI,Intervalle de confiance (+/-),23.68,,A,Valeur normale,2023,,28.04.2026,,28.04.2026,,,,POLG,Communes,06.04.2025,,DATASET_COMMENT,"Source: Office fédéral de la statistique – Pendularité (PEND), Relevé structurel (RS)

Les données concernent les 180 villes de la publication ""Statistiques des villes suisses"", constituées de 173 villes statistiques et de 7 autres membres de l'Union des villes suisses: Appenzell, Arosa, La Neuveville, Moutier, Morat, Willisau et Worb."
DATAFLOW,CH1.SSV:DF_SSV_MOB_COM(2026.1.0),"Statistiques des villes suisses 2026, pendulaires selon le principal moyen de transport",I,700,Moutier,1,moins de 10 000,pen_t,"Pendulaires, total",CI,Intervalle de confiance (+/-),22.27,,A,Valeur normale,2023,,28.04.2026,,28.04.2026,,,,POLG,Communes,06.04.2025,,DATASET_COMMENT,"Source: Office fédéral de la statistique – Pendularité (PEND), Relevé structurel (RS)

Les données concernent les 180 villes de la publication ""Statistiques des villes suisses"", constituées de 173 villes statistiques et de 7 autres membres de l'Union des villes suisses: Appenzell, Arosa, La Neuveville, Moutier, Morat, Willisau et Worb."
DATAFLOW,CH1.SSV:DF_SSV_MOB_COM(2026.1.0),"Statistiques des villes suisses 2026, pendulaires selon le principal moyen de transport",I,861,Belp,2,10 000-14 999,pen_tim,Transport individuel motorisé (TIM),CI,Intervalle de confiance (+/-),25.51,,A,Valeur normale,2023,,28.04.2026,,28.04.2026,,,,POLG,Communes,06.04.2025,,DATASET_COMMENT,"Source: Office fédéral de la statistique – Pendularité (PEND), Relevé structurel (RS)

Les données concernent les 180 villes de la publication ""Statistiques des villes suisses"", constituées de 173 villes statistiques et de 7 autres membres de l'Union des villes suisses: Appenzell, Arosa, La Neuveville, Moutier, Morat, Willisau et Worb."
DATAFLOW,CH1.SSV:DF_SSV_MOB_COM(2026.1.0),"Statistiques des villes suisses 2026, pendulaires selon le principal moyen de transport",I,939,Steffisburg,3,15 000-19 999,pen_tim,Transport individuel motorisé (TIM),OBS,Valeur observée,4339,,A,Valeur normale,2023,,28.04.2026,,28.04.2026,,,,POLG,Communes,06.04.2025,,DATASET_COMMENT,"Source: Office fédéral de la statistique – Pendularité (PEND), Relevé structurel (RS)

Les données concernent les 180 villes de la publication ""Statistiques des villes suisses"", constituées de 173 villes statistiques et de 7 autres membres de l'Union des villes suisses: Appenzell, Arosa, La Neuveville, Moutier, Morat, Willisau et Worb."
DATAFLOW,CH1.SSV:DF_SSV_MOB_COM(2026.1.0),"Statistiques des villes suisses 2026, pendulaires selon le principal moyen de transport",I,942,Thun,4,20 000-49 999,pen_tim,Transport individuel motorisé (TIM),CI,Intervalle de confiance (+/-),12.65,,A,Valeur normale,2023,,28.04.2026,,28.04.2026,,,,POLG,Communes,06.04.2025,,DATASET_COMMENT,"Source: Office fédéral de la statistique – Pendularité (PEND), Relevé structurel (RS)

Les données concernent les 180 villes de la publication ""Statistiques des villes suisses"", constituées de 173 villes statistiques et de 7 autres membres de l'Union des villes suisses: Appenzell, Arosa, La Neuveville, Moutier, Morat, Willisau et Worb."
DATAFLOW,CH1.SSV:DF_SSV_MOB_COM(2026.1.0),"Statistiques des villes suisses 2026, pendulaires selon le principal moyen de transport",I,1058,Horw,3,15 000-19 999,pen_tp,Transport public (TP),CI,Intervalle de confiance (+/-),21.21,,A,Valeur normale,2023,,28.04.2026,,28.04.2026,,,,POLG,Communes,06.04.2025,,DATASET_COMMENT,"Source: Office fédéral de la statistique – Pendularité (PEND), Relevé structurel (RS)

Les données concernent les 180 villes de la publication ""Statistiques des villes suisses"", constituées de 173 villes statistiques et de 7 autres membres de l'Union des villes suisses: Appenzell, Arosa, La Neuveville, Moutier, Morat, Willisau et Worb."
DATAFLOW,CH1.SSV:DF_SSV_MOB_COM(2026.1.0),"Statistiques des villes suisses 2026, pendulaires selon le principal moyen de transport",I,1201,Altdorf (UR),2,10 000-14 999,pen_tp,Transport public (TP),OBS,Valeur observée,610,,U,Faible fiabilité,2023,,28.04.2026,,28.04.2026,,,,POLG,Communes,06.04.2025,,DATASET_COMMENT,"Source: Office fédéral de la statistique – Pendularité (PEND), Relevé structurel (RS)

Les données concernent les 180 villes de la publication ""Statistiques des villes suisses"", constituées de 173 villes statistiques et de 7 autres membres de l'Union des villes suisses: Appenzell, Arosa, La Neuveville, Moutier, Morat, Willisau et Worb."
DATAFLOW,CH1.SSV:DF_SSV_MOB_COM(2026.1.0),"Statistiques des villes suisses 2026, pendulaires selon le principal moyen de transport",I,1344,Lachen,1,moins de 10 000,pen_tim,Transport individuel motorisé (TIM),CI,Intervalle de confiance (+/-),26.23,,A,Valeur normale,2023,,28.04.2026,,28.04.2026,,,,POLG,Communes,06.04.2025,,DATASET_COMMENT,"Source: Office fédéral de la statistique – Pendularité (PEND), Relevé structurel (RS)

Les données concernent les 180 villes de la publication ""Statistiques des villes suisses"", constituées de 173 villes statistiques et de 7 autres membres de l'Union des villes suisses: Appenzell, Arosa, La Neuveville, Moutier, Morat, Willisau et Worb."
DATAFLOW,CH1.SSV:DF_SSV_MOB_COM(2026.1.0),"Statistiques des villes suisses 2026, pendulaires selon le principal moyen de transport",I,1372,Schwyz,3,15 000-19 999,pen_t,"Pendulaires, total",OBS,Valeur observée,6857,,A,Valeur normale,2023,,28.04.2026,,28.04.2026,,,,POLG,Communes,06.04.2025,,DATASET_COMMENT,"Source: Office fédéral de la statistique – Pendularité (PEND), Relevé structurel (RS)

Les données concernent les 180 villes de la publication ""Statistiques des villes suisses"", constituées de 173 villes statistiques et de 7 autres membres de l'Union des villes suisses: Appenzell, Arosa, La Neuveville, Moutier, Morat, Willisau et Worb."
DATAFLOW,CH1.SSV:DF_SSV_MOB_COM(2026.1.0),"Statistiques des villes suisses 2026, pendulaires selon le principal moyen de transport",I,1372,Schwyz,3,15 000-19 999,pen_tp,Transport public (TP),CI,Intervalle de confiance (+/-),39.56,,U,Faible fiabilité,2023,,28.04.2026,,28.04.2026,,,,POLG,Communes,06.04.2025,,DATASET_COMMENT,"Source: Office fédéral de la statistique – Pendularité (PEND), Relevé structurel (RS)

Les données concernent les 180 villes de la publication ""Statistiques des villes suisses"", constituées de 173 villes statistiques et de 7 autres membres de l'Union des villes suisses: Appenzell, Arosa, La Neuveville, Moutier, Morat, Willisau et Worb."
DATAFLOW,CH1.SSV:DF_SSV_MOB_COM(2026.1.0),"Statistiques des villes suisses 2026, pendulaires selon le principal moyen de transport",I,1407,Sarnen,2,10 000-14 999,pen_t,"Pendulaires, total",CI,Intervalle de confiance (+/-),15.54,,A,Valeur normale,2023,,28.04.2026,,28.04.2026,,,,POLG,Communes,06.04.2025,,DATASET_COMMENT,"Source: Office fédéral de la statistique – Pendularité (PEND), Relevé structurel (RS)

Les données concernent les 180 villes de la publication ""Statistiques des villes suisses"", constituées de 173 villes statistiques et de 7 autres membres de l'Union des villes suisses: Appenzell, Arosa, La Neuveville, Moutier, Morat, Willisau et Worb."
DATAFLOW,CH1.SSV:DF_SSV_MOB_COM(2026.1.0),"Statistiques des villes suisses 2026, pendulaires selon le principal moyen de transport",I,1509,Stans,1,moins de 10 000,pen_t,"Pendulaires, total",CI,Intervalle de confiance (+/-),17.76,,A,Valeur normale,2023,,28.04.2026,,28.04.2026,,,,POLG,Communes,06.04.2025,,DATASET_COMMENT,"Source: Office fédéral de la statistique – Pendularité (PEND), Relevé structurel (RS)

Les données concernent les 180 villes de la publication ""Statistiques des villes suisses"", constituées de 173 villes statistiques et de 7 autres membres de l'Union des villes suisses: Appenzell, Arosa, La Neuveville, Moutier, Morat, Willisau et Worb."
DATAFLOW,CH1.SSV:DF_SSV_MOB_COM(2026.1.0),"Statistiques des villes suisses 2026, pendulaires selon le principal moyen de transport",I,1632,Glarus,2,10 000-14 999,pen_tp,Transport public (TP),CI,Intervalle de confiance (+/-),40.85,,U,Faible fiabilité,2023,,28.04.2026,,28.04.2026,,,,POLG,Communes,06.04.2025,,DATASET_COMMENT,"Source: Office fédéral de la statistique – Pendularité (PEND), Relevé structurel (RS)

Les données concernent les 180 villes de la publication ""Statistiques des villes suisses"", constituées de 173 villes statistiques et de 7 autres membres de l'Union des villes suisses: Appenzell, Arosa, La Neuveville, Moutier, Morat, Willisau et Worb."
DATAFLOW,CH1.SSV:DF_SSV_MOB_COM(2026.1.0),"Statistiques des villes suisses 2026, pendulaires selon le principal moyen de transport",I,2228,Villars-sur-Glâne,2,10 000-14 999,pen_t,"Pendulaires, total",CI,Intervalle de confiance (+/-),16.59,,A,Valeur normale,2023,,28.04.2026,,28.04.2026,,,,POLG,Communes,06.04.2025,,DATASET_COMMENT,"Source: Office fédéral de la statistique – Pendularité (PEND), Relevé structurel (RS)

Les données concernent les 180 villes de la publication ""Statistiques des villes suisses"", constituées de 173 villes statistiques et de 7 autres membres de l'Union des villes suisses: Appenzell, Arosa, La Neuveville, Moutier, Morat, Willisau et Worb."
DATAFLOW,CH1.SSV:DF_SSV_MOB_COM(2026.1.0),"Statistiques des villes suisses 2026, pendulaires selon le principal moyen de transport",I,2275,Murten,1,moins de 10 000,pen_tim,Transport individuel motorisé (TIM),OBS,Valeur observée,2606,,A,Valeur normale,2023,,28.04.2026,,28.04.2026,,,,POLG,Communes,06.04.2025,,DATASET_COMMENT,"Source: Office fédéral de la statistique – Pendularité (PEND), Relevé structurel (RS)

Les données concernent les 180 villes de la publication ""Statistiques des villes suisses"", constituées de 173 villes statistiques et de 7 autres membres de l'Union des villes suisses: Appenzell, Arosa, La Neuveville, Moutier, Morat, Willisau et Worb."
DATAFLOW,CH1.SSV:DF_SSV_MOB_COM(2026.1.0),"Statistiques des villes suisses 2026, pendulaires selon le principal moyen de transport",I,2534,Zuchwil,1,moins de 10 000,pen_t,"Pendulaires, total",CI,Intervalle de confiance (+/-),17.79,,A,Valeur normale,2023,,28.04.2026,,28.04.2026,,,,POLG,Communes,06.04.2025,,DATASET_COMMENT,"Source: Office fédéral de la statistique – Pendularité (PEND), Relevé structurel (RS)

Les données concernent les 180 villes de la publication ""Statistiques des villes suisses"", constituées de 173 villes statistiques et de 7 autres membres de l'Union des villes suisses: Appenzell, Arosa, La Neuveville, Moutier, Morat, Willisau et Worb."
DATAFLOW,CH1.SSV:DF_SSV_MOB_COM(2026.1.0),"Statistiques des villes suisses 2026, pendulaires selon le principal moyen de transport",I,2546,Grenchen,3,15 000-19 999,pen_tim,Transport individuel motorisé (TIM),CI,Intervalle de confiance (+/-),18.08,,A,Valeur normale,2023,,28.04.2026,,28.04.2026,,,,POLG,Communes,06.04.2025,,DATASET_COMMENT,"Source: Office fédéral de la statistique – Pendularité (PEND), Relevé structurel (RS)

Les données concernent les 180 villes de la publication ""Statistiques des villes suisses"", constituées de 173 villes statistiques et de 7 autres membres de l'Union des villes suisses: Appenzell, Arosa, La Neuveville, Moutier, Morat, Willisau et Worb."
DATAFLOW,CH1.SSV:DF_SSV_MOB_COM(2026.1.0),"Statistiques des villes suisses 2026, pendulaires selon le principal moyen de transport",I,2601,Solothurn,3,15 000-19 999,pen_tim,Transport individuel motorisé (TIM),OBS,Valeur observée,2978,,A,Valeur normale,2023,,28.04.2026,,28.04.2026,,,,POLG,Communes,06.04.2025,,DATASET_COMMENT,"Source: Office fédéral de la statistique – Pendularité (PEND), Relevé structurel (RS)

Les données concernent les 180 villes de la publication ""Statistiques des villes suisses"", constituées de 173 villes statistiques et de 7 autres membres de l'Union des villes suisses: Appenzell, Arosa, La Neuveville, Moutier, Morat, Willisau et Worb."
DATAFLOW,CH1.SSV:DF_SSV_MOB_COM(2026.1.0),"Statistiques des villes suisses 2026, pendulaires selon le principal moyen de transport",I,2701,Basel,6,100 000 et plus,pen_t,"Pendulaires, total",OBS,Valeur observée,70040,,A,Valeur normale,2023,,28.04.2026,,28.04.2026,,,,POLG,Communes,06.04.2025,,DATASET_COMMENT,"Source: Office fédéral de la statistique – Pendularité (PEND), Relevé structurel (RS)

Les données concernent les 180 villes de la publication ""Statistiques des villes suisses"", constituées de 173 villes statistiques et de 7 autres membres de l'Union des villes suisses: Appenzell, Arosa, La Neuveville, Moutier, Morat, Willisau et Worb."
DATAFLOW,CH1.SSV:DF_SSV_MOB_COM(2026.1.0),"Statistiques des villes suisses 2026, pendulaires selon le principal moyen de transport",I,2762,Allschwil,4,20 000-49 999,pen_t,"Pendulaires, total",CI,Intervalle de confiance (+/-),12.38,,A,Valeur normale,2023,,28.04.2026,,28.04.2026,,,,POLG,Communes,06.04.2025,,DATASET_COMMENT,"Source: Office fédéral de la statistique – Pendularité (PEND), Relevé structurel (RS)

Les données concernent les 180 villes de la publication ""Statistiques des villes suisses"", constituées de 173 villes statistiques et de 7 autres membres de l'Union des villes suisses: Appenzell, Arosa, La Neuveville, Moutier, Morat, Willisau et Worb."
DATAFLOW,CH1.SSV:DF_SSV_MOB_COM(2026.1.0),"Statistiques des villes suisses 2026, pendulaires selon le principal moyen de transport",I,2763,Arlesheim,1,moins de 10 000,pen_tim,Transport individuel motorisé (TIM),CI,Intervalle de confiance (+/-),32.34,,U,Faible fiabilité,2023,,28.04.2026,,28.04.2026,,,,POLG,Communes,06.04.2025,,DATASET_COMMENT,"Source: Office fédéral de la statistique – Pendularité (PEND), Relevé structurel (RS)

Les données concernent les 180 villes de la publication ""Statistiques des villes suisses"", constituées de 173 villes statistiques et de 7 autres membres de l'Union des villes suisses: Appenzell, Arosa, La Neuveville, Moutier, Morat, Willisau et Worb."
DATAFLOW,CH1.SSV:DF_SSV_MOB_COM(2026.1.0),"Statistiques des villes suisses 2026, pendulaires selon le principal moyen de transport",I,2770,Muttenz,3,15 000-19 999,pen_tp,Transport public (TP),OBS,Valeur observée,2906,,A,Valeur normale,2023,,28.04.2026,,28.04.2026,,,,POLG,Communes,06.04.2025,,DATASET_COMMENT,"Source: Office fédéral de la statistique – Pendularité (PEND), Relevé structurel (RS)

Les données concernent les 180 villes de la publication ""Statistiques des villes suisses"", constituées de 173 villes statistiques et de 7 autres membres de l'Union des villes suisses: Appenzell, Arosa, La Neuveville, Moutier, Morat, Willisau et Worb."
DATAFLOW,CH1.SSV:DF_SSV_MOB_COM(2026.1.0),"Statistiques des villes suisses 2026, pendulaires selon le principal moyen de transport",I,2937,Neuhausen am Rheinfall,2,10 000-14 999,pen_t,"Pendulaires, total",CI,Intervalle de confiance (+/-),17.47,,A,Valeur normale,2023,,28.04.2026,,28.04.2026,,,,POLG,Communes,06.04.2025,,DATASET_COMMENT,"Source: Office fédéral de la statistique – Pendularité (PEND), Relevé structurel (RS)

Les données concernent les 180 villes de la publication ""Statistiques des villes suisses"", constituées de 173 villes statistiques et de 7 autres membres de l'Union des villes suisses: Appenzell, Arosa, La Neuveville, Moutier, Morat, Willisau et Worb."
DATAFLOW,CH1.SSV:DF_SSV_MOB_COM(2026.1.0),"Statistiques des villes suisses 2026, pendulaires selon le principal moyen de transport",I,3271,Buchs (SG),2,10 000-14 999,pen_tim,Transport individuel motorisé (TIM),CI,Intervalle de confiance (+/-),18.06,,A,Valeur normale,2023,,28.04.2026,,28.04.2026,,,,POLG,Communes,06.04.2025,,DATASET_COMMENT,"Source: Office fédéral de la statistique – Pendularité (PEND), Relevé structurel (RS)

Les données concernent les 180 villes de la publication ""Statistiques des villes suisses"", constituées de 173 villes statistiques et de 7 autres membres de l'Union des villes suisses: Appenzell, Arosa, La Neuveville, Moutier, Morat, Willisau et Worb."
DATAFLOW,CH1.SSV:DF_SSV_MOB_COM(2026.1.0),"Statistiques des villes suisses 2026, pendulaires selon le principal moyen de transport",I,3340,Rapperswil-Jona,4,20 000-49 999,pen_tim,Transport individuel motorisé (TIM),OBS,Valeur observée,5564,,A,Valeur normale,2023,,28.04.2026,,28.04.2026,,,,POLG,Communes,06.04.2025,,DATASET_COMMENT,"Source: Office fédéral de la statistique – Pendularité (PEND), Relevé structurel (RS)

Les données concernent les 180 villes de la publication ""Statistiques des villes suisses"", constituées de 173 villes statistiques et de 7 autres membres de l'Union des villes suisses: Appenzell, Arosa, La Neuveville, Moutier, Morat, Willisau et Worb."
DATAFLOW,CH1.SSV:DF_SSV_MOB_COM(2026.1.0),"Statistiques des villes suisses 2026, pendulaires selon le principal moyen de transport",I,3402,Flawil,2,10 000-14 999,pen_t,"Pendulaires, total",OBS,Valeur observée,4334,,A,Valeur normale,2023,,28.04.2026,,28.04.2026,,,,POLG,Communes,06.04.2025,,DATASET_COMMENT,"Source: Office fédéral de la statistique – Pendularité (PEND), Relevé structurel (RS)

Les données concernent les 180 villes de la publication ""Statistiques des villes suisses"", constituées de 173 villes statistiques et de 7 autres membres de l'Union des villes suisses: Appenzell, Arosa, La Neuveville, Moutier, Morat, Willisau et Worb."
DATAFLOW,CH1.SSV:DF_SSV_MOB_COM(2026.1.0),"Statistiques des villes suisses 2026, pendulaires selon le principal moyen de transport",I,3408,Uzwil,2,10 000-14 999,pen_t,"Pendulaires, total",OBS,Valeur observée,5792,,A,Valeur normale,2023,,28.04.2026,,28.04.2026,,,,POLG,Communes,06.04.2025,,DATASET_COMMENT,"Source: Office fédéral de la statistique – Pendularité (PEND), Relevé structurel (RS)

Les données concernent les 180 villes de la publication ""Statistiques des villes suisses"", constituées de 173 villes statistiques et de 7 autres membres de l'Union des villes suisses: Appenzell, Arosa, La Neuveville, Moutier, Morat, Willisau et Worb."
DATAFLOW,CH1.SSV:DF_SSV_MOB_COM(2026.1.0),"Statistiques des villes suisses 2026, pendulaires selon le principal moyen de transport",I,3408,Uzwil,2,10 000-14 999,pen_tp,Transport public (TP),CI,Intervalle de confiance (+/-),33.83,,U,Faible fiabilité,2023,,28.04.2026,,28.04.2026,,,,POLG,Communes,06.04.2025,,DATASET_COMMENT,"Source: Office fédéral de la statistique – Pendularité (PEND), Relevé structurel (RS)

Les données concernent les 180 villes de la publication ""Statistiques des villes suisses"", constituées de 173 villes statistiques et de 7 autres membres de l'Union des villes suisses: Appenzell, Arosa, La Neuveville, Moutier, Morat, Willisau et Worb."
DATAFLOW,CH1.SSV:DF_SSV_MOB_COM(2026.1.0),"Statistiques des villes suisses 2026, pendulaires selon le principal moyen de transport",I,3443,Gossau (SG),3,15 000-19 999,pen_t,"Pendulaires, total",OBS,Valeur observée,8149,,A,Valeur normale,2023,,28.04.2026,,28.04.2026,,,,POLG,Communes,06.04.2025,,DATASET_COMMENT,"Source: Office fédéral de la statistique – Pendularité (PEND), Relevé structurel (RS)

Les données concernent les 180 villes de la publication ""Statistiques des villes suisses"", constituées de 173 villes statistiques et de 7 autres membres de l'Union des villes suisses: Appenzell, Arosa, La Neuveville, Moutier, Morat, Willisau et Worb."
DATAFLOW,CH1.SSV:DF_SSV_MOB_COM(2026.1.0),"Statistiques des villes suisses 2026, pendulaires selon le principal moyen de transport",I,3955,Landquart,1,moins de 10 000,pen_tim,Transport individuel motorisé (TIM),OBS,Valeur observée,2058,,A,Valeur normale,2023,,28.04.2026,,28.04.2026,,,,POLG,Communes,06.04.2025,,DATASET_COMMENT,"Source: Office fédéral de la statistique – Pendularité (PEND), Relevé structurel (RS)

Les données concernent les 180 villes de la publication ""Statistiques des villes suisses"", constituées de 173 villes statistiques et de 7 autres membres de l'Union des villes suisses: Appenzell, Arosa, La Neuveville, Moutier, Morat, Willisau et Worb."
DATAFLOW,CH1.SSV:DF_SSV_MOB_COM(2026.1.0),"Statistiques des villes suisses 2026, pendulaires selon le principal moyen de transport",I,4001,Aarau,4,20 000-49 999,pen_t,"Pendulaires, total",OBS,Valeur observée,10184,,A,Valeur normale,2023,,28.04.2026,,28.04.2026,,,,POLG,Communes,06.04.2025,,DATASET_COMMENT,"Source: Office fédéral de la statistique – Pendularité (PEND), Relevé structurel (RS)

Les données concernent les 180 villes de la publication ""Statistiques des villes suisses"", constituées de 173 villes statistiques et de 7 autres membres de l'Union des villes suisses: Appenzell, Arosa, La Neuveville, Moutier, Morat, Willisau et Worb."
DATAFLOW,CH1.SSV:DF_SSV_MOB_COM(2026.1.0),"Statistiques des villes suisses 2026, pendulaires selon le principal moyen de transport",I,4001,Aarau,4,20 000-49 999,pen_tp,Transport public (TP),CI,Intervalle de confiance (+/-),12.81,,A,Valeur normale,2023,,28.04.2026,,28.04.2026,,,,POLG,Communes,06.04.2025,,DATASET_COMMENT,"Source: Office fédéral de la statistique – Pendularité (PEND), Relevé structurel (RS)

Les données concernent les 180 villes de la publication ""Statistiques des villes suisses"", constituées de 173 villes statistiques et de 7 autres membres de l'Union des villes suisses: Appenzell, Arosa, La Neuveville, Moutier, Morat, Willisau et Worb."
DATAFLOW,CH1.SSV:DF_SSV_MOB_COM(2026.1.0),"Statistiques des villes suisses 2026, pendulaires selon le principal moyen de transport",I,4012,Suhr,2,10 000-14 999,pen_t,"Pendulaires, total",OBS,Valeur observée,4939,,A,Valeur normale,2023,,28.04.2026,,28.04.2026,,,,POLG,Communes,06.04.2025,,DATASET_COMMENT,"Source: Office fédéral de la statistique – Pendularité (PEND), Relevé structurel (RS)

Les données concernent les 180 villes de la publication ""Statistiques des villes suisses"", constituées de 173 villes statistiques et de 7 autres membres de l'Union des villes suisses: Appenzell, Arosa, La Neuveville, Moutier, Morat, Willisau et Worb."
DATAFLOW,CH1.SSV:DF_SSV_MOB_COM(2026.1.0),"Statistiques des villes suisses 2026, pendulaires selon le principal moyen de transport",I,4012,Suhr,2,10 000-14 999,pen_tp,Transport public (TP),CI,Intervalle de confiance (+/-),22.61,,A,Valeur normale,2023,,28.04.2026,,28.04.2026,,,,POLG,Communes,06.04.2025,,DATASET_COMMENT,"Source: Office fédéral de la statistique – Pendularité (PEND), Relevé structurel (RS)

Les données concernent les 180 villes de la publication ""Statistiques des villes suisses"", constituées de 173 villes statistiques et de 7 autres membres de l'Union des villes suisses: Appenzell, Arosa, La Neuveville, Moutier, Morat, Willisau et Worb."
DATAFLOW,CH1.SSV:DF_SSV_MOB_COM(2026.1.0),"Statistiques des villes suisses 2026, pendulaires selon le principal moyen de transport",I,4021,Baden,4,20 000-49 999,pen_tp,Transport public (TP),OBS,Valeur observée,4684,,A,Valeur normale,2023,,28.04.2026,,28.04.2026,,,,POLG,Communes,06.04.2025,,DATASET_COMMENT,"Source: Office fédéral de la statistique – Pendularité (PEND), Relevé structurel (RS)

Les données concernent les 180 villes de la publication ""Statistiques des villes suisses"", constituées de 173 villes statistiques et de 7 autres membres de l'Union des villes suisses: Appenzell, Arosa, La Neuveville, Moutier, Morat, Willisau et Worb."
DATAFLOW,CH1.SSV:DF_SSV_MOB_COM(2026.1.0),"Statistiques des villes suisses 2026, pendulaires selon le principal moyen de transport",I,4021,Baden,4,20 000-49 999,pen_tim,Transport individuel motorisé (TIM),CI,Intervalle de confiance (+/-),14.8,,A,Valeur normale,2023,,28.04.2026,,28.04.2026,,,,POLG,Communes,06.04.2025,,DATASET_COMMENT,"Source: Office fédéral de la statistique – Pendularité (PEND), Relevé structurel (RS)

Les données concernent les 180 villes de la publication ""Statistiques des villes suisses"", constituées de 173 villes statistiques et de 7 autres membres de l'Union des villes suisses: Appenzell, Arosa, La Neuveville, Moutier, Morat, Willisau et Worb."
DATAFLOW,CH1.SSV:DF_SSV_MOB_COM(2026.1.0),"Statistiques des villes suisses 2026, pendulaires selon le principal moyen de transport",I,4254,Möhlin,2,10 000-14 999,pen_t,"Pendulaires, total",OBS,Valeur observée,4795,,A,Valeur normale,2023,,28.04.2026,,28.04.2026,,,,POLG,Communes,06.04.2025,,DATASET_COMMENT,"Source: Office fédéral de la statistique – Pendularité (PEND), Relevé structurel (RS)

Les données concernent les 180 villes de la publication ""Statistiques des villes suisses"", constituées de 173 villes statistiques et de 7 autres membres de l'Union des villes suisses: Appenzell, Arosa, La Neuveville, Moutier, Morat, Willisau et Worb."
DATAFLOW,CH1.SSV:DF_SSV_MOB_COM(2026.1.0),"Statistiques des villes suisses 2026, pendulaires selon le principal moyen de transport",I,4254,Möhlin,2,10 000-14 999,pen_tp,Transport public (TP),CI,Intervalle de confiance (+/-),22.93,,A,Valeur normale,2023,,28.04.2026,,28.04.2026,,,,POLG,Communes,06.04.2025,,DATASET_COMMENT,"Source: Office fédéral de la statistique – Pendularité (PEND), Relevé structurel (RS)

Les données concernent les 180 villes de la publication ""Statistiques des villes suisses"", constituées de 173 villes statistiques et de 7 autres membres de l'Union des villes suisses: Appenzell, Arosa, La Neuveville, Moutier, Morat, Willisau et Worb."
DATAFLOW,CH1.SSV:DF_SSV_MOB_COM(2026.1.0),"Statistiques des villes suisses 2026, pendulaires selon le principal moyen de transport",I,4280,Oftringen,3,15 000-19 999,pen_t,"Pendulaires, total",OBS,Valeur observée,5825,,A,Valeur normale,2023,,28.04.2026,,28.04.2026,,,,POLG,Communes,06.04.2025,,DATASET_COMMENT,"Source: Office fédéral de la statistique – Pendularité (PEND), Relevé structurel (RS)

Les données concernent les 180 villes de la publication ""Statistiques des villes suisses"", constituées de 173 villes statistiques et de 7 autres membres de l'Union des villes suisses: Appenzell, Arosa, La Neuveville, Moutier, Morat, Willisau et Worb."
DATAFLOW,CH1.SSV:DF_SSV_MOB_COM(2026.1.0),"Statistiques des villes suisses 2026, pendulaires selon le principal moyen de transport",I,4282,Rothrist,1,moins de 10 000,pen_tim,Transport individuel motorisé (TIM),OBS,Valeur observée,2959,,A,Valeur normale,2023,,28.04.2026,,28.04.2026,,,,POLG,Communes,06.04.2025,,DATASET_COMMENT,"Source: Office fédéral de la statistique – Pendularité (PEND), Relevé structurel (RS)

Les données concernent les 180 villes de la publication ""Statistiques des villes suisses"", constituées de 173 villes statistiques et de 7 autres membres de l'Union des villes suisses: Appenzell, Arosa, La Neuveville, Moutier, Morat, Willisau et Worb."
DATAFLOW,CH1.SSV:DF_SSV_MOB_COM(2026.1.0),"Statistiques des villes suisses 2026, pendulaires selon le principal moyen de transport",I,4436,Romanshorn,2,10 000-14 999,pen_t,"Pendulaires, total",OBS,Valeur observée,4780,,A,Valeur normale,2023,,28.04.2026,,28.04.2026,,,,POLG,Communes,06.04.2025,,DATASET_COMMENT,"Source: Office fédéral de la statistique – Pendularité (PEND), Relevé structurel (RS)

Les données concernent les 180 villes de la publication ""Statistiques des villes suisses"", constituées de 173 villes statistiques et de 7 autres membres de l'Union des villes suisses: Appenzell, Arosa, La Neuveville, Moutier, Morat, Willisau et Worb."
DATAFLOW,CH1.SSV:DF_SSV_MOB_COM(2026.1.0),"Statistiques des villes suisses 2026, pendulaires selon le principal moyen de transport",I,4436,Romanshorn,2,10 000-14 999,pen_tp,Transport public (TP),CI,Intervalle de confiance (+/-),41.57,,U,Faible fiabilité,2023,,28.04.2026,,28.04.2026,,,,POLG,Communes,06.04.2025,,DATASET_COMMENT,"Source: Office fédéral de la statistique – Pendularité (PEND), Relevé structurel (RS)

Les données concernent les 180 villes de la publication ""Statistiques des villes suisses"", constituées de 173 villes statistiques et de 7 autres membres de l'Union des villes suisses: Appenzell, Arosa, La Neuveville, Moutier, Morat, Willisau et Worb."
DATAFLOW,CH1.SSV:DF_SSV_MOB_COM(2026.1.0),"Statistiques des villes suisses 2026, pendulaires selon le principal moyen de transport",I,4946,Weinfelden,2,10 000-14 999,pen_tim,Transport individuel motorisé (TIM),OBS,Valeur observée,2721,,A,Valeur normale,2023,,28.04.2026,,28.04.2026,,,,POLG,Communes,06.04.2025,,DATASET_COMMENT,"Source: Office fédéral de la statistique – Pendularité (PEND), Relevé structurel (RS)

Les données concernent les 180 villes de la publication ""Statistiques des villes suisses"", constituées de 173 villes statistiques et de 7 autres membres de l'Union des villes suisses: Appenzell, Arosa, La Neuveville, Moutier, Morat, Willisau et Worb."
DATAFLOW,CH1.SSV:DF_SSV_MOB_COM(2026.1.0),"Statistiques des villes suisses 2026, pendulaires selon le principal moyen de transport",I,5113,Locarno,3,15 000-19 999,pen_tim,Transport individuel motorisé (TIM),OBS,Valeur observée,2527,,A,Valeur normale,2023,,28.04.2026,,28.04.2026,,,,POLG,Communes,06.04.2025,,DATASET_COMMENT,"Source: Office fédéral de la statistique – Pendularité (PEND), Relevé structurel (RS)

Les données concernent les 180 villes de la publication ""Statistiques des villes suisses"", constituées de 173 villes statistiques et de 7 autres membres de l'Union des villes suisses: Appenzell, Arosa, La Neuveville, Moutier, Morat, Willisau et Worb."
DATAFLOW,CH1.SSV:DF_SSV_MOB_COM(2026.1.0),"Statistiques des villes suisses 2026, pendulaires selon le principal moyen de transport",I,5192,Lugano,5,50 000-99 999,pen_tp,Transport public (TP),OBS,Valeur observée,5445,,A,Valeur normale,2023,,28.04.2026,,28.04.2026,,,,POLG,Communes,06.04.2025,,DATASET_COMMENT,"Source: Office fédéral de la statistique – Pendularité (PEND), Relevé structurel (RS)

Les données concernent les 180 villes de la publication ""Statistiques des villes suisses"", constituées de 173 villes statistiques et de 7 autres membres de l'Union des villes suisses: Appenzell, Arosa, La Neuveville, Moutier, Morat, Willisau et Worb."
DATAFLOW,CH1.SSV:DF_SSV_MOB_COM(2026.1.0),"Statistiques des villes suisses 2026, pendulaires selon le principal moyen de transport",I,5254,Mendrisio,3,15 000-19 999,pen_tim,Transport individuel motorisé (TIM),OBS,Valeur observée,3206,,A,Valeur normale,2023,,28.04.2026,,28.04.2026,,,,POLG,Communes,06.04.2025,,DATASET_COMMENT,"Source: Office fédéral de la statistique – Pendularité (PEND), Relevé structurel (RS)

Les données concernent les 180 villes de la publication ""Statistiques des villes suisses"", constituées de 173 villes statistiques et de 7 autres membres de l'Union des villes suisses: Appenzell, Arosa, La Neuveville, Moutier, Morat, Willisau et Worb."
DATAFLOW,CH1.SSV:DF_SSV_MOB_COM(2026.1.0),"Statistiques des villes suisses 2026, pendulaires selon le principal moyen de transport",I,5401,Aigle,2,10 000-14 999,pen_tp,Transport public (TP),CI,Intervalle de confiance (+/-),22.48,,A,Valeur normale,2023,,28.04.2026,,28.04.2026,,,,POLG,Communes,06.04.2025,,DATASET_COMMENT,"Source: Office fédéral de la statistique – Pendularité (PEND), Relevé structurel (RS)

Les données concernent les 180 villes de la publication ""Statistiques des villes suisses"", constituées de 173 villes statistiques et de 7 autres membres de l'Union des villes suisses: Appenzell, Arosa, La Neuveville, Moutier, Morat, Willisau et Worb."
DATAFLOW,CH1.SSV:DF_SSV_MOB_COM(2026.1.0),"Statistiques des villes suisses 2026, pendulaires selon le principal moyen de transport",I,5590,Pully,3,15 000-19 999,pen_tim,Transport individuel motorisé (TIM),OBS,Valeur observée,2615,,A,Valeur normale,2023,,28.04.2026,,28.04.2026,,,,POLG,Communes,06.04.2025,,DATASET_COMMENT,"Source: Office fédéral de la statistique – Pendularité (PEND), Relevé structurel (RS)

Les données concernent les 180 villes de la publication ""Statistiques des villes suisses"", constituées de 173 villes statistiques et de 7 autres membres de l'Union des villes suisses: Appenzell, Arosa, La Neuveville, Moutier, Morat, Willisau et Worb."
DATAFLOW,CH1.SSV:DF_SSV_MOB_COM(2026.1.0),"Statistiques des villes suisses 2026, pendulaires selon le principal moyen de transport",I,5642,Morges,3,15 000-19 999,pen_tp,Transport public (TP),OBS,Valeur observée,3211,,A,Valeur normale,2023,,28.04.2026,,28.04.2026,,,,POLG,Communes,06.04.2025,,DATASET_COMMENT,"Source: Office fédéral de la statistique – Pendularité (PEND), Relevé structurel (RS)

Les données concernent les 180 villes de la publication ""Statistiques des villes suisses"", constituées de 173 villes statistiques et de 7 autres membres de l'Union des villes suisses: Appenzell, Arosa, La Neuveville, Moutier, Morat, Willisau et Worb."
DATAFLOW,CH1.SSV:DF_SSV_MOB_COM(2026.1.0),"Statistiques des villes suisses 2026, pendulaires selon le principal moyen de transport",I,5886,Montreux,4,20 000-49 999,pen_tp,Transport public (TP),CI,Intervalle de confiance (+/-),13.54,,A,Valeur normale,2023,,28.04.2026,,28.04.2026,,,,POLG,Communes,06.04.2025,,DATASET_COMMENT,"Source: Office fédéral de la statistique – Pendularité (PEND), Relevé structurel (RS)

Les données concernent les 180 villes de la publication ""Statistiques des villes suisses"", constituées de 173 villes statistiques et de 7 autres membres de l'Union des villes suisses: Appenzell, Arosa, La Neuveville, Moutier, Morat, Willisau et Worb."
DATAFLOW,CH1.SSV:DF_SSV_MOB_COM(2026.1.0),"Statistiques des villes suisses 2026, pendulaires selon le principal moyen de transport",I,5938,Yverdon-les-Bains,4,20 000-49 999,pen_tim,Transport individuel motorisé (TIM),OBS,Valeur observée,4725,,A,Valeur normale,2023,,28.04.2026,,28.04.2026,,,,POLG,Communes,06.04.2025,,DATASET_COMMENT,"Source: Office fédéral de la statistique – Pendularité (PEND), Relevé structurel (RS)

Les données concernent les 180 villes de la publication ""Statistiques des villes suisses"", constituées de 173 villes statistiques et de 7 autres membres de l'Union des villes suisses: Appenzell, Arosa, La Neuveville, Moutier, Morat, Willisau et Worb."
DATAFLOW,CH1.SSV:DF_SSV_MOB_COM(2026.1.0),"Statistiques des villes suisses 2026, pendulaires selon le principal moyen de transport",I,6002,Brig-Glis,2,10 000-14 999,pen_tp,Transport public (TP),CI,Intervalle de confiance (+/-),32.02,,U,Faible fiabilité,2023,,28.04.2026,,28.04.2026,,,,POLG,Communes,06.04.2025,,DATASET_COMMENT,"Source: Office fédéral de la statistique – Pendularité (PEND), Relevé structurel (RS)

Les données concernent les 180 villes de la publication ""Statistiques des villes suisses"", constituées de 173 villes statistiques et de 7 autres membres de l'Union des villes suisses: Appenzell, Arosa, La Neuveville, Moutier, Morat, Willisau et Worb."
DATAFLOW,CH1.SSV:DF_SSV_MOB_COM(2026.1.0),"Statistiques des villes suisses 2026, pendulaires selon le principal moyen de transport",I,6136,Martigny,4,20 000-49 999,pen_t,"Pendulaires, total",OBS,Valeur observée,8243,,A,Valeur normale,2023,,28.04.2026,,28.04.2026,,,,POLG,Communes,06.04.2025,,DATASET_COMMENT,"Source: Office fédéral de la statistique – Pendularité (PEND), Relevé structurel (RS)

Les données concernent les 180 villes de la publication ""Statistiques des villes suisses"", constituées de 173 villes statistiques et de 7 autres membres de l'Union des villes suisses: Appenzell, Arosa, La Neuveville, Moutier, Morat, Willisau et Worb."
DATAFLOW,CH1.SSV:DF_SSV_MOB_COM(2026.1.0),"Statistiques des villes suisses 2026, pendulaires selon le principal moyen de transport",I,6153,Monthey,3,15 000-19 999,pen_tp,Transport public (TP),CI,Intervalle de confiance (+/-),39.21,,U,Faible fiabilité,2023,,28.04.2026,,28.04.2026,,,,POLG,Communes,06.04.2025,,DATASET_COMMENT,"Source: Office fédéral de la statistique – Pendularité (PEND), Relevé structurel (RS)

Les données concernent les 180 villes de la publication ""Statistiques des villes suisses"", constituées de 173 villes statistiques et de 7 autres membres de l'Union des villes suisses: Appenzell, Arosa, La Neuveville, Moutier, Morat, Willisau et Worb."
DATAFLOW,CH1.SSV:DF_SSV_MOB_COM(2026.1.0),"Statistiques des villes suisses 2026, pendulaires selon le principal moyen de transport",I,6421,La Chaux-de-Fonds,4,20 000-49 999,pen_tim,Transport individuel motorisé (TIM),CI,Intervalle de confiance (+/-),8.86,,A,Valeur normale,2023,,28.04.2026,,28.04.2026,,,,POLG,Communes,06.04.2025,,DATASET_COMMENT,"Source: Office fédéral de la statistique – Pendularité (PEND), Relevé structurel (RS)

Les données concernent les 180 villes de la publication ""Statistiques des villes suisses"", constituées de 173 villes statistiques et de 7 autres membres de l'Union des villes suisses: Appenzell, Arosa, La Neuveville, Moutier, Morat, Willisau et Worb."
DATAFLOW,CH1.SSV:DF_SSV_MOB_COM(2026.1.0),"Statistiques des villes suisses 2026, pendulaires selon le principal moyen de transport",I,6458,Neuchâtel,4,20 000-49 999,pen_tp,Transport public (TP),OBS,Valeur observée,7281,,A,Valeur normale,2023,,28.04.2026,,28.04.2026,,,,POLG,Communes,06.04.2025,,DATASET_COMMENT,"Source: Office fédéral de la statistique – Pendularité (PEND), Relevé structurel (RS)

Les données concernent les 180 villes de la publication ""Statistiques des villes suisses"", constituées de 173 villes statistiques et de 7 autres membres de l'Union des villes suisses: Appenzell, Arosa, La Neuveville, Moutier, Morat, Willisau et Worb."
DATAFLOW,CH1.SSV:DF_SSV_MOB_COM(2026.1.0),"Statistiques des villes suisses 2026, pendulaires selon le principal moyen de transport",I,6612,Chêne-Bougeries,2,10 000-14 999,pen_tp,Transport public (TP),OBS,Valeur observée,1960,,A,Valeur normale,2023,,28.04.2026,,28.04.2026,,,,POLG,Communes,06.04.2025,,DATASET_COMMENT,"Source: Office fédéral de la statistique – Pendularité (PEND), Relevé structurel (RS)

Les données concernent les 180 villes de la publication ""Statistiques des villes suisses"", constituées de 173 villes statistiques et de 7 autres membres de l'Union des villes suisses: Appenzell, Arosa, La Neuveville, Moutier, Morat, Willisau et Worb."
DATAFLOW,CH1.SSV:DF_SSV_MOB_COM(2026.1.0),"Statistiques des villes suisses 2026, pendulaires selon le principal moyen de transport",I,6630,Meyrin,4,20 000-49 999,pen_tim,Transport individuel motorisé (TIM),OBS,Valeur observée,2660,,A,Valeur normale,2023,,28.04.2026,,28.04.2026,,,,POLG,Communes,06.04.2025,,DATASET_COMMENT,"Source: Office fédéral de la statistique – Pendularité (PEND), Relevé structurel (RS)

Les données concernent les 180 villes de la publication ""Statistiques des villes suisses"", constituées de 173 villes statistiques et de 7 autres membres de l'Union des villes suisses: Appenzell, Arosa, La Neuveville, Moutier, Morat, Willisau et Worb."
DATAFLOW,CH1.SSV:DF_SSV_MOB_COM(2026.1.0),"Statistiques des villes suisses 2026, pendulaires selon le principal moyen de transport",I,6633,Plan-les-Ouates,2,10 000-14 999,pen_tp,Transport public (TP),OBS,Valeur observée,1588,,A,Valeur normale,2023,,28.04.2026,,28.04.2026,,,,POLG,Communes,06.04.2025,,DATASET_COMMENT,"Source: Office fédéral de la statistique – Pendularité (PEND), Relevé structurel (RS)

Les données concernent les 180 villes de la publication ""Statistiques des villes suisses"", constituées de 173 villes statistiques et de 7 autres membres de l'Union des villes suisses: Appenzell, Arosa, La Neuveville, Moutier, Morat, Willisau et Worb."
DATAFLOW,CH1.SSV:DF_SSV_MOB_COM(2026.1.0),"Statistiques des villes suisses 2026, pendulaires selon le principal moyen de transport",I,6633,Plan-les-Ouates,2,10 000-14 999,pen_tim,Transport individuel motorisé (TIM),CI,Intervalle de confiance (+/-),20.64,,A,Valeur normale,2023,,28.04.2026,,28.04.2026,,,,POLG,Communes,06.04.2025,,DATASET_COMMENT,"Source: Office fédéral de la statistique – Pendularité (PEND), Relevé structurel (RS)

Les données concernent les 180 villes de la publication ""Statistiques des villes suisses"", constituées de 173 villes statistiques et de 7 autres membres de l'Union des villes suisses: Appenzell, Arosa, La Neuveville, Moutier, Morat, Willisau et Worb."
DATAFLOW,CH1.SSV:DF_SSV_MOB_COM(2026.1.0),"Statistiques des villes suisses 2026, pendulaires selon le principal moyen de transport",I,6640,Thônex,3,15 000-19 999,pen_tp,Transport public (TP),OBS,Valeur observée,2937,,A,Valeur normale,2023,,28.04.2026,,28.04.2026,,,,POLG,Communes,06.04.2025,,DATASET_COMMENT,"Source: Office fédéral de la statistique – Pendularité (PEND), Relevé structurel (RS)

Les données concernent les 180 villes de la publication ""Statistiques des villes suisses"", constituées de 173 villes statistiques et de 7 autres membres de l'Union des villes suisses: Appenzell, Arosa, La Neuveville, Moutier, Morat, Willisau et Worb."
DATAFLOW,CH1.SSV:DF_SSV_MOB_COM(2026.1.0),"Statistiques des villes suisses 2026, pendulaires selon le principal moyen de transport",I,6640,Thônex,3,15 000-19 999,pen_tim,Transport individuel motorisé (TIM),CI,Intervalle de confiance (+/-),20.21,,A,Valeur normale,2023,,28.04.2026,,28.04.2026,,,,POLG,Communes,06.04.2025,,DATASET_COMMENT,"Source: Office fédéral de la statistique – Pendularité (PEND), Relevé structurel (RS)

Les données concernent les 180 villes de la publication ""Statistiques des villes suisses"", constituées de 173 villes statistiques et de 7 autres membres de l'Union des villes suisses: Appenzell, Arosa, La Neuveville, Moutier, Morat, Willisau et Worb."
DATAFLOW,CH1.SSV:DF_SSV_MOB_COM(2026.1.0),"Statistiques des villes suisses 2026, pendulaires selon le principal moyen de transport",I,6643,Vernier,4,20 000-49 999,pen_t,"Pendulaires, total",CI,Intervalle de confiance (+/-),8.04,,A,Valeur normale,2023,,28.04.2026,,28.04.2026,,,,POLG,Communes,06.04.2025,,DATASET_COMMENT,"Source: Office fédéral de la statistique – Pendularité (PEND), Relevé structurel (RS)

Les données concernent les 180 villes de la publication ""Statistiques des villes suisses"", constituées de 173 villes statistiques et de 7 autres membres de l'Union des villes suisses: Appenzell, Arosa, La Neuveville, Moutier, Morat, Willisau et Worb."
DATAFLOW,CH1.SSV:DF_SSV_MOB_COM(2026.1.0),"Statistiques des villes suisses 2026, pendulaires selon le principal moyen de transport",I,6711,Delémont,2,10 000-14 999,pen_t,"Pendulaires, total",OBS,Valeur observée,4501,,A,Valeur normale,2023,,28.04.2026,,28.04.2026,,,,POLG,Communes,06.04.2025,,DATASET_COMMENT,"Source: Office fédéral de la statistique – Pendularité (PEND), Relevé structurel (RS)

Les données concernent les 180 villes de la publication ""Statistiques des villes suisses"", constituées de 173 villes statistiques et de 7 autres membres de l'Union des villes suisses: Appenzell, Arosa, La Neuveville, Moutier, Morat, Willisau et Worb."
DATAFLOW,CH1.SSV:DF_SSV_MOB_COM(2026.1.0),"Statistiques des villes suisses 2026, pendulaires selon le principal moyen de transport",I,3901,Chur,4,20 000-49 999,pen_tim,Transport individuel motorisé (TIM),CI,Intervalle de confiance (+/-),14.19,,A,Valeur normale,2023,,28.04.2026,,28.04.2026,,,,POLG,Communes,06.04.2025,,DATASET_COMMENT,"Source: Office fédéral de la statistique – Pendularité (PEND), Relevé structurel (RS)

Les données concernent les 180 villes de la publication ""Statistiques des villes suisses"", constituées de 173 villes statistiques et de 7 autres membres de l'Union des villes suisses: Appenzell, Arosa, La Neuveville, Moutier, Morat, Willisau et Worb."
DATAFLOW,CH1.SSV:DF_SSV_MOB_COM(2026.1.0),"Statistiques des villes suisses 2026, pendulaires selon le principal moyen de transport",I,_ST,Total des villes suisses,2,10 000-14 999,pen_tim,Transport individuel motorisé (TIM),CI,Intervalle de confiance (+/-),2.64,,A,Valeur normale,2023,,28.04.2026,,28.04.2026,,,,POLG,Communes,06.04.2025,,DATASET_COMMENT,"Source: Office fédéral de la statistique – Pendularité (PEND), Relevé structurel (RS)

Les données concernent les 180 villes de la publication ""Statistiques des villes suisses"", constituées de 173 villes statistiques et de 7 autres membres de l'Union des villes suisses: Appenzell, Arosa, La Neuveville, Moutier, Morat, Willisau et Worb."
DATAFLOW,CH1.SSV:DF_SSV_MOB_COM(2026.1.0),"Statistiques des villes suisses 2026, pendulaires selon le principal moyen de transport",I,_ST,Total des villes suisses,6,100 000 et plus,pen_tim,Transport individuel motorisé (TIM),OBS,Valeur observée,91662,,A,Valeur normale,2023,,28.04.2026,,28.04.2026,,,,POLG,Communes,06.04.2025,,DATASET_COMMENT,"Source: Office fédéral de la statistique – Pendularité (PEND), Relevé structurel (RS)

Les données concernent les 180 villes de la publication ""Statistiques des villes suisses"", constituées de 173 villes statistiques et de 7 autres membres de l'Union des villes suisses: Appenzell, Arosa, La Neuveville, Moutier, Morat, Willisau et Worb."
DATAFLOW,CH1.SSV:DF_SSV_MOB_COM(2026.1.0),"Statistiques des villes suisses 2026, pendulaires selon le principal moyen de transport",I,52,Bassersdorf,2,10 000-14 999,pen_tp,Transport public (TP),CI,Intervalle de confiance (+/-),25.75,,A,Valeur normale,2023,,28.04.2026,,28.04.2026,,,,POLG,Communes,06.04.2025,,DATASET_COMMENT,"Source: Office fédéral de la statistique – Pendularité (PEND), Relevé structurel (RS)

Les données concernent les 180 villes de la publication ""Statistiques des villes suisses"", constituées de 173 villes statistiques et de 7 autres membres de l'Union des villes suisses: Appenzell, Arosa, La Neuveville, Moutier, Morat, Willisau et Worb."
DATAFLOW,CH1.SSV:DF_SSV_MOB_COM(2026.1.0),"Statistiques des villes suisses 2026, pendulaires selon le principal moyen de transport",I,66,Opfikon,4,20 000-49 999,pen_tim,Transport individuel motorisé (TIM),CI,Intervalle de confiance (+/-),21.25,,A,Valeur normale,2023,,28.04.2026,,28.04.2026,,,,POLG,Communes,06.04.2025,,DATASET_COMMENT,"Source: Office fédéral de la statistique – Pendularité (PEND), Relevé structurel (RS)

Les données concernent les 180 villes de la publication ""Statistiques des villes suisses"", constituées de 173 villes statistiques et de 7 autres membres de l'Union des villes suisses: Appenzell, Arosa, La Neuveville, Moutier, Morat, Willisau et Worb."
DATAFLOW,CH1.SSV:DF_SSV_MOB_COM(2026.1.0),"Statistiques des villes suisses 2026, pendulaires selon le principal moyen de transport",I,96,Regensdorf,3,15 000-19 999,pen_t,"Pendulaires, total",CI,Intervalle de confiance (+/-),14.5,,A,Valeur normale,2023,,28.04.2026,,28.04.2026,,,,POLG,Communes,06.04.2025,,DATASET_COMMENT,"Source: Office fédéral de la statistique – Pendularité (PEND), Relevé structurel (RS)

Les données concernent les 180 villes de la publication ""Statistiques des villes suisses"", constituées de 173 villes statistiques et de 7 autres membres de l'Union des villes suisses: Appenzell, Arosa, La Neuveville, Moutier, Morat, Willisau et Worb."
DATAFLOW,CH1.SSV:DF_SSV_MOB_COM(2026.1.0),"Statistiques des villes suisses 2026, pendulaires selon le principal moyen de transport",I,138,Richterswil,2,10 000-14 999,pen_tim,Transport individuel motorisé (TIM),OBS,Valeur observée,2258,,A,Valeur normale,2023,,28.04.2026,,28.04.2026,,,,POLG,Communes,06.04.2025,,DATASET_COMMENT,"Source: Office fédéral de la statistique – Pendularité (PEND), Relevé structurel (RS)

Les données concernent les 180 villes de la publication ""Statistiques des villes suisses"", constituées de 173 villes statistiques et de 7 autres membres de l'Union des villes suisses: Appenzell, Arosa, La Neuveville, Moutier, Morat, Willisau et Worb."
DATAFLOW,CH1.SSV:DF_SSV_MOB_COM(2026.1.0),"Statistiques des villes suisses 2026, pendulaires selon le principal moyen de transport",I,141,Thalwil,3,15 000-19 999,pen_t,"Pendulaires, total",OBS,Valeur observée,7253,,A,Valeur normale,2023,,28.04.2026,,28.04.2026,,,,POLG,Communes,06.04.2025,,DATASET_COMMENT,"Source: Office fédéral de la statistique – Pendularité (PEND), Relevé structurel (RS)

Les données concernent les 180 villes de la publication ""Statistiques des villes suisses"", constituées de 173 villes statistiques et de 7 autres membres de l'Union des villes suisses: Appenzell, Arosa, La Neuveville, Moutier, Morat, Willisau et Worb."
DATAFLOW,CH1.SSV:DF_SSV_MOB_COM(2026.1.0),"Statistiques des villes suisses 2026, pendulaires selon le principal moyen de transport",I,141,Thalwil,3,15 000-19 999,pen_tp,Transport public (TP),CI,Intervalle de confiance (+/-),18.12,,A,Valeur normale,2023,,28.04.2026,,28.04.2026,,,,POLG,Communes,06.04.2025,,DATASET_COMMENT,"Source: Office fédéral de la statistique – Pendularité (PEND), Relevé structurel (RS)

Les données concernent les 180 villes de la publication ""Statistiques des villes suisses"", constituées de 173 villes statistiques et de 7 autres membres de l'Union des villes suisses: Appenzell, Arosa, La Neuveville, Moutier, Morat, Willisau et Worb."
DATAFLOW,CH1.SSV:DF_SSV_MOB_COM(2026.1.0),"Statistiques des villes suisses 2026, pendulaires selon le principal moyen de transport",I,156,Meilen,2,10 000-14 999,pen_tim,Transport individuel motorisé (TIM),OBS,Valeur observée,1618,,U,Faible fiabilité,2023,,28.04.2026,,28.04.2026,,,,POLG,Communes,06.04.2025,,DATASET_COMMENT,"Source: Office fédéral de la statistique – Pendularité (PEND), Relevé structurel (RS)

Les données concernent les 180 villes de la publication ""Statistiques des villes suisses"", constituées de 173 villes statistiques et de 7 autres membres de l'Union des villes suisses: Appenzell, Arosa, La Neuveville, Moutier, Morat, Willisau et Worb."
DATAFLOW,CH1.SSV:DF_SSV_MOB_COM(2026.1.0),"Statistiques des villes suisses 2026, pendulaires selon le principal moyen de transport",I,177,Pfäffikon,2,10 000-14 999,pen_t,"Pendulaires, total",OBS,Valeur observée,4875,,A,Valeur normale,2023,,28.04.2026,,28.04.2026,,,,POLG,Communes,06.04.2025,,DATASET_COMMENT,"Source: Office fédéral de la statistique – Pendularité (PEND), Relevé structurel (RS)

Les données concernent les 180 villes de la publication ""Statistiques des villes suisses"", constituées de 173 villes statistiques et de 7 autres membres de l'Union des villes suisses: Appenzell, Arosa, La Neuveville, Moutier, Morat, Willisau et Worb."
DATAFLOW,CH1.SSV:DF_SSV_MOB_COM(2026.1.0),"Statistiques des villes suisses 2026, pendulaires selon le principal moyen de transport",I,296,Illnau-Effretikon,3,15 000-19 999,pen_t,"Pendulaires, total",OBS,Valeur observée,7199,,A,Valeur normale,2023,,28.04.2026,,28.04.2026,,,,POLG,Communes,06.04.2025,,DATASET_COMMENT,"Source: Office fédéral de la statistique – Pendularité (PEND), Relevé structurel (RS)

Les données concernent les 180 villes de la publication ""Statistiques des villes suisses"", constituées de 173 villes statistiques et de 7 autres membres de l'Union des villes suisses: Appenzell, Arosa, La Neuveville, Moutier, Morat, Willisau et Worb."
DATAFLOW,CH1.SSV:DF_SSV_MOB_COM(2026.1.0),"Statistiques des villes suisses 2026, pendulaires selon le principal moyen de transport",I,329,Langenthal,3,15 000-19 999,pen_tim,Transport individuel motorisé (TIM),CI,Intervalle de confiance (+/-),20.24,,A,Valeur normale,2023,,28.04.2026,,28.04.2026,,,,POLG,Communes,06.04.2025,,DATASET_COMMENT,"Source: Office fédéral de la statistique – Pendularité (PEND), Relevé structurel (RS)

Les données concernent les 180 villes de la publication ""Statistiques des villes suisses"", constituées de 173 villes statistiques et de 7 autres membres de l'Union des villes suisses: Appenzell, Arosa, La Neuveville, Moutier, Morat, Willisau et Worb."
DATAFLOW,CH1.SSV:DF_SSV_MOB_COM(2026.1.0),"Statistiques des villes suisses 2026, pendulaires selon le principal moyen de transport",I,356,Muri bei Bern,2,10 000-14 999,pen_tp,Transport public (TP),OBS,Valeur observée,2255,,A,Valeur normale,2023,,28.04.2026,,28.04.2026,,,,POLG,Communes,06.04.2025,,DATASET_COMMENT,"Source: Office fédéral de la statistique – Pendularité (PEND), Relevé structurel (RS)

Les données concernent les 180 villes de la publication ""Statistiques des villes suisses"", constituées de 173 villes statistiques et de 7 autres membres de l'Union des villes suisses: Appenzell, Arosa, La Neuveville, Moutier, Morat, Willisau et Worb."
DATAFLOW,CH1.SSV:DF_SSV_MOB_COM(2026.1.0),"Statistiques des villes suisses 2026, pendulaires selon le principal moyen de transport",I,356,Muri bei Bern,2,10 000-14 999,pen_tim,Transport individuel motorisé (TIM),CI,Intervalle de confiance (+/-),27.14,,A,Valeur normale,2023,,28.04.2026,,28.04.2026,,,,POLG,Communes,06.04.2025,,DATASET_COMMENT,"Source: Office fédéral de la statistique – Pendularité (PEND), Relevé structurel (RS)

Les données concernent les 180 villes de la publication ""Statistiques des villes suisses"", constituées de 173 villes statistiques et de 7 autres membres de l'Union des villes suisses: Appenzell, Arosa, La Neuveville, Moutier, Morat, Willisau et Worb."
DATAFLOW,CH1.SSV:DF_SSV_MOB_COM(2026.1.0),"Statistiques des villes suisses 2026, pendulaires selon le principal moyen de transport",I,361,Zollikofen,2,10 000-14 999,pen_tp,Transport public (TP),OBS,Valeur observée,2308,,A,Valeur normale,2023,,28.04.2026,,28.04.2026,,,,POLG,Communes,06.04.2025,,DATASET_COMMENT,"Source: Office fédéral de la statistique – Pendularité (PEND), Relevé structurel (RS)

Les données concernent les 180 villes de la publication ""Statistiques des villes suisses"", constituées de 173 villes statistiques et de 7 autres membres de l'Union des villes suisses: Appenzell, Arosa, La Neuveville, Moutier, Morat, Willisau et Worb."
DATAFLOW,CH1.SSV:DF_SSV_MOB_COM(2026.1.0),"Statistiques des villes suisses 2026, pendulaires selon le principal moyen de transport",I,361,Zollikofen,2,10 000-14 999,pen_tim,Transport individuel motorisé (TIM),CI,Intervalle de confiance (+/-),26.39,,A,Valeur normale,2023,,28.04.2026,,28.04.2026,,,,POLG,Communes,06.04.2025,,DATASET_COMMENT,"Source: Office fédéral de la statistique – Pendularité (PEND), Relevé structurel (RS)

Les données concernent les 180 villes de la publication ""Statistiques des villes suisses"", constituées de 173 villes statistiques et de 7 autres membres de l'Union des villes suisses: Appenzell, Arosa, La Neuveville, Moutier, Morat, Willisau et Worb."
DATAFLOW,CH1.SSV:DF_SSV_MOB_COM(2026.1.0),"Statistiques des villes suisses 2026, pendulaires selon le principal moyen de transport",I,942,Thun,4,20 000-49 999,pen_tp,Transport public (TP),OBS,Valeur observée,6031,,A,Valeur normale,2023,,28.04.2026,,28.04.2026,,,,POLG,Communes,06.04.2025,,DATASET_COMMENT,"Source: Office fédéral de la statistique – Pendularité (PEND), Relevé structurel (RS)

Les données concernent les 180 villes de la publication ""Statistiques des villes suisses"", constituées de 173 villes statistiques et de 7 autres membres de l'Union des villes suisses: Appenzell, Arosa, La Neuveville, Moutier, Morat, Willisau et Worb."
DATAFLOW,CH1.SSV:DF_SSV_MOB_COM(2026.1.0),"Statistiques des villes suisses 2026, pendulaires selon le principal moyen de transport",I,1024,Emmen,4,20 000-49 999,pen_tim,Transport individuel motorisé (TIM),OBS,Valeur observée,7398,,A,Valeur normale,2023,,28.04.2026,,28.04.2026,,,,POLG,Communes,06.04.2025,,DATASET_COMMENT,"Source: Office fédéral de la statistique – Pendularité (PEND), Relevé structurel (RS)

Les données concernent les 180 villes de la publication ""Statistiques des villes suisses"", constituées de 173 villes statistiques et de 7 autres membres de l'Union des villes suisses: Appenzell, Arosa, La Neuveville, Moutier, Morat, Willisau et Worb."
DATAFLOW,CH1.SSV:DF_SSV_MOB_COM(2026.1.0),"Statistiques des villes suisses 2026, pendulaires selon le principal moyen de transport",I,1059,Kriens,4,20 000-49 999,pen_t,"Pendulaires, total",CI,Intervalle de confiance (+/-),7.34,,A,Valeur normale,2023,,28.04.2026,,28.04.2026,,,,POLG,Communes,06.04.2025,,DATASET_COMMENT,"Source: Office fédéral de la statistique – Pendularité (PEND), Relevé structurel (RS)

Les données concernent les 180 villes de la publication ""Statistiques des villes suisses"", constituées de 173 villes statistiques et de 7 autres membres de l'Union des villes suisses: Appenzell, Arosa, La Neuveville, Moutier, Morat, Willisau et Worb."
DATAFLOW,CH1.SSV:DF_SSV_MOB_COM(2026.1.0),"Statistiques des villes suisses 2026, pendulaires selon le principal moyen de transport",I,1061,Luzern,5,50 000-99 999,pen_tim,Transport individuel motorisé (TIM),OBS,Valeur observée,10603,,A,Valeur normale,2023,,28.04.2026,,28.04.2026,,,,POLG,Communes,06.04.2025,,DATASET_COMMENT,"Source: Office fédéral de la statistique – Pendularité (PEND), Relevé structurel (RS)

Les données concernent les 180 villes de la publication ""Statistiques des villes suisses"", constituées de 173 villes statistiques et de 7 autres membres de l'Union des villes suisses: Appenzell, Arosa, La Neuveville, Moutier, Morat, Willisau et Worb."
DATAFLOW,CH1.SSV:DF_SSV_MOB_COM(2026.1.0),"Statistiques des villes suisses 2026, pendulaires selon le principal moyen de transport",I,1201,Altdorf (UR),2,10 000-14 999,pen_tim,Transport individuel motorisé (TIM),CI,Intervalle de confiance (+/-),24.14,,A,Valeur normale,2023,,28.04.2026,,28.04.2026,,,,POLG,Communes,06.04.2025,,DATASET_COMMENT,"Source: Office fédéral de la statistique – Pendularité (PEND), Relevé structurel (RS)

Les données concernent les 180 villes de la publication ""Statistiques des villes suisses"", constituées de 173 villes statistiques et de 7 autres membres de l'Union des villes suisses: Appenzell, Arosa, La Neuveville, Moutier, Morat, Willisau et Worb."
DATAFLOW,CH1.SSV:DF_SSV_MOB_COM(2026.1.0),"Statistiques des villes suisses 2026, pendulaires selon le principal moyen de transport",I,1331,Küssnacht (SZ),2,10 000-14 999,pen_tim,Transport individuel motorisé (TIM),OBS,Valeur observée,3637,,A,Valeur normale,2023,,28.04.2026,,28.04.2026,,,,POLG,Communes,06.04.2025,,DATASET_COMMENT,"Source: Office fédéral de la statistique – Pendularité (PEND), Relevé structurel (RS)

Les données concernent les 180 villes de la publication ""Statistiques des villes suisses"", constituées de 173 villes statistiques et de 7 autres membres de l'Union des villes suisses: Appenzell, Arosa, La Neuveville, Moutier, Morat, Willisau et Worb."
DATAFLOW,CH1.SSV:DF_SSV_MOB_COM(2026.1.0),"Statistiques des villes suisses 2026, pendulaires selon le principal moyen de transport",I,1630,Glarus Nord,3,15 000-19 999,pen_tp,Transport public (TP),CI,Intervalle de confiance (+/-),34.55,,U,Faible fiabilité,2023,,28.04.2026,,28.04.2026,,,,POLG,Communes,06.04.2025,,DATASET_COMMENT,"Source: Office fédéral de la statistique – Pendularité (PEND), Relevé structurel (RS)

Les données concernent les 180 villes de la publication ""Statistiques des villes suisses"", constituées de 173 villes statistiques et de 7 autres membres de l'Union des villes suisses: Appenzell, Arosa, La Neuveville, Moutier, Morat, Willisau et Worb."
DATAFLOW,CH1.SSV:DF_SSV_MOB_COM(2026.1.0),"Statistiques des villes suisses 2026, pendulaires selon le principal moyen de transport",I,1701,Baar,4,20 000-49 999,pen_t,"Pendulaires, total",OBS,Valeur observée,9994,,A,Valeur normale,2023,,28.04.2026,,28.04.2026,,,,POLG,Communes,06.04.2025,,DATASET_COMMENT,"Source: Office fédéral de la statistique – Pendularité (PEND), Relevé structurel (RS)

Les données concernent les 180 villes de la publication ""Statistiques des villes suisses"", constituées de 173 villes statistiques et de 7 autres membres de l'Union des villes suisses: Appenzell, Arosa, La Neuveville, Moutier, Morat, Willisau et Worb."
DATAFLOW,CH1.SSV:DF_SSV_MOB_COM(2026.1.0),"Statistiques des villes suisses 2026, pendulaires selon le principal moyen de transport",I,1701,Baar,4,20 000-49 999,pen_tp,Transport public (TP),CI,Intervalle de confiance (+/-),13.45,,A,Valeur normale,2023,,28.04.2026,,28.04.2026,,,,POLG,Communes,06.04.2025,,DATASET_COMMENT,"Source: Office fédéral de la statistique – Pendularité (PEND), Relevé structurel (RS)

Les données concernent les 180 villes de la publication ""Statistiques des villes suisses"", constituées de 173 villes statistiques et de 7 autres membres de l'Union des villes suisses: Appenzell, Arosa, La Neuveville, Moutier, Morat, Willisau et Worb."
DATAFLOW,CH1.SSV:DF_SSV_MOB_COM(2026.1.0),"Statistiques des villes suisses 2026, pendulaires selon le principal moyen de transport",I,1702,Cham,3,15 000-19 999,pen_tp,Transport public (TP),CI,Intervalle de confiance (+/-),16.67,,A,Valeur normale,2023,,28.04.2026,,28.04.2026,,,,POLG,Communes,06.04.2025,,DATASET_COMMENT,"Source: Office fédéral de la statistique – Pendularité (PEND), Relevé structurel (RS)

Les données concernent les 180 villes de la publication ""Statistiques des villes suisses"", constituées de 173 villes statistiques et de 7 autres membres de l'Union des villes suisses: Appenzell, Arosa, La Neuveville, Moutier, Morat, Willisau et Worb."
DATAFLOW,CH1.SSV:DF_SSV_MOB_COM(2026.1.0),"Statistiques des villes suisses 2026, pendulaires selon le principal moyen de transport",I,1708,Steinhausen,2,10 000-14 999,pen_t,"Pendulaires, total",CI,Intervalle de confiance (+/-),12.24,,A,Valeur normale,2023,,28.04.2026,,28.04.2026,,,,POLG,Communes,06.04.2025,,DATASET_COMMENT,"Source: Office fédéral de la statistique – Pendularité (PEND), Relevé structurel (RS)

Les données concernent les 180 villes de la publication ""Statistiques des villes suisses"", constituées de 173 villes statistiques et de 7 autres membres de l'Union des villes suisses: Appenzell, Arosa, La Neuveville, Moutier, Morat, Willisau et Worb."
DATAFLOW,CH1.SSV:DF_SSV_MOB_COM(2026.1.0),"Statistiques des villes suisses 2026, pendulaires selon le principal moyen de transport",I,2763,Arlesheim,1,moins de 10 000,pen_tp,Transport public (TP),OBS,Valeur observée,1364,,U,Faible fiabilité,2023,,28.04.2026,,28.04.2026,,,,POLG,Communes,06.04.2025,,DATASET_COMMENT,"Source: Office fédéral de la statistique – Pendularité (PEND), Relevé structurel (RS)

Les données concernent les 180 villes de la publication ""Statistiques des villes suisses"", constituées de 173 villes statistiques et de 7 autres membres de l'Union des villes suisses: Appenzell, Arosa, La Neuveville, Moutier, Morat, Willisau et Worb."
DATAFLOW,CH1.SSV:DF_SSV_MOB_COM(2026.1.0),"Statistiques des villes suisses 2026, pendulaires selon le principal moyen de transport",I,2773,Reinach (BL),4,20 000-49 999,pen_t,"Pendulaires, total",CI,Intervalle de confiance (+/-),14.15,,A,Valeur normale,2023,,28.04.2026,,28.04.2026,,,,POLG,Communes,06.04.2025,,DATASET_COMMENT,"Source: Office fédéral de la statistique – Pendularité (PEND), Relevé structurel (RS)

Les données concernent les 180 villes de la publication ""Statistiques des villes suisses"", constituées de 173 villes statistiques et de 7 autres membres de l'Union des villes suisses: Appenzell, Arosa, La Neuveville, Moutier, Morat, Willisau et Worb."
DATAFLOW,CH1.SSV:DF_SSV_MOB_COM(2026.1.0),"Statistiques des villes suisses 2026, pendulaires selon le principal moyen de transport",I,2829,Liestal,3,15 000-19 999,pen_tp,Transport public (TP),OBS,Valeur observée,2247,,A,Valeur normale,2023,,28.04.2026,,28.04.2026,,,,POLG,Communes,06.04.2025,,DATASET_COMMENT,"Source: Office fédéral de la statistique – Pendularité (PEND), Relevé structurel (RS)

Les données concernent les 180 villes de la publication ""Statistiques des villes suisses"", constituées de 173 villes statistiques et de 7 autres membres de l'Union des villes suisses: Appenzell, Arosa, La Neuveville, Moutier, Morat, Willisau et Worb."
DATAFLOW,CH1.SSV:DF_SSV_MOB_COM(2026.1.0),"Statistiques des villes suisses 2026, pendulaires selon le principal moyen de transport",I,2831,Pratteln,3,15 000-19 999,pen_tp,Transport public (TP),OBS,Valeur observée,2605,,A,Valeur normale,2023,,28.04.2026,,28.04.2026,,,,POLG,Communes,06.04.2025,,DATASET_COMMENT,"Source: Office fédéral de la statistique – Pendularité (PEND), Relevé structurel (RS)

Les données concernent les 180 villes de la publication ""Statistiques des villes suisses"", constituées de 173 villes statistiques et de 7 autres membres de l'Union des villes suisses: Appenzell, Arosa, La Neuveville, Moutier, Morat, Willisau et Worb."
DATAFLOW,CH1.SSV:DF_SSV_MOB_COM(2026.1.0),"Statistiques des villes suisses 2026, pendulaires selon le principal moyen de transport",I,2831,Pratteln,3,15 000-19 999,pen_tim,Transport individuel motorisé (TIM),CI,Intervalle de confiance (+/-),22.31,,A,Valeur normale,2023,,28.04.2026,,28.04.2026,,,,POLG,Communes,06.04.2025,,DATASET_COMMENT,"Source: Office fédéral de la statistique – Pendularité (PEND), Relevé structurel (RS)

Les données concernent les 180 villes de la publication ""Statistiques des villes suisses"", constituées de 173 villes statistiques et de 7 autres membres de l'Union des villes suisses: Appenzell, Arosa, La Neuveville, Moutier, Morat, Willisau et Worb."
DATAFLOW,CH1.SSV:DF_SSV_MOB_COM(2026.1.0),"Statistiques des villes suisses 2026, pendulaires selon le principal moyen de transport",I,3203,St. Gallen,5,50 000-99 999,pen_tim,Transport individuel motorisé (TIM),OBS,Valeur observée,13336,,A,Valeur normale,2023,,28.04.2026,,28.04.2026,,,,POLG,Communes,06.04.2025,,DATASET_COMMENT,"Source: Office fédéral de la statistique – Pendularité (PEND), Relevé structurel (RS)

Les données concernent les 180 villes de la publication ""Statistiques des villes suisses"", constituées de 173 villes statistiques et de 7 autres membres de l'Union des villes suisses: Appenzell, Arosa, La Neuveville, Moutier, Morat, Willisau et Worb."
DATAFLOW,CH1.SSV:DF_SSV_MOB_COM(2026.1.0),"Statistiques des villes suisses 2026, pendulaires selon le principal moyen de transport",I,3238,Widnau,2,10 000-14 999,pen_tp,Transport public (TP),CI,Intervalle de confiance (+/-),47.12,,U,Faible fiabilité,2023,,28.04.2026,,28.04.2026,,,,POLG,Communes,06.04.2025,,DATASET_COMMENT,"Source: Office fédéral de la statistique – Pendularité (PEND), Relevé structurel (RS)

Les données concernent les 180 villes de la publication ""Statistiques des villes suisses"", constituées de 173 villes statistiques et de 7 autres membres de l'Union des villes suisses: Appenzell, Arosa, La Neuveville, Moutier, Morat, Willisau et Worb."
DATAFLOW,CH1.SSV:DF_SSV_MOB_COM(2026.1.0),"Statistiques des villes suisses 2026, pendulaires selon le principal moyen de transport",I,3271,Buchs (SG),2,10 000-14 999,pen_tp,Transport public (TP),OBS,Valeur observée,856,,U,Faible fiabilité,2023,,28.04.2026,,28.04.2026,,,,POLG,Communes,06.04.2025,,DATASET_COMMENT,"Source: Office fédéral de la statistique – Pendularité (PEND), Relevé structurel (RS)

Les données concernent les 180 villes de la publication ""Statistiques des villes suisses"", constituées de 173 villes statistiques et de 7 autres membres de l'Union des villes suisses: Appenzell, Arosa, La Neuveville, Moutier, Morat, Willisau et Worb."
DATAFLOW,CH1.SSV:DF_SSV_MOB_COM(2026.1.0),"Statistiques des villes suisses 2026, pendulaires selon le principal moyen de transport",I,3443,Gossau (SG),3,15 000-19 999,pen_tp,Transport public (TP),CI,Intervalle de confiance (+/-),24.48,,A,Valeur normale,2023,,28.04.2026,,28.04.2026,,,,POLG,Communes,06.04.2025,,DATASET_COMMENT,"Source: Office fédéral de la statistique – Pendularité (PEND), Relevé structurel (RS)

Les données concernent les 180 villes de la publication ""Statistiques des villes suisses"", constituées de 173 villes statistiques et de 7 autres membres de l'Union des villes suisses: Appenzell, Arosa, La Neuveville, Moutier, Morat, Willisau et Worb."
DATAFLOW,CH1.SSV:DF_SSV_MOB_COM(2026.1.0),"Statistiques des villes suisses 2026, pendulaires selon le principal moyen de transport",I,3921,Arosa,1,moins de 10 000,pen_tp,Transport public (TP),OBS,Valeur observée,288,,U,Faible fiabilité,2023,,28.04.2026,,28.04.2026,,,,POLG,Communes,06.04.2025,,DATASET_COMMENT,"Source: Office fédéral de la statistique – Pendularité (PEND), Relevé structurel (RS)

Les données concernent les 180 villes de la publication ""Statistiques des villes suisses"", constituées de 173 villes statistiques et de 7 autres membres de l'Union des villes suisses: Appenzell, Arosa, La Neuveville, Moutier, Morat, Willisau et Worb."
DATAFLOW,CH1.SSV:DF_SSV_MOB_COM(2026.1.0),"Statistiques des villes suisses 2026, pendulaires selon le principal moyen de transport",I,4095,Brugg,2,10 000-14 999,pen_t,"Pendulaires, total",OBS,Valeur observée,5902,,A,Valeur normale,2023,,28.04.2026,,28.04.2026,,,,POLG,Communes,06.04.2025,,DATASET_COMMENT,"Source: Office fédéral de la statistique – Pendularité (PEND), Relevé structurel (RS)

Les données concernent les 180 villes de la publication ""Statistiques des villes suisses"", constituées de 173 villes statistiques et de 7 autres membres de l'Union des villes suisses: Appenzell, Arosa, La Neuveville, Moutier, Morat, Willisau et Worb."
DATAFLOW,CH1.SSV:DF_SSV_MOB_COM(2026.1.0),"Statistiques des villes suisses 2026, pendulaires selon le principal moyen de transport",I,4201,Lenzburg,2,10 000-14 999,pen_tp,Transport public (TP),OBS,Valeur observée,2495,,A,Valeur normale,2023,,28.04.2026,,28.04.2026,,,,POLG,Communes,06.04.2025,,DATASET_COMMENT,"Source: Office fédéral de la statistique – Pendularité (PEND), Relevé structurel (RS)

Les données concernent les 180 villes de la publication ""Statistiques des villes suisses"", constituées de 173 villes statistiques et de 7 autres membres de l'Union des villes suisses: Appenzell, Arosa, La Neuveville, Moutier, Morat, Willisau et Worb."
DATAFLOW,CH1.SSV:DF_SSV_MOB_COM(2026.1.0),"Statistiques des villes suisses 2026, pendulaires selon le principal moyen de transport",I,4258,Rheinfelden,2,10 000-14 999,pen_tim,Transport individuel motorisé (TIM),OBS,Valeur observée,2235,,A,Valeur normale,2023,,28.04.2026,,28.04.2026,,,,POLG,Communes,06.04.2025,,DATASET_COMMENT,"Source: Office fédéral de la statistique – Pendularité (PEND), Relevé structurel (RS)

Les données concernent les 180 villes de la publication ""Statistiques des villes suisses"", constituées de 173 villes statistiques et de 7 autres membres de l'Union des villes suisses: Appenzell, Arosa, La Neuveville, Moutier, Morat, Willisau et Worb."
DATAFLOW,CH1.SSV:DF_SSV_MOB_COM(2026.1.0),"Statistiques des villes suisses 2026, pendulaires selon le principal moyen de transport",I,4280,Oftringen,3,15 000-19 999,pen_tp,Transport public (TP),CI,Intervalle de confiance (+/-),27.6,,U,Faible fiabilité,2023,,28.04.2026,,28.04.2026,,,,POLG,Communes,06.04.2025,,DATASET_COMMENT,"Source: Office fédéral de la statistique – Pendularité (PEND), Relevé structurel (RS)

Les données concernent les 180 villes de la publication ""Statistiques des villes suisses"", constituées de 173 villes statistiques et de 7 autres membres de l'Union des villes suisses: Appenzell, Arosa, La Neuveville, Moutier, Morat, Willisau et Worb."
DATAFLOW,CH1.SSV:DF_SSV_MOB_COM(2026.1.0),"Statistiques des villes suisses 2026, pendulaires selon le principal moyen de transport",I,4289,Zofingen,2,10 000-14 999,pen_tim,Transport individuel motorisé (TIM),CI,Intervalle de confiance (+/-),15.21,,A,Valeur normale,2023,,28.04.2026,,28.04.2026,,,,POLG,Communes,06.04.2025,,DATASET_COMMENT,"Source: Office fédéral de la statistique – Pendularité (PEND), Relevé structurel (RS)

Les données concernent les 180 villes de la publication ""Statistiques des villes suisses"", constituées de 173 villes statistiques et de 7 autres membres de l'Union des villes suisses: Appenzell, Arosa, La Neuveville, Moutier, Morat, Willisau et Worb."
DATAFLOW,CH1.SSV:DF_SSV_MOB_COM(2026.1.0),"Statistiques des villes suisses 2026, pendulaires selon le principal moyen de transport",I,4401,Arbon,3,15 000-19 999,pen_t,"Pendulaires, total",CI,Intervalle de confiance (+/-),15.83,,A,Valeur normale,2023,,28.04.2026,,28.04.2026,,,,POLG,Communes,06.04.2025,,DATASET_COMMENT,"Source: Office fédéral de la statistique – Pendularité (PEND), Relevé structurel (RS)

Les données concernent les 180 villes de la publication ""Statistiques des villes suisses"", constituées de 173 villes statistiques et de 7 autres membres de l'Union des villes suisses: Appenzell, Arosa, La Neuveville, Moutier, Morat, Willisau et Worb."
DATAFLOW,CH1.SSV:DF_SSV_MOB_COM(2026.1.0),"Statistiques des villes suisses 2026, pendulaires selon le principal moyen de transport",I,4566,Frauenfeld,4,20 000-49 999,pen_t,"Pendulaires, total",CI,Intervalle de confiance (+/-),10.41,,A,Valeur normale,2023,,28.04.2026,,28.04.2026,,,,POLG,Communes,06.04.2025,,DATASET_COMMENT,"Source: Office fédéral de la statistique – Pendularité (PEND), Relevé structurel (RS)

Les données concernent les 180 villes de la publication ""Statistiques des villes suisses"", constituées de 173 villes statistiques et de 7 autres membres de l'Union des villes suisses: Appenzell, Arosa, La Neuveville, Moutier, Morat, Willisau et Worb."
DATAFLOW,CH1.SSV:DF_SSV_MOB_COM(2026.1.0),"Statistiques des villes suisses 2026, pendulaires selon le principal moyen de transport",I,4671,Kreuzlingen,4,20 000-49 999,pen_t,"Pendulaires, total",CI,Intervalle de confiance (+/-),11.59,,A,Valeur normale,2023,,28.04.2026,,28.04.2026,,,,POLG,Communes,06.04.2025,,DATASET_COMMENT,"Source: Office fédéral de la statistique – Pendularité (PEND), Relevé structurel (RS)

Les données concernent les 180 villes de la publication ""Statistiques des villes suisses"", constituées de 173 villes statistiques et de 7 autres membres de l'Union des villes suisses: Appenzell, Arosa, La Neuveville, Moutier, Morat, Willisau et Worb."
DATAFLOW,CH1.SSV:DF_SSV_MOB_COM(2026.1.0),"Statistiques des villes suisses 2026, pendulaires selon le principal moyen de transport",I,5250,Chiasso,1,moins de 10 000,pen_tim,Transport individuel motorisé (TIM),OBS,Valeur observée,920,,A,Valeur normale,2023,,28.04.2026,,28.04.2026,,,,POLG,Communes,06.04.2025,,DATASET_COMMENT,"Source: Office fédéral de la statistique – Pendularité (PEND), Relevé structurel (RS)

Les données concernent les 180 villes de la publication ""Statistiques des villes suisses"", constituées de 173 villes statistiques et de 7 autres membres de l'Union des villes suisses: Appenzell, Arosa, La Neuveville, Moutier, Morat, Willisau et Worb."
DATAFLOW,CH1.SSV:DF_SSV_MOB_COM(2026.1.0),"Statistiques des villes suisses 2026, pendulaires selon le principal moyen de transport",I,5401,Aigle,2,10 000-14 999,pen_t,"Pendulaires, total",OBS,Valeur observée,3989,,A,Valeur normale,2023,,28.04.2026,,28.04.2026,,,,POLG,Communes,06.04.2025,,DATASET_COMMENT,"Source: Office fédéral de la statistique – Pendularité (PEND), Relevé structurel (RS)

Les données concernent les 180 villes de la publication ""Statistiques des villes suisses"", constituées de 173 villes statistiques et de 7 autres membres de l'Union des villes suisses: Appenzell, Arosa, La Neuveville, Moutier, Morat, Willisau et Worb."
DATAFLOW,CH1.SSV:DF_SSV_MOB_COM(2026.1.0),"Statistiques des villes suisses 2026, pendulaires selon le principal moyen de transport",I,5624,Bussigny,2,10 000-14 999,pen_t,"Pendulaires, total",CI,Intervalle de confiance (+/-),12.07,,A,Valeur normale,2023,,28.04.2026,,28.04.2026,,,,POLG,Communes,06.04.2025,,DATASET_COMMENT,"Source: Office fédéral de la statistique – Pendularité (PEND), Relevé structurel (RS)

Les données concernent les 180 villes de la publication ""Statistiques des villes suisses"", constituées de 173 villes statistiques et de 7 autres membres de l'Union des villes suisses: Appenzell, Arosa, La Neuveville, Moutier, Morat, Willisau et Worb."
DATAFLOW,CH1.SSV:DF_SSV_MOB_COM(2026.1.0),"Statistiques des villes suisses 2026, pendulaires selon le principal moyen de transport",I,5642,Morges,3,15 000-19 999,pen_tim,Transport individuel motorisé (TIM),CI,Intervalle de confiance (+/-),16.27,,A,Valeur normale,2023,,28.04.2026,,28.04.2026,,,,POLG,Communes,06.04.2025,,DATASET_COMMENT,"Source: Office fédéral de la statistique – Pendularité (PEND), Relevé structurel (RS)

Les données concernent les 180 villes de la publication ""Statistiques des villes suisses"", constituées de 173 villes statistiques et de 7 autres membres de l'Union des villes suisses: Appenzell, Arosa, La Neuveville, Moutier, Morat, Willisau et Worb."
DATAFLOW,CH1.SSV:DF_SSV_MOB_COM(2026.1.0),"Statistiques des villes suisses 2026, pendulaires selon le principal moyen de transport",I,5721,Gland,2,10 000-14 999,pen_t,"Pendulaires, total",CI,Intervalle de confiance (+/-),10.1,,A,Valeur normale,2023,,28.04.2026,,28.04.2026,,,,POLG,Communes,06.04.2025,,DATASET_COMMENT,"Source: Office fédéral de la statistique – Pendularité (PEND), Relevé structurel (RS)

Les données concernent les 180 villes de la publication ""Statistiques des villes suisses"", constituées de 173 villes statistiques et de 7 autres membres de l'Union des villes suisses: Appenzell, Arosa, La Neuveville, Moutier, Morat, Willisau et Worb."
DATAFLOW,CH1.SSV:DF_SSV_MOB_COM(2026.1.0),"Statistiques des villes suisses 2026, pendulaires selon le principal moyen de transport",I,5724,Nyon,4,20 000-49 999,pen_tim,Transport individuel motorisé (TIM),OBS,Valeur observée,3289,,A,Valeur normale,2023,,28.04.2026,,28.04.2026,,,,POLG,Communes,06.04.2025,,DATASET_COMMENT,"Source: Office fédéral de la statistique – Pendularité (PEND), Relevé structurel (RS)

Les données concernent les 180 villes de la publication ""Statistiques des villes suisses"", constituées de 173 villes statistiques et de 7 autres membres de l'Union des villes suisses: Appenzell, Arosa, La Neuveville, Moutier, Morat, Willisau et Worb."
DATAFLOW,CH1.SSV:DF_SSV_MOB_COM(2026.1.0),"Statistiques des villes suisses 2026, pendulaires selon le principal moyen de transport",I,5822,Payerne,2,10 000-14 999,pen_t,"Pendulaires, total",OBS,Valeur observée,3301,,A,Valeur normale,2023,,28.04.2026,,28.04.2026,,,,POLG,Communes,06.04.2025,,DATASET_COMMENT,"Source: Office fédéral de la statistique – Pendularité (PEND), Relevé structurel (RS)

Les données concernent les 180 villes de la publication ""Statistiques des villes suisses"", constituées de 173 villes statistiques et de 7 autres membres de l'Union des villes suisses: Appenzell, Arosa, La Neuveville, Moutier, Morat, Willisau et Worb."
DATAFLOW,CH1.SSV:DF_SSV_MOB_COM(2026.1.0),"Statistiques des villes suisses 2026, pendulaires selon le principal moyen de transport",I,5822,Payerne,2,10 000-14 999,pen_tp,Transport public (TP),CI,Intervalle de confiance (+/-),39.95,,U,Faible fiabilité,2023,,28.04.2026,,28.04.2026,,,,POLG,Communes,06.04.2025,,DATASET_COMMENT,"Source: Office fédéral de la statistique – Pendularité (PEND), Relevé structurel (RS)

Les données concernent les 180 villes de la publication ""Statistiques des villes suisses"", constituées de 173 villes statistiques et de 7 autres membres de l'Union des villes suisses: Appenzell, Arosa, La Neuveville, Moutier, Morat, Willisau et Worb."
DATAFLOW,CH1.SSV:DF_SSV_MOB_COM(2026.1.0),"Statistiques des villes suisses 2026, pendulaires selon le principal moyen de transport",I,6136,Martigny,4,20 000-49 999,pen_tp,Transport public (TP),CI,Intervalle de confiance (+/-),29.1,,U,Faible fiabilité,2023,,28.04.2026,,28.04.2026,,,,POLG,Communes,06.04.2025,,DATASET_COMMENT,"Source: Office fédéral de la statistique – Pendularité (PEND), Relevé structurel (RS)

Les données concernent les 180 villes de la publication ""Statistiques des villes suisses"", constituées de 173 villes statistiques et de 7 autres membres de l'Union des villes suisses: Appenzell, Arosa, La Neuveville, Moutier, Morat, Willisau et Worb."
DATAFLOW,CH1.SSV:DF_SSV_MOB_COM(2026.1.0),"Statistiques des villes suisses 2026, pendulaires selon le principal moyen de transport",I,6153,Monthey,3,15 000-19 999,pen_t,"Pendulaires, total",OBS,Valeur observée,6989,,A,Valeur normale,2023,,28.04.2026,,28.04.2026,,,,POLG,Communes,06.04.2025,,DATASET_COMMENT,"Source: Office fédéral de la statistique – Pendularité (PEND), Relevé structurel (RS)

Les données concernent les 180 villes de la publication ""Statistiques des villes suisses"", constituées de 173 villes statistiques et de 7 autres membres de l'Union des villes suisses: Appenzell, Arosa, La Neuveville, Moutier, Morat, Willisau et Worb."
DATAFLOW,CH1.SSV:DF_SSV_MOB_COM(2026.1.0),"Statistiques des villes suisses 2026, pendulaires selon le principal moyen de transport",I,6248,Sierre,3,15 000-19 999,pen_tp,Transport public (TP),OBS,Valeur observée,1516,,U,Faible fiabilité,2023,,28.04.2026,,28.04.2026,,,,POLG,Communes,06.04.2025,,DATASET_COMMENT,"Source: Office fédéral de la statistique – Pendularité (PEND), Relevé structurel (RS)

Les données concernent les 180 villes de la publication ""Statistiques des villes suisses"", constituées de 173 villes statistiques et de 7 autres membres de l'Union des villes suisses: Appenzell, Arosa, La Neuveville, Moutier, Morat, Willisau et Worb."
DATAFLOW,CH1.SSV:DF_SSV_MOB_COM(2026.1.0),"Statistiques des villes suisses 2026, pendulaires selon le principal moyen de transport",I,6248,Sierre,3,15 000-19 999,pen_tim,Transport individuel motorisé (TIM),CI,Intervalle de confiance (+/-),17.05,,A,Valeur normale,2023,,28.04.2026,,28.04.2026,,,,POLG,Communes,06.04.2025,,DATASET_COMMENT,"Source: Office fédéral de la statistique – Pendularité (PEND), Relevé structurel (RS)

Les données concernent les 180 villes de la publication ""Statistiques des villes suisses"", constituées de 173 villes statistiques et de 7 autres membres de l'Union des villes suisses: Appenzell, Arosa, La Neuveville, Moutier, Morat, Willisau et Worb."
DATAFLOW,CH1.SSV:DF_SSV_MOB_COM(2026.1.0),"Statistiques des villes suisses 2026, pendulaires selon le principal moyen de transport",I,6300,Zermatt,1,moins de 10 000,pen_tim,Transport individuel motorisé (TIM),CI,Intervalle de confiance (+/-),,,Q,Valeur manquante; supprimée pour des raisons de confidentialité,2023,,28.04.2026,,28.04.2026,,,,POLG,Communes,06.04.2025,,DATASET_COMMENT,"Source: Office fédéral de la statistique – Pendularité (PEND), Relevé structurel (RS)

Les données concernent les 180 villes de la publication ""Statistiques des villes suisses"", constituées de 173 villes statistiques et de 7 autres membres de l'Union des villes suisses: Appenzell, Arosa, La Neuveville, Moutier, Morat, Willisau et Worb."
DATAFLOW,CH1.SSV:DF_SSV_MOB_COM(2026.1.0),"Statistiques des villes suisses 2026, pendulaires selon le principal moyen de transport",I,6436,Le Locle,2,10 000-14 999,pen_t,"Pendulaires, total",OBS,Valeur observée,4129,,A,Valeur normale,2023,,28.04.2026,,28.04.2026,,,,POLG,Communes,06.04.2025,,DATASET_COMMENT,"Source: Office fédéral de la statistique – Pendularité (PEND), Relevé structurel (RS)

Les données concernent les 180 villes de la publication ""Statistiques des villes suisses"", constituées de 173 villes statistiques et de 7 autres membres de l'Union des villes suisses: Appenzell, Arosa, La Neuveville, Moutier, Morat, Willisau et Worb."
DATAFLOW,CH1.SSV:DF_SSV_MOB_COM(2026.1.0),"Statistiques des villes suisses 2026, pendulaires selon le principal moyen de transport",I,6621,Genève,6,100 000 et plus,pen_t,"Pendulaires, total",OBS,Valeur observée,69606,,A,Valeur normale,2023,,28.04.2026,,28.04.2026,,,,POLG,Communes,06.04.2025,,DATASET_COMMENT,"Source: Office fédéral de la statistique – Pendularité (PEND), Relevé structurel (RS)

Les données concernent les 180 villes de la publication ""Statistiques des villes suisses"", constituées de 173 villes statistiques et de 7 autres membres de l'Union des villes suisses: Appenzell, Arosa, La Neuveville, Moutier, Morat, Willisau et Worb."
DATAFLOW,CH1.SSV:DF_SSV_MOB_COM(2026.1.0),"Statistiques des villes suisses 2026, pendulaires selon le principal moyen de transport",I,6621,Genève,6,100 000 et plus,pen_tp,Transport public (TP),CI,Intervalle de confiance (+/-),4.12,,A,Valeur normale,2023,,28.04.2026,,28.04.2026,,,,POLG,Communes,06.04.2025,,DATASET_COMMENT,"Source: Office fédéral de la statistique – Pendularité (PEND), Relevé structurel (RS)

Les données concernent les 180 villes de la publication ""Statistiques des villes suisses"", constituées de 173 villes statistiques et de 7 autres membres de l'Union des villes suisses: Appenzell, Arosa, La Neuveville, Moutier, Morat, Willisau et Worb."
DATAFLOW,CH1.SSV:DF_SSV_MOB_COM(2026.1.0),"Statistiques des villes suisses 2026, pendulaires selon le principal moyen de transport",I,6623,Le Grand-Saconnex,2,10 000-14 999,pen_t,"Pendulaires, total",OBS,Valeur observée,3471,,A,Valeur normale,2023,,28.04.2026,,28.04.2026,,,,POLG,Communes,06.04.2025,,DATASET_COMMENT,"Source: Office fédéral de la statistique – Pendularité (PEND), Relevé structurel (RS)

Les données concernent les 180 villes de la publication ""Statistiques des villes suisses"", constituées de 173 villes statistiques et de 7 autres membres de l'Union des villes suisses: Appenzell, Arosa, La Neuveville, Moutier, Morat, Willisau et Worb."
DATAFLOW,CH1.SSV:DF_SSV_MOB_COM(2026.1.0),"Statistiques des villes suisses 2026, pendulaires selon le principal moyen de transport",I,6623,Le Grand-Saconnex,2,10 000-14 999,pen_tp,Transport public (TP),CI,Intervalle de confiance (+/-),21.97,,A,Valeur normale,2023,,28.04.2026,,28.04.2026,,,,POLG,Communes,06.04.2025,,DATASET_COMMENT,"Source: Office fédéral de la statistique – Pendularité (PEND), Relevé structurel (RS)

Les données concernent les 180 villes de la publication ""Statistiques des villes suisses"", constituées de 173 villes statistiques et de 7 autres membres de l'Union des villes suisses: Appenzell, Arosa, La Neuveville, Moutier, Morat, Willisau et Worb."
DATAFLOW,CH1.SSV:DF_SSV_MOB_COM(2026.1.0),"Statistiques des villes suisses 2026, pendulaires selon le principal moyen de transport",I,6644,Versoix,2,10 000-14 999,pen_tp,Transport public (TP),OBS,Valeur observée,1910,,A,Valeur normale,2023,,28.04.2026,,28.04.2026,,,,POLG,Communes,06.04.2025,,DATASET_COMMENT,"Source: Office fédéral de la statistique – Pendularité (PEND), Relevé structurel (RS)

Les données concernent les 180 villes de la publication ""Statistiques des villes suisses"", constituées de 173 villes statistiques et de 7 autres membres de l'Union des villes suisses: Appenzell, Arosa, La Neuveville, Moutier, Morat, Willisau et Worb."
DATAFLOW,CH1.SSV:DF_SSV_MOB_COM(2026.1.0),"Statistiques des villes suisses 2026, pendulaires selon le principal moyen de transport",I,6644,Versoix,2,10 000-14 999,pen_tim,Transport individuel motorisé (TIM),CI,Intervalle de confiance (+/-),22.44,,A,Valeur normale,2023,,28.04.2026,,28.04.2026,,,,POLG,Communes,06.04.2025,,DATASET_COMMENT,"Source: Office fédéral de la statistique – Pendularité (PEND), Relevé structurel (RS)

Les données concernent les 180 villes de la publication ""Statistiques des villes suisses"", constituées de 173 villes statistiques et de 7 autres membres de l'Union des villes suisses: Appenzell, Arosa, La Neuveville, Moutier, Morat, Willisau et Worb."
DATAFLOW,CH1.SSV:DF_SSV_MOB_COM(2026.1.0),"Statistiques des villes suisses 2026, pendulaires selon le principal moyen de transport",I,6711,Delémont,2,10 000-14 999,pen_tp,Transport public (TP),CI,Intervalle de confiance (+/-),32.14,,U,Faible fiabilité,2023,,28.04.2026,,28.04.2026,,,,POLG,Communes,06.04.2025,,DATASET_COMMENT,"Source: Office fédéral de la statistique – Pendularité (PEND), Relevé structurel (RS)

Les données concernent les 180 villes de la publication ""Statistiques des villes suisses"", constituées de 173 villes statistiques et de 7 autres membres de l'Union des villes suisses: Appenzell, Arosa, La Neuveville, Moutier, Morat, Willisau et Worb."
DATAFLOW,CH1.SSV:DF_SSV_MOB_COM(2026.1.0),"Statistiques des villes suisses 2026, pendulaires selon le principal moyen de transport",I,_ST,Total des villes suisses,1,moins de 10 000,pen_tim,Transport individuel motorisé (TIM),OBS,Valeur observée,34149,,A,Valeur normale,2023,,28.04.2026,,28.04.2026,,,,POLG,Communes,06.04.2025,,DATASET_COMMENT,"Source: Office fédéral de la statistique – Pendularité (PEND), Relevé structurel (RS)

Les données concernent les 180 villes de la publication ""Statistiques des villes suisses"", constituées de 173 villes statistiques et de 7 autres membres de l'Union des villes suisses: Appenzell, Arosa, La Neuveville, Moutier, Morat, Willisau et Worb."
DATAFLOW,CH1.SSV:DF_SSV_MOB_COM(2026.1.0),"Statistiques des villes suisses 2026, pendulaires selon le principal moyen de transport",I,_ST,Total des villes suisses,3,15 000-19 999,pen_t,"Pendulaires, total",OBS,Valeur observée,267966,,A,Valeur normale,2023,,28.04.2026,,28.04.2026,,,,POLG,Communes,06.04.2025,,DATASET_COMMENT,"Source: Office fédéral de la statistique – Pendularité (PEND), Relevé structurel (RS)

Les données concernent les 180 villes de la publication ""Statistiques des villes suisses"", constituées de 173 villes statistiques et de 7 autres membres de l'Union des villes suisses: Appenzell, Arosa, La Neuveville, Moutier, Morat, Willisau et Worb."
DATAFLOW,CH1.SSV:DF_SSV_MOB_COM(2026.1.0),"Statistiques des villes suisses 2026, pendulaires selon le principal moyen de transport",I,_ST,Total des villes suisses,3,15 000-19 999,pen_tp,Transport public (TP),CI,Intervalle de confiance (+/-),3.64,,A,Valeur normale,2023,,28.04.2026,,28.04.2026,,,,POLG,Communes,06.04.2025,,DATASET_COMMENT,"Source: Office fédéral de la statistique – Pendularité (PEND), Relevé structurel (RS)

Les données concernent les 180 villes de la publication ""Statistiques des villes suisses"", constituées de 173 villes statistiques et de 7 autres membres de l'Union des villes suisses: Appenzell, Arosa, La Neuveville, Moutier, Morat, Willisau et Worb."
DATAFLOW,CH1.SSV:DF_SSV_MOB_COM(2026.1.0),"Statistiques des villes suisses 2026, pendulaires selon le principal moyen de transport",I,2,Affoltern am Albis,2,10 000-14 999,pen_tp,Transport public (TP),CI,Intervalle de confiance (+/-),30.38,,U,Faible fiabilité,2023,,28.04.2026,,28.04.2026,,,,POLG,Communes,06.04.2025,,DATASET_COMMENT,"Source: Office fédéral de la statistique – Pendularité (PEND), Relevé structurel (RS)

Les données concernent les 180 villes de la publication ""Statistiques des villes suisses"", constituées de 173 villes statistiques et de 7 autres membres de l'Union des villes suisses: Appenzell, Arosa, La Neuveville, Moutier, Morat, Willisau et Worb."
DATAFLOW,CH1.SSV:DF_SSV_MOB_COM(2026.1.0),"Statistiques des villes suisses 2026, pendulaires selon le principal moyen de transport",I,52,Bassersdorf,2,10 000-14 999,pen_t,"Pendulaires, total",OBS,Valeur observée,5192,,A,Valeur normale,2023,,28.04.2026,,28.04.2026,,,,POLG,Communes,06.04.2025,,DATASET_COMMENT,"Source: Office fédéral de la statistique – Pendularité (PEND), Relevé structurel (RS)

Les données concernent les 180 villes de la publication ""Statistiques des villes suisses"", constituées de 173 villes statistiques et de 7 autres membres de l'Union des villes suisses: Appenzell, Arosa, La Neuveville, Moutier, Morat, Willisau et Worb."
DATAFLOW,CH1.SSV:DF_SSV_MOB_COM(2026.1.0),"Statistiques des villes suisses 2026, pendulaires selon le principal moyen de transport",I,62,Kloten,4,20 000-49 999,pen_tim,Transport individuel motorisé (TIM),OBS,Valeur observée,3568,,A,Valeur normale,2023,,28.04.2026,,28.04.2026,,,,POLG,Communes,06.04.2025,,DATASET_COMMENT,"Source: Office fédéral de la statistique – Pendularité (PEND), Relevé structurel (RS)

Les données concernent les 180 villes de la publication ""Statistiques des villes suisses"", constituées de 173 villes statistiques et de 7 autres membres de l'Union des villes suisses: Appenzell, Arosa, La Neuveville, Moutier, Morat, Willisau et Worb."
DATAFLOW,CH1.SSV:DF_SSV_MOB_COM(2026.1.0),"Statistiques des villes suisses 2026, pendulaires selon le principal moyen de transport",I,97,Rümlang,1,moins de 10 000,pen_t,"Pendulaires, total",CI,Intervalle de confiance (+/-),21.73,,A,Valeur normale,2023,,28.04.2026,,28.04.2026,,,,POLG,Communes,06.04.2025,,DATASET_COMMENT,"Source: Office fédéral de la statistique – Pendularité (PEND), Relevé structurel (RS)

Les données concernent les 180 villes de la publication ""Statistiques des villes suisses"", constituées de 173 villes statistiques et de 7 autres membres de l'Union des villes suisses: Appenzell, Arosa, La Neuveville, Moutier, Morat, Willisau et Worb."
DATAFLOW,CH1.SSV:DF_SSV_MOB_COM(2026.1.0),"Statistiques des villes suisses 2026, pendulaires selon le principal moyen de transport",I,118,Rüti (ZH),2,10 000-14 999,pen_tim,Transport individuel motorisé (TIM),OBS,Valeur observée,2748,,A,Valeur normale,2023,,28.04.2026,,28.04.2026,,,,POLG,Communes,06.04.2025,,DATASET_COMMENT,"Source: Office fédéral de la statistique – Pendularité (PEND), Relevé structurel (RS)

Les données concernent les 180 villes de la publication ""Statistiques des villes suisses"", constituées de 173 villes statistiques et de 7 autres membres de l'Union des villes suisses: Appenzell, Arosa, La Neuveville, Moutier, Morat, Willisau et Worb."
DATAFLOW,CH1.SSV:DF_SSV_MOB_COM(2026.1.0),"Statistiques des villes suisses 2026, pendulaires selon le principal moyen de transport",I,131,Adliswil,3,15 000-19 999,pen_tp,Transport public (TP),OBS,Valeur observée,3775,,A,Valeur normale,2023,,28.04.2026,,28.04.2026,,,,POLG,Communes,06.04.2025,,DATASET_COMMENT,"Source: Office fédéral de la statistique – Pendularité (PEND), Relevé structurel (RS)

Les données concernent les 180 villes de la publication ""Statistiques des villes suisses"", constituées de 173 villes statistiques et de 7 autres membres de l'Union des villes suisses: Appenzell, Arosa, La Neuveville, Moutier, Morat, Willisau et Worb."
DATAFLOW,CH1.SSV:DF_SSV_MOB_COM(2026.1.0),"Statistiques des villes suisses 2026, pendulaires selon le principal moyen de transport",I,131,Adliswil,3,15 000-19 999,pen_tim,Transport individuel motorisé (TIM),CI,Intervalle de confiance (+/-),22.29,,A,Valeur normale,2023,,28.04.2026,,28.04.2026,,,,POLG,Communes,06.04.2025,,DATASET_COMMENT,"Source: Office fédéral de la statistique – Pendularité (PEND), Relevé structurel (RS)

Les données concernent les 180 villes de la publication ""Statistiques des villes suisses"", constituées de 173 villes statistiques et de 7 autres membres de l'Union des villes suisses: Appenzell, Arosa, La Neuveville, Moutier, Morat, Willisau et Worb."
DATAFLOW,CH1.SSV:DF_SSV_MOB_COM(2026.1.0),"Statistiques des villes suisses 2026, pendulaires selon le principal moyen de transport",I,141,Thalwil,3,15 000-19 999,pen_tim,Transport individuel motorisé (TIM),CI,Intervalle de confiance (+/-),23.07,,A,Valeur normale,2023,,28.04.2026,,28.04.2026,,,,POLG,Communes,06.04.2025,,DATASET_COMMENT,"Source: Office fédéral de la statistique – Pendularité (PEND), Relevé structurel (RS)

Les données concernent les 180 villes de la publication ""Statistiques des villes suisses"", constituées de 173 villes statistiques et de 7 autres membres de l'Union des villes suisses: Appenzell, Arosa, La Neuveville, Moutier, Morat, Willisau et Worb."
DATAFLOW,CH1.SSV:DF_SSV_MOB_COM(2026.1.0),"Statistiques des villes suisses 2026, pendulaires selon le principal moyen de transport",I,154,Küsnacht (ZH),3,15 000-19 999,pen_tp,Transport public (TP),OBS,Valeur observée,2988,,A,Valeur normale,2023,,28.04.2026,,28.04.2026,,,,POLG,Communes,06.04.2025,,DATASET_COMMENT,"Source: Office fédéral de la statistique – Pendularité (PEND), Relevé structurel (RS)

Les données concernent les 180 villes de la publication ""Statistiques des villes suisses"", constituées de 173 villes statistiques et de 7 autres membres de l'Union des villes suisses: Appenzell, Arosa, La Neuveville, Moutier, Morat, Willisau et Worb."
DATAFLOW,CH1.SSV:DF_SSV_MOB_COM(2026.1.0),"Statistiques des villes suisses 2026, pendulaires selon le principal moyen de transport",I,154,Küsnacht (ZH),3,15 000-19 999,pen_tp,Transport public (TP),CI,Intervalle de confiance (+/-),21.08,,A,Valeur normale,2023,,28.04.2026,,28.04.2026,,,,POLG,Communes,06.04.2025,,DATASET_COMMENT,"Source: Office fédéral de la statistique – Pendularité (PEND), Relevé structurel (RS)

Les données concernent les 180 villes de la publication ""Statistiques des villes suisses"", constituées de 173 villes statistiques et de 7 autres membres de l'Union des villes suisses: Appenzell, Arosa, La Neuveville, Moutier, Morat, Willisau et Worb."
DATAFLOW,CH1.SSV:DF_SSV_MOB_COM(2026.1.0),"Statistiques des villes suisses 2026, pendulaires selon le principal moyen de transport",I,161,Zollikon,2,10 000-14 999,pen_tim,Transport individuel motorisé (TIM),OBS,Valeur observée,1410,,U,Faible fiabilité,2023,,28.04.2026,,28.04.2026,,,,POLG,Communes,06.04.2025,,DATASET_COMMENT,"Source: Office fédéral de la statistique – Pendularité (PEND), Relevé structurel (RS)

Les données concernent les 180 villes de la publication ""Statistiques des villes suisses"", constituées de 173 villes statistiques et de 7 autres membres de l'Union des villes suisses: Appenzell, Arosa, La Neuveville, Moutier, Morat, Willisau et Worb."
DATAFLOW,CH1.SSV:DF_SSV_MOB_COM(2026.1.0),"Statistiques des villes suisses 2026, pendulaires selon le principal moyen de transport",I,177,Pfäffikon,2,10 000-14 999,pen_tp,Transport public (TP),CI,Intervalle de confiance (+/-),28.56,,U,Faible fiabilité,2023,,28.04.2026,,28.04.2026,,,,POLG,Communes,06.04.2025,,DATASET_COMMENT,"Source: Office fédéral de la statistique – Pendularité (PEND), Relevé structurel (RS)

Les données concernent les 180 villes de la publication ""Statistiques des villes suisses"", constituées de 173 villes statistiques et de 7 autres membres de l'Union des villes suisses: Appenzell, Arosa, La Neuveville, Moutier, Morat, Willisau et Worb."
DATAFLOW,CH1.SSV:DF_SSV_MOB_COM(2026.1.0),"Statistiques des villes suisses 2026, pendulaires selon le principal moyen de transport",I,191,Dübendorf,4,20 000-49 999,pen_t,"Pendulaires, total",OBS,Valeur observée,15117,,A,Valeur normale,2023,,28.04.2026,,28.04.2026,,,,POLG,Communes,06.04.2025,,DATASET_COMMENT,"Source: Office fédéral de la statistique – Pendularité (PEND), Relevé structurel (RS)

Les données concernent les 180 villes de la publication ""Statistiques des villes suisses"", constituées de 173 villes statistiques et de 7 autres membres de l'Union des villes suisses: Appenzell, Arosa, La Neuveville, Moutier, Morat, Willisau et Worb."
DATAFLOW,CH1.SSV:DF_SSV_MOB_COM(2026.1.0),"Statistiques des villes suisses 2026, pendulaires selon le principal moyen de transport",I,230,Winterthur,6,100 000 et plus,pen_tim,Transport individuel motorisé (TIM),OBS,Valeur observée,15165,,A,Valeur normale,2023,,28.04.2026,,28.04.2026,,,,POLG,Communes,06.04.2025,,DATASET_COMMENT,"Source: Office fédéral de la statistique – Pendularité (PEND), Relevé structurel (RS)

Les données concernent les 180 villes de la publication ""Statistiques des villes suisses"", constituées de 173 villes statistiques et de 7 autres membres de l'Union des villes suisses: Appenzell, Arosa, La Neuveville, Moutier, Morat, Willisau et Worb."
DATAFLOW,CH1.SSV:DF_SSV_MOB_COM(2026.1.0),"Statistiques des villes suisses 2026, pendulaires selon le principal moyen de transport",I,293,Wädenswil,4,20 000-49 999,pen_t,"Pendulaires, total",OBS,Valeur observée,10862,,A,Valeur normale,2023,,28.04.2026,,28.04.2026,,,,POLG,Communes,06.04.2025,,DATASET_COMMENT,"Source: Office fédéral de la statistique – Pendularité (PEND), Relevé structurel (RS)

Les données concernent les 180 villes de la publication ""Statistiques des villes suisses"", constituées de 173 villes statistiques et de 7 autres membres de l'Union des villes suisses: Appenzell, Arosa, La Neuveville, Moutier, Morat, Willisau et Worb."
DATAFLOW,CH1.SSV:DF_SSV_MOB_COM(2026.1.0),"Statistiques des villes suisses 2026, pendulaires selon le principal moyen de transport",I,293,Wädenswil,4,20 000-49 999,pen_tp,Transport public (TP),CI,Intervalle de confiance (+/-),17.35,,A,Valeur normale,2023,,28.04.2026,,28.04.2026,,,,POLG,Communes,06.04.2025,,DATASET_COMMENT,"Source: Office fédéral de la statistique – Pendularité (PEND), Relevé structurel (RS)

Les données concernent les 180 villes de la publication ""Statistiques des villes suisses"", constituées de 173 villes statistiques et de 7 autres membres de l'Union des villes suisses: Appenzell, Arosa, La Neuveville, Moutier, Morat, Willisau et Worb."
DATAFLOW,CH1.SSV:DF_SSV_MOB_COM(2026.1.0),"Statistiques des villes suisses 2026, pendulaires selon le principal moyen de transport",I,295,Horgen,4,20 000-49 999,pen_tim,Transport individuel motorisé (TIM),OBS,Valeur observée,4240,,A,Valeur normale,2023,,28.04.2026,,28.04.2026,,,,POLG,Communes,06.04.2025,,DATASET_COMMENT,"Source: Office fédéral de la statistique – Pendularité (PEND), Relevé structurel (RS)

Les données concernent les 180 villes de la publication ""Statistiques des villes suisses"", constituées de 173 villes statistiques et de 7 autres membres de l'Union des villes suisses: Appenzell, Arosa, La Neuveville, Moutier, Morat, Willisau et Worb."
DATAFLOW,CH1.SSV:DF_SSV_MOB_COM(2026.1.0),"Statistiques des villes suisses 2026, pendulaires selon le principal moyen de transport",I,296,Illnau-Effretikon,3,15 000-19 999,pen_tp,Transport public (TP),CI,Intervalle de confiance (+/-),21.55,,A,Valeur normale,2023,,28.04.2026,,28.04.2026,,,,POLG,Communes,06.04.2025,,DATASET_COMMENT,"Source: Office fédéral de la statistique – Pendularité (PEND), Relevé structurel (RS)

Les données concernent les 180 villes de la publication ""Statistiques des villes suisses"", constituées de 173 villes statistiques et de 7 autres membres de l'Union des villes suisses: Appenzell, Arosa, La Neuveville, Moutier, Morat, Willisau et Worb."
DATAFLOW,CH1.SSV:DF_SSV_MOB_COM(2026.1.0),"Statistiques des villes suisses 2026, pendulaires selon le principal moyen de transport",I,351,Bern,6,100 000 et plus,pen_tim,Transport individuel motorisé (TIM),OBS,Valeur observée,9805,,A,Valeur normale,2023,,28.04.2026,,28.04.2026,,,,POLG,Communes,06.04.2025,,DATASET_COMMENT,"Source: Office fédéral de la statistique – Pendularité (PEND), Relevé structurel (RS)

Les données concernent les 180 villes de la publication ""Statistiques des villes suisses"", constituées de 173 villes statistiques et de 7 autres membres de l'Union des villes suisses: Appenzell, Arosa, La Neuveville, Moutier, Morat, Willisau et Worb."
DATAFLOW,CH1.SSV:DF_SSV_MOB_COM(2026.1.0),"Statistiques des villes suisses 2026, pendulaires selon le principal moyen de transport",I,363,Ostermundigen,3,15 000-19 999,pen_tim,Transport individuel motorisé (TIM),OBS,Valeur observée,2458,,A,Valeur normale,2023,,28.04.2026,,28.04.2026,,,,POLG,Communes,06.04.2025,,DATASET_COMMENT,"Source: Office fédéral de la statistique – Pendularité (PEND), Relevé structurel (RS)

Les données concernent les 180 villes de la publication ""Statistiques des villes suisses"", constituées de 173 villes statistiques et de 7 autres membres de l'Union des villes suisses: Appenzell, Arosa, La Neuveville, Moutier, Morat, Willisau et Worb."
DATAFLOW,CH1.SSV:DF_SSV_MOB_COM(2026.1.0),"Statistiques des villes suisses 2026, pendulaires selon le principal moyen de transport",I,1058,Horw,3,15 000-19 999,pen_t,"Pendulaires, total",OBS,Valeur observée,6593,,A,Valeur normale,2023,,28.04.2026,,28.04.2026,,,,POLG,Communes,06.04.2025,,DATASET_COMMENT,"Source: Office fédéral de la statistique – Pendularité (PEND), Relevé structurel (RS)

Les données concernent les 180 villes de la publication ""Statistiques des villes suisses"", constituées de 173 villes statistiques et de 7 autres membres de l'Union des villes suisses: Appenzell, Arosa, La Neuveville, Moutier, Morat, Willisau et Worb."
DATAFLOW,CH1.SSV:DF_SSV_MOB_COM(2026.1.0),"Statistiques des villes suisses 2026, pendulaires selon le principal moyen de transport",I,1301,Einsiedeln,3,15 000-19 999,pen_tim,Transport individuel motorisé (TIM),OBS,Valeur observée,4583,,A,Valeur normale,2023,,28.04.2026,,28.04.2026,,,,POLG,Communes,06.04.2025,,DATASET_COMMENT,"Source: Office fédéral de la statistique – Pendularité (PEND), Relevé structurel (RS)

Les données concernent les 180 villes de la publication ""Statistiques des villes suisses"", constituées de 173 villes statistiques et de 7 autres membres de l'Union des villes suisses: Appenzell, Arosa, La Neuveville, Moutier, Morat, Willisau et Worb."
DATAFLOW,CH1.SSV:DF_SSV_MOB_COM(2026.1.0),"Statistiques des villes suisses 2026, pendulaires selon le principal moyen de transport",I,1630,Glarus Nord,3,15 000-19 999,pen_t,"Pendulaires, total",CI,Intervalle de confiance (+/-),12.93,,A,Valeur normale,2023,,28.04.2026,,28.04.2026,,,,POLG,Communes,06.04.2025,,DATASET_COMMENT,"Source: Office fédéral de la statistique – Pendularité (PEND), Relevé structurel (RS)

Les données concernent les 180 villes de la publication ""Statistiques des villes suisses"", constituées de 173 villes statistiques et de 7 autres membres de l'Union des villes suisses: Appenzell, Arosa, La Neuveville, Moutier, Morat, Willisau et Worb."
DATAFLOW,CH1.SSV:DF_SSV_MOB_COM(2026.1.0),"Statistiques des villes suisses 2026, pendulaires selon le principal moyen de transport",I,1701,Baar,4,20 000-49 999,pen_tim,Transport individuel motorisé (TIM),CI,Intervalle de confiance (+/-),11.9,,A,Valeur normale,2023,,28.04.2026,,28.04.2026,,,,POLG,Communes,06.04.2025,,DATASET_COMMENT,"Source: Office fédéral de la statistique – Pendularité (PEND), Relevé structurel (RS)

Les données concernent les 180 villes de la publication ""Statistiques des villes suisses"", constituées de 173 villes statistiques et de 7 autres membres de l'Union des villes suisses: Appenzell, Arosa, La Neuveville, Moutier, Morat, Willisau et Worb."
DATAFLOW,CH1.SSV:DF_SSV_MOB_COM(2026.1.0),"Statistiques des villes suisses 2026, pendulaires selon le principal moyen de transport",I,1702,Cham,3,15 000-19 999,pen_t,"Pendulaires, total",OBS,Valeur observée,7264,,A,Valeur normale,2023,,28.04.2026,,28.04.2026,,,,POLG,Communes,06.04.2025,,DATASET_COMMENT,"Source: Office fédéral de la statistique – Pendularité (PEND), Relevé structurel (RS)

Les données concernent les 180 villes de la publication ""Statistiques des villes suisses"", constituées de 173 villes statistiques et de 7 autres membres de l'Union des villes suisses: Appenzell, Arosa, La Neuveville, Moutier, Morat, Willisau et Worb."
DATAFLOW,CH1.SSV:DF_SSV_MOB_COM(2026.1.0),"Statistiques des villes suisses 2026, pendulaires selon le principal moyen de transport",I,1707,Risch,2,10 000-14 999,pen_t,"Pendulaires, total",CI,Intervalle de confiance (+/-),11.1,,A,Valeur normale,2023,,28.04.2026,,28.04.2026,,,,POLG,Communes,06.04.2025,,DATASET_COMMENT,"Source: Office fédéral de la statistique – Pendularité (PEND), Relevé structurel (RS)

Les données concernent les 180 villes de la publication ""Statistiques des villes suisses"", constituées de 173 villes statistiques et de 7 autres membres de l'Union des villes suisses: Appenzell, Arosa, La Neuveville, Moutier, Morat, Willisau et Worb."
DATAFLOW,CH1.SSV:DF_SSV_MOB_COM(2026.1.0),"Statistiques des villes suisses 2026, pendulaires selon le principal moyen de transport",I,1707,Risch,2,10 000-14 999,pen_tp,Transport public (TP),CI,Intervalle de confiance (+/-),20.09,,A,Valeur normale,2023,,28.04.2026,,28.04.2026,,,,POLG,Communes,06.04.2025,,DATASET_COMMENT,"Source: Office fédéral de la statistique – Pendularité (PEND), Relevé structurel (RS)

Les données concernent les 180 villes de la publication ""Statistiques des villes suisses"", constituées de 173 villes statistiques et de 7 autres membres de l'Union des villes suisses: Appenzell, Arosa, La Neuveville, Moutier, Morat, Willisau et Worb."
DATAFLOW,CH1.SSV:DF_SSV_MOB_COM(2026.1.0),"Statistiques des villes suisses 2026, pendulaires selon le principal moyen de transport",I,2196,Fribourg,4,20 000-49 999,pen_t,"Pendulaires, total",OBS,Valeur observée,14501,,A,Valeur normale,2023,,28.04.2026,,28.04.2026,,,,POLG,Communes,06.04.2025,,DATASET_COMMENT,"Source: Office fédéral de la statistique – Pendularité (PEND), Relevé structurel (RS)

Les données concernent les 180 villes de la publication ""Statistiques des villes suisses"", constituées de 173 villes statistiques et de 7 autres membres de l'Union des villes suisses: Appenzell, Arosa, La Neuveville, Moutier, Morat, Willisau et Worb."
DATAFLOW,CH1.SSV:DF_SSV_MOB_COM(2026.1.0),"Statistiques des villes suisses 2026, pendulaires selon le principal moyen de transport",I,2196,Fribourg,4,20 000-49 999,pen_tp,Transport public (TP),OBS,Valeur observée,6322,,A,Valeur normale,2023,,28.04.2026,,28.04.2026,,,,POLG,Communes,06.04.2025,,DATASET_COMMENT,"Source: Office fédéral de la statistique – Pendularité (PEND), Relevé structurel (RS)

Les données concernent les 180 villes de la publication ""Statistiques des villes suisses"", constituées de 173 villes statistiques et de 7 autres membres de l'Union des villes suisses: Appenzell, Arosa, La Neuveville, Moutier, Morat, Willisau et Worb."
DATAFLOW,CH1.SSV:DF_SSV_MOB_COM(2026.1.0),"Statistiques des villes suisses 2026, pendulaires selon le principal moyen de transport",I,2196,Fribourg,4,20 000-49 999,pen_tp,Transport public (TP),CI,Intervalle de confiance (+/-),14.8,,A,Valeur normale,2023,,28.04.2026,,28.04.2026,,,,POLG,Communes,06.04.2025,,DATASET_COMMENT,"Source: Office fédéral de la statistique – Pendularité (PEND), Relevé structurel (RS)

Les données concernent les 180 villes de la publication ""Statistiques des villes suisses"", constituées de 173 villes statistiques et de 7 autres membres de l'Union des villes suisses: Appenzell, Arosa, La Neuveville, Moutier, Morat, Willisau et Worb."
DATAFLOW,CH1.SSV:DF_SSV_MOB_COM(2026.1.0),"Statistiques des villes suisses 2026, pendulaires selon le principal moyen de transport",I,2581,Olten,3,15 000-19 999,pen_t,"Pendulaires, total",OBS,Valeur observée,7707,,A,Valeur normale,2023,,28.04.2026,,28.04.2026,,,,POLG,Communes,06.04.2025,,DATASET_COMMENT,"Source: Office fédéral de la statistique – Pendularité (PEND), Relevé structurel (RS)

Les données concernent les 180 villes de la publication ""Statistiques des villes suisses"", constituées de 173 villes statistiques et de 7 autres membres de l'Union des villes suisses: Appenzell, Arosa, La Neuveville, Moutier, Morat, Willisau et Worb."
DATAFLOW,CH1.SSV:DF_SSV_MOB_COM(2026.1.0),"Statistiques des villes suisses 2026, pendulaires selon le principal moyen de transport",I,2703,Riehen,4,20 000-49 999,pen_tim,Transport individuel motorisé (TIM),OBS,Valeur observée,1860,,A,Valeur normale,2023,,28.04.2026,,28.04.2026,,,,POLG,Communes,06.04.2025,,DATASET_COMMENT,"Source: Office fédéral de la statistique – Pendularité (PEND), Relevé structurel (RS)

Les données concernent les 180 villes de la publication ""Statistiques des villes suisses"", constituées de 173 villes statistiques et de 7 autres membres de l'Union des villes suisses: Appenzell, Arosa, La Neuveville, Moutier, Morat, Willisau et Worb."
DATAFLOW,CH1.SSV:DF_SSV_MOB_COM(2026.1.0),"Statistiques des villes suisses 2026, pendulaires selon le principal moyen de transport",I,2770,Muttenz,3,15 000-19 999,pen_tim,Transport individuel motorisé (TIM),CI,Intervalle de confiance (+/-),21.97,,A,Valeur normale,2023,,28.04.2026,,28.04.2026,,,,POLG,Communes,06.04.2025,,DATASET_COMMENT,"Source: Office fédéral de la statistique – Pendularité (PEND), Relevé structurel (RS)

Les données concernent les 180 villes de la publication ""Statistiques des villes suisses"", constituées de 173 villes statistiques et de 7 autres membres de l'Union des villes suisses: Appenzell, Arosa, La Neuveville, Moutier, Morat, Willisau et Worb."
DATAFLOW,CH1.SSV:DF_SSV_MOB_COM(2026.1.0),"Statistiques des villes suisses 2026, pendulaires selon le principal moyen de transport",I,2829,Liestal,3,15 000-19 999,pen_tim,Transport individuel motorisé (TIM),OBS,Valeur observée,2651,,A,Valeur normale,2023,,28.04.2026,,28.04.2026,,,,POLG,Communes,06.04.2025,,DATASET_COMMENT,"Source: Office fédéral de la statistique – Pendularité (PEND), Relevé structurel (RS)

Les données concernent les 180 villes de la publication ""Statistiques des villes suisses"", constituées de 173 villes statistiques et de 7 autres membres de l'Union des villes suisses: Appenzell, Arosa, La Neuveville, Moutier, Morat, Willisau et Worb."
DATAFLOW,CH1.SSV:DF_SSV_MOB_COM(2026.1.0),"Statistiques des villes suisses 2026, pendulaires selon le principal moyen de transport",I,3238,Widnau,2,10 000-14 999,pen_t,"Pendulaires, total",OBS,Valeur observée,5330,,A,Valeur normale,2023,,28.04.2026,,28.04.2026,,,,POLG,Communes,06.04.2025,,DATASET_COMMENT,"Source: Office fédéral de la statistique – Pendularité (PEND), Relevé structurel (RS)

Les données concernent les 180 villes de la publication ""Statistiques des villes suisses"", constituées de 173 villes statistiques et de 7 autres membres de l'Union des villes suisses: Appenzell, Arosa, La Neuveville, Moutier, Morat, Willisau et Worb."
DATAFLOW,CH1.SSV:DF_SSV_MOB_COM(2026.1.0),"Statistiques des villes suisses 2026, pendulaires selon le principal moyen de transport",I,3851,Davos,2,10 000-14 999,pen_t,"Pendulaires, total",CI,Intervalle de confiance (+/-),16.13,,A,Valeur normale,2023,,28.04.2026,,28.04.2026,,,,POLG,Communes,06.04.2025,,DATASET_COMMENT,"Source: Office fédéral de la statistique – Pendularité (PEND), Relevé structurel (RS)

Les données concernent les 180 villes de la publication ""Statistiques des villes suisses"", constituées de 173 villes statistiques et de 7 autres membres de l'Union des villes suisses: Appenzell, Arosa, La Neuveville, Moutier, Morat, Willisau et Worb."
DATAFLOW,CH1.SSV:DF_SSV_MOB_COM(2026.1.0),"Statistiques des villes suisses 2026, pendulaires selon le principal moyen de transport",I,3921,Arosa,1,moins de 10 000,pen_tim,Transport individuel motorisé (TIM),OBS,Valeur observée,299,,U,Faible fiabilité,2023,,28.04.2026,,28.04.2026,,,,POLG,Communes,06.04.2025,,DATASET_COMMENT,"Source: Office fédéral de la statistique – Pendularité (PEND), Relevé structurel (RS)

Les données concernent les 180 villes de la publication ""Statistiques des villes suisses"", constituées de 173 villes statistiques et de 7 autres membres de l'Union des villes suisses: Appenzell, Arosa, La Neuveville, Moutier, Morat, Willisau et Worb."
DATAFLOW,CH1.SSV:DF_SSV_MOB_COM(2026.1.0),"Statistiques des villes suisses 2026, pendulaires selon le principal moyen de transport",I,4289,Zofingen,2,10 000-14 999,pen_tp,Transport public (TP),OBS,Valeur observée,1619,,A,Valeur normale,2023,,28.04.2026,,28.04.2026,,,,POLG,Communes,06.04.2025,,DATASET_COMMENT,"Source: Office fédéral de la statistique – Pendularité (PEND), Relevé structurel (RS)

Les données concernent les 180 villes de la publication ""Statistiques des villes suisses"", constituées de 173 villes statistiques et de 7 autres membres de l'Union des villes suisses: Appenzell, Arosa, La Neuveville, Moutier, Morat, Willisau et Worb."
DATAFLOW,CH1.SSV:DF_SSV_MOB_COM(2026.1.0),"Statistiques des villes suisses 2026, pendulaires selon le principal moyen de transport",I,4461,Amriswil,2,10 000-14 999,pen_t,"Pendulaires, total",CI,Intervalle de confiance (+/-),16.09,,A,Valeur normale,2023,,28.04.2026,,28.04.2026,,,,POLG,Communes,06.04.2025,,DATASET_COMMENT,"Source: Office fédéral de la statistique – Pendularité (PEND), Relevé structurel (RS)

Les données concernent les 180 villes de la publication ""Statistiques des villes suisses"", constituées de 173 villes statistiques et de 7 autres membres de l'Union des villes suisses: Appenzell, Arosa, La Neuveville, Moutier, Morat, Willisau et Worb."
DATAFLOW,CH1.SSV:DF_SSV_MOB_COM(2026.1.0),"Statistiques des villes suisses 2026, pendulaires selon le principal moyen de transport",I,4566,Frauenfeld,4,20 000-49 999,pen_tp,Transport public (TP),CI,Intervalle de confiance (+/-),21,,A,Valeur normale,2023,,28.04.2026,,28.04.2026,,,,POLG,Communes,06.04.2025,,DATASET_COMMENT,"Source: Office fédéral de la statistique – Pendularité (PEND), Relevé structurel (RS)

Les données concernent les 180 villes de la publication ""Statistiques des villes suisses"", constituées de 173 villes statistiques et de 7 autres membres de l'Union des villes suisses: Appenzell, Arosa, La Neuveville, Moutier, Morat, Willisau et Worb."
DATAFLOW,CH1.SSV:DF_SSV_MOB_COM(2026.1.0),"Statistiques des villes suisses 2026, pendulaires selon le principal moyen de transport",I,5583,Crissier,1,moins de 10 000,pen_t,"Pendulaires, total",OBS,Valeur observée,2789,,A,Valeur normale,2023,,28.04.2026,,28.04.2026,,,,POLG,Communes,06.04.2025,,DATASET_COMMENT,"Source: Office fédéral de la statistique – Pendularité (PEND), Relevé structurel (RS)

Les données concernent les 180 villes de la publication ""Statistiques des villes suisses"", constituées de 173 villes statistiques et de 7 autres membres de l'Union des villes suisses: Appenzell, Arosa, La Neuveville, Moutier, Morat, Willisau et Worb."
DATAFLOW,CH1.SSV:DF_SSV_MOB_COM(2026.1.0),"Statistiques des villes suisses 2026, pendulaires selon le principal moyen de transport",I,5583,Crissier,1,moins de 10 000,pen_tp,Transport public (TP),CI,Intervalle de confiance (+/-),24.56,,A,Valeur normale,2023,,28.04.2026,,28.04.2026,,,,POLG,Communes,06.04.2025,,DATASET_COMMENT,"Source: Office fédéral de la statistique – Pendularité (PEND), Relevé structurel (RS)

Les données concernent les 180 villes de la publication ""Statistiques des villes suisses"", constituées de 173 villes statistiques et de 7 autres membres de l'Union des villes suisses: Appenzell, Arosa, La Neuveville, Moutier, Morat, Willisau et Worb."
DATAFLOW,CH1.SSV:DF_SSV_MOB_COM(2026.1.0),"Statistiques des villes suisses 2026, pendulaires selon le principal moyen de transport",I,5586,Lausanne,6,100 000 et plus,pen_tim,Transport individuel motorisé (TIM),CI,Intervalle de confiance (+/-),6.59,,A,Valeur normale,2023,,28.04.2026,,28.04.2026,,,,POLG,Communes,06.04.2025,,DATASET_COMMENT,"Source: Office fédéral de la statistique – Pendularité (PEND), Relevé structurel (RS)

Les données concernent les 180 villes de la publication ""Statistiques des villes suisses"", constituées de 173 villes statistiques et de 7 autres membres de l'Union des villes suisses: Appenzell, Arosa, La Neuveville, Moutier, Morat, Willisau et Worb."
DATAFLOW,CH1.SSV:DF_SSV_MOB_COM(2026.1.0),"Statistiques des villes suisses 2026, pendulaires selon le principal moyen de transport",I,5587,Le Mont-sur-Lausanne,1,moins de 10 000,pen_tp,Transport public (TP),OBS,Valeur observée,1215,,A,Valeur normale,2023,,28.04.2026,,28.04.2026,,,,POLG,Communes,06.04.2025,,DATASET_COMMENT,"Source: Office fédéral de la statistique – Pendularité (PEND), Relevé structurel (RS)

Les données concernent les 180 villes de la publication ""Statistiques des villes suisses"", constituées de 173 villes statistiques et de 7 autres membres de l'Union des villes suisses: Appenzell, Arosa, La Neuveville, Moutier, Morat, Willisau et Worb."
DATAFLOW,CH1.SSV:DF_SSV_MOB_COM(2026.1.0),"Statistiques des villes suisses 2026, pendulaires selon le principal moyen de transport",I,5889,La Tour-de-Peilz,2,10 000-14 999,pen_t,"Pendulaires, total",CI,Intervalle de confiance (+/-),11.22,,A,Valeur normale,2023,,28.04.2026,,28.04.2026,,,,POLG,Communes,06.04.2025,,DATASET_COMMENT,"Source: Office fédéral de la statistique – Pendularité (PEND), Relevé structurel (RS)

Les données concernent les 180 villes de la publication ""Statistiques des villes suisses"", constituées de 173 villes statistiques et de 7 autres membres de l'Union des villes suisses: Appenzell, Arosa, La Neuveville, Moutier, Morat, Willisau et Worb."
DATAFLOW,CH1.SSV:DF_SSV_MOB_COM(2026.1.0),"Statistiques des villes suisses 2026, pendulaires selon le principal moyen de transport",I,5890,Vevey,4,20 000-49 999,pen_tp,Transport public (TP),OBS,Valeur observée,4200,,A,Valeur normale,2023,,28.04.2026,,28.04.2026,,,,POLG,Communes,06.04.2025,,DATASET_COMMENT,"Source: Office fédéral de la statistique – Pendularité (PEND), Relevé structurel (RS)

Les données concernent les 180 villes de la publication ""Statistiques des villes suisses"", constituées de 173 villes statistiques et de 7 autres membres de l'Union des villes suisses: Appenzell, Arosa, La Neuveville, Moutier, Morat, Willisau et Worb."
DATAFLOW,CH1.SSV:DF_SSV_MOB_COM(2026.1.0),"Statistiques des villes suisses 2026, pendulaires selon le principal moyen de transport",I,5890,Vevey,4,20 000-49 999,pen_tp,Transport public (TP),CI,Intervalle de confiance (+/-),12.62,,A,Valeur normale,2023,,28.04.2026,,28.04.2026,,,,POLG,Communes,06.04.2025,,DATASET_COMMENT,"Source: Office fédéral de la statistique – Pendularité (PEND), Relevé structurel (RS)

Les données concernent les 180 villes de la publication ""Statistiques des villes suisses"", constituées de 173 villes statistiques et de 7 autres membres de l'Union des villes suisses: Appenzell, Arosa, La Neuveville, Moutier, Morat, Willisau et Worb."
DATAFLOW,CH1.SSV:DF_SSV_MOB_COM(2026.1.0),"Statistiques des villes suisses 2026, pendulaires selon le principal moyen de transport",I,5890,Vevey,4,20 000-49 999,pen_tim,Transport individuel motorisé (TIM),CI,Intervalle de confiance (+/-),16.81,,A,Valeur normale,2023,,28.04.2026,,28.04.2026,,,,POLG,Communes,06.04.2025,,DATASET_COMMENT,"Source: Office fédéral de la statistique – Pendularité (PEND), Relevé structurel (RS)

Les données concernent les 180 villes de la publication ""Statistiques des villes suisses"", constituées de 173 villes statistiques et de 7 autres membres de l'Union des villes suisses: Appenzell, Arosa, La Neuveville, Moutier, Morat, Willisau et Worb."
DATAFLOW,CH1.SSV:DF_SSV_MOB_COM(2026.1.0),"Statistiques des villes suisses 2026, pendulaires selon le principal moyen de transport",I,6248,Sierre,3,15 000-19 999,pen_t,"Pendulaires, total",OBS,Valeur observée,7690,,A,Valeur normale,2023,,28.04.2026,,28.04.2026,,,,POLG,Communes,06.04.2025,,DATASET_COMMENT,"Source: Office fédéral de la statistique – Pendularité (PEND), Relevé structurel (RS)

Les données concernent les 180 villes de la publication ""Statistiques des villes suisses"", constituées de 173 villes statistiques et de 7 autres membres de l'Union des villes suisses: Appenzell, Arosa, La Neuveville, Moutier, Morat, Willisau et Worb."
DATAFLOW,CH1.SSV:DF_SSV_MOB_COM(2026.1.0),"Statistiques des villes suisses 2026, pendulaires selon le principal moyen de transport",I,6300,Zermatt,1,moins de 10 000,pen_t,"Pendulaires, total",OBS,Valeur observée,3278,,A,Valeur normale,2023,,28.04.2026,,28.04.2026,,,,POLG,Communes,06.04.2025,,DATASET_COMMENT,"Source: Office fédéral de la statistique – Pendularité (PEND), Relevé structurel (RS)

Les données concernent les 180 villes de la publication ""Statistiques des villes suisses"", constituées de 173 villes statistiques et de 7 autres membres de l'Union des villes suisses: Appenzell, Arosa, La Neuveville, Moutier, Morat, Willisau et Worb."
DATAFLOW,CH1.SSV:DF_SSV_MOB_COM(2026.1.0),"Statistiques des villes suisses 2026, pendulaires selon le principal moyen de transport",I,6436,Le Locle,2,10 000-14 999,pen_tp,Transport public (TP),CI,Intervalle de confiance (+/-),24.63,,A,Valeur normale,2023,,28.04.2026,,28.04.2026,,,,POLG,Communes,06.04.2025,,DATASET_COMMENT,"Source: Office fédéral de la statistique – Pendularité (PEND), Relevé structurel (RS)

Les données concernent les 180 villes de la publication ""Statistiques des villes suisses"", constituées de 173 villes statistiques et de 7 autres membres de l'Union des villes suisses: Appenzell, Arosa, La Neuveville, Moutier, Morat, Willisau et Worb."
DATAFLOW,CH1.SSV:DF_SSV_MOB_COM(2026.1.0),"Statistiques des villes suisses 2026, pendulaires selon le principal moyen de transport",I,6608,Carouge (GE),4,20 000-49 999,pen_t,"Pendulaires, total",CI,Intervalle de confiance (+/-),9.39,,A,Valeur normale,2023,,28.04.2026,,28.04.2026,,,,POLG,Communes,06.04.2025,,DATASET_COMMENT,"Source: Office fédéral de la statistique – Pendularité (PEND), Relevé structurel (RS)

Les données concernent les 180 villes de la publication ""Statistiques des villes suisses"", constituées de 173 villes statistiques et de 7 autres membres de l'Union des villes suisses: Appenzell, Arosa, La Neuveville, Moutier, Morat, Willisau et Worb."
DATAFLOW,CH1.SSV:DF_SSV_MOB_COM(2026.1.0),"Statistiques des villes suisses 2026, pendulaires selon le principal moyen de transport",I,6628,Lancy,4,20 000-49 999,pen_tp,Transport public (TP),CI,Intervalle de confiance (+/-),10.18,,A,Valeur normale,2023,,28.04.2026,,28.04.2026,,,,POLG,Communes,06.04.2025,,DATASET_COMMENT,"Source: Office fédéral de la statistique – Pendularité (PEND), Relevé structurel (RS)

Les données concernent les 180 villes de la publication ""Statistiques des villes suisses"", constituées de 173 villes statistiques et de 7 autres membres de l'Union des villes suisses: Appenzell, Arosa, La Neuveville, Moutier, Morat, Willisau et Worb."
DATAFLOW,CH1.SSV:DF_SSV_MOB_COM(2026.1.0),"Statistiques des villes suisses 2026, pendulaires selon le principal moyen de transport",I,6631,Onex,3,15 000-19 999,pen_tim,Transport individuel motorisé (TIM),OBS,Valeur observée,2195,,A,Valeur normale,2023,,28.04.2026,,28.04.2026,,,,POLG,Communes,06.04.2025,,DATASET_COMMENT,"Source: Office fédéral de la statistique – Pendularité (PEND), Relevé structurel (RS)

Les données concernent les 180 villes de la publication ""Statistiques des villes suisses"", constituées de 173 villes statistiques et de 7 autres membres de l'Union des villes suisses: Appenzell, Arosa, La Neuveville, Moutier, Morat, Willisau et Worb."
DATAFLOW,CH1.SSV:DF_SSV_MOB_COM(2026.1.0),"Statistiques des villes suisses 2026, pendulaires selon le principal moyen de transport",I,6631,Onex,3,15 000-19 999,pen_tim,Transport individuel motorisé (TIM),CI,Intervalle de confiance (+/-),17.83,,A,Valeur normale,2023,,28.04.2026,,28.04.2026,,,,POLG,Communes,06.04.2025,,DATASET_COMMENT,"Source: Office fédéral de la statistique – Pendularité (PEND), Relevé structurel (RS)

Les données concernent les 180 villes de la publication ""Statistiques des villes suisses"", constituées de 173 villes statistiques et de 7 autres membres de l'Union des villes suisses: Appenzell, Arosa, La Neuveville, Moutier, Morat, Willisau et Worb."
DATAFLOW,CH1.SSV:DF_SSV_MOB_COM(2026.1.0),"Statistiques des villes suisses 2026, pendulaires selon le principal moyen de transport",I,6645,Veyrier,2,10 000-14 999,pen_t,"Pendulaires, total",CI,Intervalle de confiance (+/-),12.32,,A,Valeur normale,2023,,28.04.2026,,28.04.2026,,,,POLG,Communes,06.04.2025,,DATASET_COMMENT,"Source: Office fédéral de la statistique – Pendularité (PEND), Relevé structurel (RS)

Les données concernent les 180 villes de la publication ""Statistiques des villes suisses"", constituées de 173 villes statistiques et de 7 autres membres de l'Union des villes suisses: Appenzell, Arosa, La Neuveville, Moutier, Morat, Willisau et Worb."
DATAFLOW,CH1.SSV:DF_SSV_MOB_COM(2026.1.0),"Statistiques des villes suisses 2026, pendulaires selon le principal moyen de transport",I,6513,Laténa,2,10 000-14 999,pen_t,"Pendulaires, total",CI,Intervalle de confiance (+/-),11.92,,A,Valeur normale,2023,,28.04.2026,,28.04.2026,,,,POLG,Communes,06.04.2025,,DATASET_COMMENT,"Source: Office fédéral de la statistique – Pendularité (PEND), Relevé structurel (RS)

Les données concernent les 180 villes de la publication ""Statistiques des villes suisses"", constituées de 173 villes statistiques et de 7 autres membres de l'Union des villes suisses: Appenzell, Arosa, La Neuveville, Moutier, Morat, Willisau et Worb."
DATAFLOW,CH1.SSV:DF_SSV_MOB_COM(2026.1.0),"Statistiques des villes suisses 2026, pendulaires selon le principal moyen de transport",I,_ST,Total des villes suisses,3,15 000-19 999,pen_tim,Transport individuel motorisé (TIM),CI,Intervalle de confiance (+/-),2.99,,A,Valeur normale,2023,,28.04.2026,,28.04.2026,,,,POLG,Communes,06.04.2025,,DATASET_COMMENT,"Source: Office fédéral de la statistique – Pendularité (PEND), Relevé structurel (RS)

Les données concernent les 180 villes de la publication ""Statistiques des villes suisses"", constituées de 173 villes statistiques et de 7 autres membres de l'Union des villes suisses: Appenzell, Arosa, La Neuveville, Moutier, Morat, Willisau et Worb."
DATAFLOW,CH1.SSV:DF_SSV_MOB_COM(2026.1.0),"Statistiques des villes suisses 2026, pendulaires selon le principal moyen de transport",I,_ST,Total des villes suisses,4,20 000-49 999,pen_t,"Pendulaires, total",CI,Intervalle de confiance (+/-),1.39,,A,Valeur normale,2023,,28.04.2026,,28.04.2026,,,,POLG,Communes,06.04.2025,,DATASET_COMMENT,"Source: Office fédéral de la statistique – Pendularité (PEND), Relevé structurel (RS)

Les données concernent les 180 villes de la publication ""Statistiques des villes suisses"", constituées de 173 villes statistiques et de 7 autres membres de l'Union des villes suisses: Appenzell, Arosa, La Neuveville, Moutier, Morat, Willisau et Worb."
DATAFLOW,CH1.SSV:DF_SSV_MOB_COM(2026.1.0),"Statistiques des villes suisses 2026, pendulaires selon le principal moyen de transport",I,_ST,Total des villes suisses,4,20 000-49 999,pen_tp,Transport public (TP),CI,Intervalle de confiance (+/-),2.34,,A,Valeur normale,2023,,28.04.2026,,28.04.2026,,,,POLG,Communes,06.04.2025,,DATASET_COMMENT,"Source: Office fédéral de la statistique – Pendularité (PEND), Relevé structurel (RS)

Les données concernent les 180 villes de la publication ""Statistiques des villes suisses"", constituées de 173 villes statistiques et de 7 autres membres de l'Union des villes suisses: Appenzell, Arosa, La Neuveville, Moutier, Morat, Willisau et Worb."
DATAFLOW,CH1.SSV:DF_SSV_MOB_COM(2026.1.0),"Statistiques des villes suisses 2026, pendulaires selon le principal moyen de transport",I,2,Affoltern am Albis,2,10 000-14 999,pen_t,"Pendulaires, total",CI,Intervalle de confiance (+/-),17.56,,A,Valeur normale,2023,,28.04.2026,,28.04.2026,,,,POLG,Communes,06.04.2025,,DATASET_COMMENT,"Source: Office fédéral de la statistique – Pendularité (PEND), Relevé structurel (RS)

Les données concernent les 180 villes de la publication ""Statistiques des villes suisses"", constituées de 173 villes statistiques et de 7 autres membres de l'Union des villes suisses: Appenzell, Arosa, La Neuveville, Moutier, Morat, Willisau et Worb."
DATAFLOW,CH1.SSV:DF_SSV_MOB_COM(2026.1.0),"Statistiques des villes suisses 2026, pendulaires selon le principal moyen de transport",I,117,Hinwil,2,10 000-14 999,pen_tim,Transport individuel motorisé (TIM),OBS,Valeur observée,3498,,A,Valeur normale,2023,,28.04.2026,,28.04.2026,,,,POLG,Communes,06.04.2025,,DATASET_COMMENT,"Source: Office fédéral de la statistique – Pendularité (PEND), Relevé structurel (RS)

Les données concernent les 180 villes de la publication ""Statistiques des villes suisses"", constituées de 173 villes statistiques et de 7 autres membres de l'Union des villes suisses: Appenzell, Arosa, La Neuveville, Moutier, Morat, Willisau et Worb."
DATAFLOW,CH1.SSV:DF_SSV_MOB_COM(2026.1.0),"Statistiques des villes suisses 2026, pendulaires selon le principal moyen de transport",I,121,Wetzikon (ZH),4,20 000-49 999,pen_tp,Transport public (TP),OBS,Valeur observée,3490,,A,Valeur normale,2023,,28.04.2026,,28.04.2026,,,,POLG,Communes,06.04.2025,,DATASET_COMMENT,"Source: Office fédéral de la statistique – Pendularité (PEND), Relevé structurel (RS)

Les données concernent les 180 villes de la publication ""Statistiques des villes suisses"", constituées de 173 villes statistiques et de 7 autres membres de l'Union des villes suisses: Appenzell, Arosa, La Neuveville, Moutier, Morat, Willisau et Worb."
DATAFLOW,CH1.SSV:DF_SSV_MOB_COM(2026.1.0),"Statistiques des villes suisses 2026, pendulaires selon le principal moyen de transport",I,121,Wetzikon (ZH),4,20 000-49 999,pen_tim,Transport individuel motorisé (TIM),OBS,Valeur observée,5672,,A,Valeur normale,2023,,28.04.2026,,28.04.2026,,,,POLG,Communes,06.04.2025,,DATASET_COMMENT,"Source: Office fédéral de la statistique – Pendularité (PEND), Relevé structurel (RS)

Les données concernent les 180 villes de la publication ""Statistiques des villes suisses"", constituées de 173 villes statistiques et de 7 autres membres de l'Union des villes suisses: Appenzell, Arosa, La Neuveville, Moutier, Morat, Willisau et Worb."
DATAFLOW,CH1.SSV:DF_SSV_MOB_COM(2026.1.0),"Statistiques des villes suisses 2026, pendulaires selon le principal moyen de transport",I,131,Adliswil,3,15 000-19 999,pen_tim,Transport individuel motorisé (TIM),OBS,Valeur observée,2732,,A,Valeur normale,2023,,28.04.2026,,28.04.2026,,,,POLG,Communes,06.04.2025,,DATASET_COMMENT,"Source: Office fédéral de la statistique – Pendularité (PEND), Relevé structurel (RS)

Les données concernent les 180 villes de la publication ""Statistiques des villes suisses"", constituées de 173 villes statistiques et de 7 autres membres de l'Union des villes suisses: Appenzell, Arosa, La Neuveville, Moutier, Morat, Willisau et Worb."
DATAFLOW,CH1.SSV:DF_SSV_MOB_COM(2026.1.0),"Statistiques des villes suisses 2026, pendulaires selon le principal moyen de transport",I,141,Thalwil,3,15 000-19 999,pen_tp,Transport public (TP),OBS,Valeur observée,4057,,A,Valeur normale,2023,,28.04.2026,,28.04.2026,,,,POLG,Communes,06.04.2025,,DATASET_COMMENT,"Source: Office fédéral de la statistique – Pendularité (PEND), Relevé structurel (RS)

Les données concernent les 180 villes de la publication ""Statistiques des villes suisses"", constituées de 173 villes statistiques et de 7 autres membres de l'Union des villes suisses: Appenzell, Arosa, La Neuveville, Moutier, Morat, Willisau et Worb."
DATAFLOW,CH1.SSV:DF_SSV_MOB_COM(2026.1.0),"Statistiques des villes suisses 2026, pendulaires selon le principal moyen de transport",I,154,Küsnacht (ZH),3,15 000-19 999,pen_t,"Pendulaires, total",OBS,Valeur observée,5309,,A,Valeur normale,2023,,28.04.2026,,28.04.2026,,,,POLG,Communes,06.04.2025,,DATASET_COMMENT,"Source: Office fédéral de la statistique – Pendularité (PEND), Relevé structurel (RS)

Les données concernent les 180 villes de la publication ""Statistiques des villes suisses"", constituées de 173 villes statistiques et de 7 autres membres de l'Union des villes suisses: Appenzell, Arosa, La Neuveville, Moutier, Morat, Willisau et Worb."
DATAFLOW,CH1.SSV:DF_SSV_MOB_COM(2026.1.0),"Statistiques des villes suisses 2026, pendulaires selon le principal moyen de transport",I,154,Küsnacht (ZH),3,15 000-19 999,pen_tim,Transport individuel motorisé (TIM),CI,Intervalle de confiance (+/-),29.28,,U,Faible fiabilité,2023,,28.04.2026,,28.04.2026,,,,POLG,Communes,06.04.2025,,DATASET_COMMENT,"Source: Office fédéral de la statistique – Pendularité (PEND), Relevé structurel (RS)

Les données concernent les 180 villes de la publication ""Statistiques des villes suisses"", constituées de 173 villes statistiques et de 7 autres membres de l'Union des villes suisses: Appenzell, Arosa, La Neuveville, Moutier, Morat, Willisau et Worb."
DATAFLOW,CH1.SSV:DF_SSV_MOB_COM(2026.1.0),"Statistiques des villes suisses 2026, pendulaires selon le principal moyen de transport",I,155,Männedorf,2,10 000-14 999,pen_t,"Pendulaires, total",OBS,Valeur observée,4955,,A,Valeur normale,2023,,28.04.2026,,28.04.2026,,,,POLG,Communes,06.04.2025,,DATASET_COMMENT,"Source: Office fédéral de la statistique – Pendularité (PEND), Relevé structurel (RS)

Les données concernent les 180 villes de la publication ""Statistiques des villes suisses"", constituées de 173 villes statistiques et de 7 autres membres de l'Union des villes suisses: Appenzell, Arosa, La Neuveville, Moutier, Morat, Willisau et Worb."
DATAFLOW,CH1.SSV:DF_SSV_MOB_COM(2026.1.0),"Statistiques des villes suisses 2026, pendulaires selon le principal moyen de transport",I,155,Männedorf,2,10 000-14 999,pen_tim,Transport individuel motorisé (TIM),CI,Intervalle de confiance (+/-),24.41,,A,Valeur normale,2023,,28.04.2026,,28.04.2026,,,,POLG,Communes,06.04.2025,,DATASET_COMMENT,"Source: Office fédéral de la statistique – Pendularité (PEND), Relevé structurel (RS)

Les données concernent les 180 villes de la publication ""Statistiques des villes suisses"", constituées de 173 villes statistiques et de 7 autres membres de l'Union des villes suisses: Appenzell, Arosa, La Neuveville, Moutier, Morat, Willisau et Worb."
DATAFLOW,CH1.SSV:DF_SSV_MOB_COM(2026.1.0),"Statistiques des villes suisses 2026, pendulaires selon le principal moyen de transport",I,158,Stäfa,3,15 000-19 999,pen_t,"Pendulaires, total",OBS,Valeur observée,6288,,A,Valeur normale,2023,,28.04.2026,,28.04.2026,,,,POLG,Communes,06.04.2025,,DATASET_COMMENT,"Source: Office fédéral de la statistique – Pendularité (PEND), Relevé structurel (RS)

Les données concernent les 180 villes de la publication ""Statistiques des villes suisses"", constituées de 173 villes statistiques et de 7 autres membres de l'Union des villes suisses: Appenzell, Arosa, La Neuveville, Moutier, Morat, Willisau et Worb."
DATAFLOW,CH1.SSV:DF_SSV_MOB_COM(2026.1.0),"Statistiques des villes suisses 2026, pendulaires selon le principal moyen de transport",I,158,Stäfa,3,15 000-19 999,pen_tp,Transport public (TP),OBS,Valeur observée,2915,,A,Valeur normale,2023,,28.04.2026,,28.04.2026,,,,POLG,Communes,06.04.2025,,DATASET_COMMENT,"Source: Office fédéral de la statistique – Pendularité (PEND), Relevé structurel (RS)

Les données concernent les 180 villes de la publication ""Statistiques des villes suisses"", constituées de 173 villes statistiques et de 7 autres membres de l'Union des villes suisses: Appenzell, Arosa, La Neuveville, Moutier, Morat, Willisau et Worb."
DATAFLOW,CH1.SSV:DF_SSV_MOB_COM(2026.1.0),"Statistiques des villes suisses 2026, pendulaires selon le principal moyen de transport",I,191,Dübendorf,4,20 000-49 999,pen_t,"Pendulaires, total",CI,Intervalle de confiance (+/-),9.44,,A,Valeur normale,2023,,28.04.2026,,28.04.2026,,,,POLG,Communes,06.04.2025,,DATASET_COMMENT,"Source: Office fédéral de la statistique – Pendularité (PEND), Relevé structurel (RS)

Les données concernent les 180 villes de la publication ""Statistiques des villes suisses"", constituées de 173 villes statistiques et de 7 autres membres de l'Union des villes suisses: Appenzell, Arosa, La Neuveville, Moutier, Morat, Willisau et Worb."
DATAFLOW,CH1.SSV:DF_SSV_MOB_COM(2026.1.0),"Statistiques des villes suisses 2026, pendulaires selon le principal moyen de transport",I,191,Dübendorf,4,20 000-49 999,pen_tp,Transport public (TP),CI,Intervalle de confiance (+/-),13.61,,A,Valeur normale,2023,,28.04.2026,,28.04.2026,,,,POLG,Communes,06.04.2025,,DATASET_COMMENT,"Source: Office fédéral de la statistique – Pendularité (PEND), Relevé structurel (RS)

Les données concernent les 180 villes de la publication ""Statistiques des villes suisses"", constituées de 173 villes statistiques et de 7 autres membres de l'Union des villes suisses: Appenzell, Arosa, La Neuveville, Moutier, Morat, Willisau et Worb."
DATAFLOW,CH1.SSV:DF_SSV_MOB_COM(2026.1.0),"Statistiques des villes suisses 2026, pendulaires selon le principal moyen de transport",I,243,Dietikon,4,20 000-49 999,pen_t,"Pendulaires, total",CI,Intervalle de confiance (+/-),11.13,,A,Valeur normale,2023,,28.04.2026,,28.04.2026,,,,POLG,Communes,06.04.2025,,DATASET_COMMENT,"Source: Office fédéral de la statistique – Pendularité (PEND), Relevé structurel (RS)

Les données concernent les 180 villes de la publication ""Statistiques des villes suisses"", constituées de 173 villes statistiques et de 7 autres membres de l'Union des villes suisses: Appenzell, Arosa, La Neuveville, Moutier, Morat, Willisau et Worb."
DATAFLOW,CH1.SSV:DF_SSV_MOB_COM(2026.1.0),"Statistiques des villes suisses 2026, pendulaires selon le principal moyen de transport",I,243,Dietikon,4,20 000-49 999,pen_tp,Transport public (TP),CI,Intervalle de confiance (+/-),15.76,,A,Valeur normale,2023,,28.04.2026,,28.04.2026,,,,POLG,Communes,06.04.2025,,DATASET_COMMENT,"Source: Office fédéral de la statistique – Pendularité (PEND), Relevé structurel (RS)

Les données concernent les 180 villes de la publication ""Statistiques des villes suisses"", constituées de 173 villes statistiques et de 7 autres membres de l'Union des villes suisses: Appenzell, Arosa, La Neuveville, Moutier, Morat, Willisau et Worb."
DATAFLOW,CH1.SSV:DF_SSV_MOB_COM(2026.1.0),"Statistiques des villes suisses 2026, pendulaires selon le principal moyen de transport",I,247,Schlieren,4,20 000-49 999,pen_tim,Transport individuel motorisé (TIM),OBS,Valeur observée,2201,,A,Valeur normale,2023,,28.04.2026,,28.04.2026,,,,POLG,Communes,06.04.2025,,DATASET_COMMENT,"Source: Office fédéral de la statistique – Pendularité (PEND), Relevé structurel (RS)

Les données concernent les 180 villes de la publication ""Statistiques des villes suisses"", constituées de 173 villes statistiques et de 7 autres membres de l'Union des villes suisses: Appenzell, Arosa, La Neuveville, Moutier, Morat, Willisau et Worb."
DATAFLOW,CH1.SSV:DF_SSV_MOB_COM(2026.1.0),"Statistiques des villes suisses 2026, pendulaires selon le principal moyen de transport",I,329,Langenthal,3,15 000-19 999,pen_tim,Transport individuel motorisé (TIM),OBS,Valeur observée,3377,,A,Valeur normale,2023,,28.04.2026,,28.04.2026,,,,POLG,Communes,06.04.2025,,DATASET_COMMENT,"Source: Office fédéral de la statistique – Pendularité (PEND), Relevé structurel (RS)

Les données concernent les 180 villes de la publication ""Statistiques des villes suisses"", constituées de 173 villes statistiques et de 7 autres membres de l'Union des villes suisses: Appenzell, Arosa, La Neuveville, Moutier, Morat, Willisau et Worb."
DATAFLOW,CH1.SSV:DF_SSV_MOB_COM(2026.1.0),"Statistiques des villes suisses 2026, pendulaires selon le principal moyen de transport",I,362,Ittigen,2,10 000-14 999,pen_tim,Transport individuel motorisé (TIM),OBS,Valeur observée,1556,,U,Faible fiabilité,2023,,28.04.2026,,28.04.2026,,,,POLG,Communes,06.04.2025,,DATASET_COMMENT,"Source: Office fédéral de la statistique – Pendularité (PEND), Relevé structurel (RS)

Les données concernent les 180 villes de la publication ""Statistiques des villes suisses"", constituées de 173 villes statistiques et de 7 autres membres de l'Union des villes suisses: Appenzell, Arosa, La Neuveville, Moutier, Morat, Willisau et Worb."
DATAFLOW,CH1.SSV:DF_SSV_MOB_COM(2026.1.0),"Statistiques des villes suisses 2026, pendulaires selon le principal moyen de transport",I,371,Biel/Bienne,5,50 000-99 999,pen_t,"Pendulaires, total",OBS,Valeur observée,23181,,A,Valeur normale,2023,,28.04.2026,,28.04.2026,,,,POLG,Communes,06.04.2025,,DATASET_COMMENT,"Source: Office fédéral de la statistique – Pendularité (PEND), Relevé structurel (RS)

Les données concernent les 180 villes de la publication ""Statistiques des villes suisses"", constituées de 173 villes statistiques et de 7 autres membres de l'Union des villes suisses: Appenzell, Arosa, La Neuveville, Moutier, Morat, Willisau et Worb."
DATAFLOW,CH1.SSV:DF_SSV_MOB_COM(2026.1.0),"Statistiques des villes suisses 2026, pendulaires selon le principal moyen de transport",I,371,Biel/Bienne,5,50 000-99 999,pen_tp,Transport public (TP),CI,Intervalle de confiance (+/-),12.02,,A,Valeur normale,2023,,28.04.2026,,28.04.2026,,,,POLG,Communes,06.04.2025,,DATASET_COMMENT,"Source: Office fédéral de la statistique – Pendularité (PEND), Relevé structurel (RS)

Les données concernent les 180 villes de la publication ""Statistiques des villes suisses"", constituées de 173 villes statistiques et de 7 autres membres de l'Union des villes suisses: Appenzell, Arosa, La Neuveville, Moutier, Morat, Willisau et Worb."
DATAFLOW,CH1.SSV:DF_SSV_MOB_COM(2026.1.0),"Statistiques des villes suisses 2026, pendulaires selon le principal moyen de transport",I,546,Münchenbuchsee,2,10 000-14 999,pen_tim,Transport individuel motorisé (TIM),OBS,Valeur observée,1686,,U,Faible fiabilité,2023,,28.04.2026,,28.04.2026,,,,POLG,Communes,06.04.2025,,DATASET_COMMENT,"Source: Office fédéral de la statistique – Pendularité (PEND), Relevé structurel (RS)

Les données concernent les 180 villes de la publication ""Statistiques des villes suisses"", constituées de 173 villes statistiques et de 7 autres membres de l'Union des villes suisses: Appenzell, Arosa, La Neuveville, Moutier, Morat, Willisau et Worb."
DATAFLOW,CH1.SSV:DF_SSV_MOB_COM(2026.1.0),"Statistiques des villes suisses 2026, pendulaires selon le principal moyen de transport",I,581,Interlaken,1,moins de 10 000,pen_t,"Pendulaires, total",CI,Intervalle de confiance (+/-),26.01,,A,Valeur normale,2023,,28.04.2026,,28.04.2026,,,,POLG,Communes,06.04.2025,,DATASET_COMMENT,"Source: Office fédéral de la statistique – Pendularité (PEND), Relevé structurel (RS)

Les données concernent les 180 villes de la publication ""Statistiques des villes suisses"", constituées de 173 villes statistiques et de 7 autres membres de l'Union des villes suisses: Appenzell, Arosa, La Neuveville, Moutier, Morat, Willisau et Worb."
DATAFLOW,CH1.SSV:DF_SSV_MOB_COM(2026.1.0),"Statistiques des villes suisses 2026, pendulaires selon le principal moyen de transport",I,627,Worb,2,10 000-14 999,pen_tim,Transport individuel motorisé (TIM),OBS,Valeur observée,1759,,A,Valeur normale,2023,,28.04.2026,,28.04.2026,,,,POLG,Communes,06.04.2025,,DATASET_COMMENT,"Source: Office fédéral de la statistique – Pendularité (PEND), Relevé structurel (RS)

Les données concernent les 180 villes de la publication ""Statistiques des villes suisses"", constituées de 173 villes statistiques et de 7 autres membres de l'Union des villes suisses: Appenzell, Arosa, La Neuveville, Moutier, Morat, Willisau et Worb."
DATAFLOW,CH1.SSV:DF_SSV_MOB_COM(2026.1.0),"Statistiques des villes suisses 2026, pendulaires selon le principal moyen de transport",I,723,La Neuveville,1,moins de 10 000,pen_t,"Pendulaires, total",OBS,Valeur observée,1734,,A,Valeur normale,2023,,28.04.2026,,28.04.2026,,,,POLG,Communes,06.04.2025,,DATASET_COMMENT,"Source: Office fédéral de la statistique – Pendularité (PEND), Relevé structurel (RS)

Les données concernent les 180 villes de la publication ""Statistiques des villes suisses"", constituées de 173 villes statistiques et de 7 autres membres de l'Union des villes suisses: Appenzell, Arosa, La Neuveville, Moutier, Morat, Willisau et Worb."
DATAFLOW,CH1.SSV:DF_SSV_MOB_COM(2026.1.0),"Statistiques des villes suisses 2026, pendulaires selon le principal moyen de transport",I,723,La Neuveville,1,moins de 10 000,pen_tp,Transport public (TP),CI,Intervalle de confiance (+/-),58.54,,U,Faible fiabilité,2023,,28.04.2026,,28.04.2026,,,,POLG,Communes,06.04.2025,,DATASET_COMMENT,"Source: Office fédéral de la statistique – Pendularité (PEND), Relevé structurel (RS)

Les données concernent les 180 villes de la publication ""Statistiques des villes suisses"", constituées de 173 villes statistiques et de 7 autres membres de l'Union des villes suisses: Appenzell, Arosa, La Neuveville, Moutier, Morat, Willisau et Worb."
DATAFLOW,CH1.SSV:DF_SSV_MOB_COM(2026.1.0),"Statistiques des villes suisses 2026, pendulaires selon le principal moyen de transport",I,861,Belp,2,10 000-14 999,pen_tp,Transport public (TP),OBS,Valeur observée,1769,,A,Valeur normale,2023,,28.04.2026,,28.04.2026,,,,POLG,Communes,06.04.2025,,DATASET_COMMENT,"Source: Office fédéral de la statistique – Pendularité (PEND), Relevé structurel (RS)

Les données concernent les 180 villes de la publication ""Statistiques des villes suisses"", constituées de 173 villes statistiques et de 7 autres membres de l'Union des villes suisses: Appenzell, Arosa, La Neuveville, Moutier, Morat, Willisau et Worb."
DATAFLOW,CH1.SSV:DF_SSV_MOB_COM(2026.1.0),"Statistiques des villes suisses 2026, pendulaires selon le principal moyen de transport",I,1058,Horw,3,15 000-19 999,pen_t,"Pendulaires, total",CI,Intervalle de confiance (+/-),9.93,,A,Valeur normale,2023,,28.04.2026,,28.04.2026,,,,POLG,Communes,06.04.2025,,DATASET_COMMENT,"Source: Office fédéral de la statistique – Pendularité (PEND), Relevé structurel (RS)

Les données concernent les 180 villes de la publication ""Statistiques des villes suisses"", constituées de 173 villes statistiques et de 7 autres membres de l'Union des villes suisses: Appenzell, Arosa, La Neuveville, Moutier, Morat, Willisau et Worb."
DATAFLOW,CH1.SSV:DF_SSV_MOB_COM(2026.1.0),"Statistiques des villes suisses 2026, pendulaires selon le principal moyen de transport",I,1344,Lachen,1,moins de 10 000,pen_t,"Pendulaires, total",OBS,Valeur observée,3871,,A,Valeur normale,2023,,28.04.2026,,28.04.2026,,,,POLG,Communes,06.04.2025,,DATASET_COMMENT,"Source: Office fédéral de la statistique – Pendularité (PEND), Relevé structurel (RS)

Les données concernent les 180 villes de la publication ""Statistiques des villes suisses"", constituées de 173 villes statistiques et de 7 autres membres de l'Union des villes suisses: Appenzell, Arosa, La Neuveville, Moutier, Morat, Willisau et Worb."
DATAFLOW,CH1.SSV:DF_SSV_MOB_COM(2026.1.0),"Statistiques des villes suisses 2026, pendulaires selon le principal moyen de transport",I,1344,Lachen,1,moins de 10 000,pen_tp,Transport public (TP),OBS,Valeur observée,1380,,U,Faible fiabilité,2023,,28.04.2026,,28.04.2026,,,,POLG,Communes,06.04.2025,,DATASET_COMMENT,"Source: Office fédéral de la statistique – Pendularité (PEND), Relevé structurel (RS)

Les données concernent les 180 villes de la publication ""Statistiques des villes suisses"", constituées de 173 villes statistiques et de 7 autres membres de l'Union des villes suisses: Appenzell, Arosa, La Neuveville, Moutier, Morat, Willisau et Worb."
DATAFLOW,CH1.SSV:DF_SSV_MOB_COM(2026.1.0),"Statistiques des villes suisses 2026, pendulaires selon le principal moyen de transport",I,1362,Arth,2,10 000-14 999,pen_tp,Transport public (TP),OBS,Valeur observée,1410,,U,Faible fiabilité,2023,,28.04.2026,,28.04.2026,,,,POLG,Communes,06.04.2025,,DATASET_COMMENT,"Source: Office fédéral de la statistique – Pendularité (PEND), Relevé structurel (RS)

Les données concernent les 180 villes de la publication ""Statistiques des villes suisses"", constituées de 173 villes statistiques et de 7 autres membres de l'Union des villes suisses: Appenzell, Arosa, La Neuveville, Moutier, Morat, Willisau et Worb."
DATAFLOW,CH1.SSV:DF_SSV_MOB_COM(2026.1.0),"Statistiques des villes suisses 2026, pendulaires selon le principal moyen de transport",I,1362,Arth,2,10 000-14 999,pen_tim,Transport individuel motorisé (TIM),CI,Intervalle de confiance (+/-),20.68,,A,Valeur normale,2023,,28.04.2026,,28.04.2026,,,,POLG,Communes,06.04.2025,,DATASET_COMMENT,"Source: Office fédéral de la statistique – Pendularité (PEND), Relevé structurel (RS)

Les données concernent les 180 villes de la publication ""Statistiques des villes suisses"", constituées de 173 villes statistiques et de 7 autres membres de l'Union des villes suisses: Appenzell, Arosa, La Neuveville, Moutier, Morat, Willisau et Worb."
DATAFLOW,CH1.SSV:DF_SSV_MOB_COM(2026.1.0),"Statistiques des villes suisses 2026, pendulaires selon le principal moyen de transport",I,1632,Glarus,2,10 000-14 999,pen_t,"Pendulaires, total",OBS,Valeur observée,5471,,A,Valeur normale,2023,,28.04.2026,,28.04.2026,,,,POLG,Communes,06.04.2025,,DATASET_COMMENT,"Source: Office fédéral de la statistique – Pendularité (PEND), Relevé structurel (RS)

Les données concernent les 180 villes de la publication ""Statistiques des villes suisses"", constituées de 173 villes statistiques et de 7 autres membres de l'Union des villes suisses: Appenzell, Arosa, La Neuveville, Moutier, Morat, Willisau et Worb."
DATAFLOW,CH1.SSV:DF_SSV_MOB_COM(2026.1.0),"Statistiques des villes suisses 2026, pendulaires selon le principal moyen de transport",I,1701,Baar,4,20 000-49 999,pen_tp,Transport public (TP),OBS,Valeur observée,3519,,A,Valeur normale,2023,,28.04.2026,,28.04.2026,,,,POLG,Communes,06.04.2025,,DATASET_COMMENT,"Source: Office fédéral de la statistique – Pendularité (PEND), Relevé structurel (RS)

Les données concernent les 180 villes de la publication ""Statistiques des villes suisses"", constituées de 173 villes statistiques et de 7 autres membres de l'Union des villes suisses: Appenzell, Arosa, La Neuveville, Moutier, Morat, Willisau et Worb."
DATAFLOW,CH1.SSV:DF_SSV_MOB_COM(2026.1.0),"Statistiques des villes suisses 2026, pendulaires selon le principal moyen de transport",I,1707,Risch,2,10 000-14 999,pen_t,"Pendulaires, total",OBS,Valeur observée,5021,,A,Valeur normale,2023,,28.04.2026,,28.04.2026,,,,POLG,Communes,06.04.2025,,DATASET_COMMENT,"Source: Office fédéral de la statistique – Pendularité (PEND), Relevé structurel (RS)

Les données concernent les 180 villes de la publication ""Statistiques des villes suisses"", constituées de 173 villes statistiques et de 7 autres membres de l'Union des villes suisses: Appenzell, Arosa, La Neuveville, Moutier, Morat, Willisau et Worb."
DATAFLOW,CH1.SSV:DF_SSV_MOB_COM(2026.1.0),"Statistiques des villes suisses 2026, pendulaires selon le principal moyen de transport",I,2196,Fribourg,4,20 000-49 999,pen_tim,Transport individuel motorisé (TIM),CI,Intervalle de confiance (+/-),18.31,,A,Valeur normale,2023,,28.04.2026,,28.04.2026,,,,POLG,Communes,06.04.2025,,DATASET_COMMENT,"Source: Office fédéral de la statistique – Pendularité (PEND), Relevé structurel (RS)

Les données concernent les 180 villes de la publication ""Statistiques des villes suisses"", constituées de 173 villes statistiques et de 7 autres membres de l'Union des villes suisses: Appenzell, Arosa, La Neuveville, Moutier, Morat, Willisau et Worb."
DATAFLOW,CH1.SSV:DF_SSV_MOB_COM(2026.1.0),"Statistiques des villes suisses 2026, pendulaires selon le principal moyen de transport",I,2228,Villars-sur-Glâne,2,10 000-14 999,pen_tp,Transport public (TP),CI,Intervalle de confiance (+/-),27.7,,U,Faible fiabilité,2023,,28.04.2026,,28.04.2026,,,,POLG,Communes,06.04.2025,,DATASET_COMMENT,"Source: Office fédéral de la statistique – Pendularité (PEND), Relevé structurel (RS)

Les données concernent les 180 villes de la publication ""Statistiques des villes suisses"", constituées de 173 villes statistiques et de 7 autres membres de l'Union des villes suisses: Appenzell, Arosa, La Neuveville, Moutier, Morat, Willisau et Worb."
DATAFLOW,CH1.SSV:DF_SSV_MOB_COM(2026.1.0),"Statistiques des villes suisses 2026, pendulaires selon le principal moyen de transport",I,2581,Olten,3,15 000-19 999,pen_tp,Transport public (TP),OBS,Valeur observée,3810,,A,Valeur normale,2023,,28.04.2026,,28.04.2026,,,,POLG,Communes,06.04.2025,,DATASET_COMMENT,"Source: Office fédéral de la statistique – Pendularité (PEND), Relevé structurel (RS)

Les données concernent les 180 villes de la publication ""Statistiques des villes suisses"", constituées de 173 villes statistiques et de 7 autres membres de l'Union des villes suisses: Appenzell, Arosa, La Neuveville, Moutier, Morat, Willisau et Worb."
DATAFLOW,CH1.SSV:DF_SSV_MOB_COM(2026.1.0),"Statistiques des villes suisses 2026, pendulaires selon le principal moyen de transport",I,2581,Olten,3,15 000-19 999,pen_tim,Transport individuel motorisé (TIM),CI,Intervalle de confiance (+/-),23.81,,A,Valeur normale,2023,,28.04.2026,,28.04.2026,,,,POLG,Communes,06.04.2025,,DATASET_COMMENT,"Source: Office fédéral de la statistique – Pendularité (PEND), Relevé structurel (RS)

Les données concernent les 180 villes de la publication ""Statistiques des villes suisses"", constituées de 173 villes statistiques et de 7 autres membres de l'Union des villes suisses: Appenzell, Arosa, La Neuveville, Moutier, Morat, Willisau et Worb."
DATAFLOW,CH1.SSV:DF_SSV_MOB_COM(2026.1.0),"Statistiques des villes suisses 2026, pendulaires selon le principal moyen de transport",I,2703,Riehen,4,20 000-49 999,pen_tp,Transport public (TP),OBS,Valeur observée,2900,,A,Valeur normale,2023,,28.04.2026,,28.04.2026,,,,POLG,Communes,06.04.2025,,DATASET_COMMENT,"Source: Office fédéral de la statistique – Pendularité (PEND), Relevé structurel (RS)

Les données concernent les 180 villes de la publication ""Statistiques des villes suisses"", constituées de 173 villes statistiques et de 7 autres membres de l'Union des villes suisses: Appenzell, Arosa, La Neuveville, Moutier, Morat, Willisau et Worb."
DATAFLOW,CH1.SSV:DF_SSV_MOB_COM(2026.1.0),"Statistiques des villes suisses 2026, pendulaires selon le principal moyen de transport",I,2703,Riehen,4,20 000-49 999,pen_tim,Transport individuel motorisé (TIM),CI,Intervalle de confiance (+/-),24.75,,A,Valeur normale,2023,,28.04.2026,,28.04.2026,,,,POLG,Communes,06.04.2025,,DATASET_COMMENT,"Source: Office fédéral de la statistique – Pendularité (PEND), Relevé structurel (RS)

Les données concernent les 180 villes de la publication ""Statistiques des villes suisses"", constituées de 173 villes statistiques et de 7 autres membres de l'Union des villes suisses: Appenzell, Arosa, La Neuveville, Moutier, Morat, Willisau et Worb."
DATAFLOW,CH1.SSV:DF_SSV_MOB_COM(2026.1.0),"Statistiques des villes suisses 2026, pendulaires selon le principal moyen de transport",I,2761,Aesch (BL),2,10 000-14 999,pen_t,"Pendulaires, total",CI,Intervalle de confiance (+/-),18.96,,A,Valeur normale,2023,,28.04.2026,,28.04.2026,,,,POLG,Communes,06.04.2025,,DATASET_COMMENT,"Source: Office fédéral de la statistique – Pendularité (PEND), Relevé structurel (RS)

Les données concernent les 180 villes de la publication ""Statistiques des villes suisses"", constituées de 173 villes statistiques et de 7 autres membres de l'Union des villes suisses: Appenzell, Arosa, La Neuveville, Moutier, Morat, Willisau et Worb."
DATAFLOW,CH1.SSV:DF_SSV_MOB_COM(2026.1.0),"Statistiques des villes suisses 2026, pendulaires selon le principal moyen de transport",I,2762,Allschwil,4,20 000-49 999,pen_tp,Transport public (TP),CI,Intervalle de confiance (+/-),18.23,,A,Valeur normale,2023,,28.04.2026,,28.04.2026,,,,POLG,Communes,06.04.2025,,DATASET_COMMENT,"Source: Office fédéral de la statistique – Pendularité (PEND), Relevé structurel (RS)

Les données concernent les 180 villes de la publication ""Statistiques des villes suisses"", constituées de 173 villes statistiques et de 7 autres membres de l'Union des villes suisses: Appenzell, Arosa, La Neuveville, Moutier, Morat, Willisau et Worb."
DATAFLOW,CH1.SSV:DF_SSV_MOB_COM(2026.1.0),"Statistiques des villes suisses 2026, pendulaires selon le principal moyen de transport",I,2773,Reinach (BL),4,20 000-49 999,pen_tp,Transport public (TP),CI,Intervalle de confiance (+/-),22.08,,A,Valeur normale,2023,,28.04.2026,,28.04.2026,,,,POLG,Communes,06.04.2025,,DATASET_COMMENT,"Source: Office fédéral de la statistique – Pendularité (PEND), Relevé structurel (RS)

Les données concernent les 180 villes de la publication ""Statistiques des villes suisses"", constituées de 173 villes statistiques et de 7 autres membres de l'Union des villes suisses: Appenzell, Arosa, La Neuveville, Moutier, Morat, Willisau et Worb."
DATAFLOW,CH1.SSV:DF_SSV_MOB_COM(2026.1.0),"Statistiques des villes suisses 2026, pendulaires selon le principal moyen de transport",I,2939,Schaffhausen,4,20 000-49 999,pen_tim,Transport individuel motorisé (TIM),OBS,Valeur observée,6692,,A,Valeur normale,2023,,28.04.2026,,28.04.2026,,,,POLG,Communes,06.04.2025,,DATASET_COMMENT,"Source: Office fédéral de la statistique – Pendularité (PEND), Relevé structurel (RS)

Les données concernent les 180 villes de la publication ""Statistiques des villes suisses"", constituées de 173 villes statistiques et de 7 autres membres de l'Union des villes suisses: Appenzell, Arosa, La Neuveville, Moutier, Morat, Willisau et Worb."
DATAFLOW,CH1.SSV:DF_SSV_MOB_COM(2026.1.0),"Statistiques des villes suisses 2026, pendulaires selon le principal moyen de transport",I,3402,Flawil,2,10 000-14 999,pen_tp,Transport public (TP),CI,Intervalle de confiance (+/-),31.46,,U,Faible fiabilité,2023,,28.04.2026,,28.04.2026,,,,POLG,Communes,06.04.2025,,DATASET_COMMENT,"Source: Office fédéral de la statistique – Pendularité (PEND), Relevé structurel (RS)

Les données concernent les 180 villes de la publication ""Statistiques des villes suisses"", constituées de 173 villes statistiques et de 7 autres membres de l'Union des villes suisses: Appenzell, Arosa, La Neuveville, Moutier, Morat, Willisau et Worb."
DATAFLOW,CH1.SSV:DF_SSV_MOB_COM(2026.1.0),"Statistiques des villes suisses 2026, pendulaires selon le principal moyen de transport",I,3427,Wil (SG),4,20 000-49 999,pen_tim,Transport individuel motorisé (TIM),OBS,Valeur observée,4840,,A,Valeur normale,2023,,28.04.2026,,28.04.2026,,,,POLG,Communes,06.04.2025,,DATASET_COMMENT,"Source: Office fédéral de la statistique – Pendularité (PEND), Relevé structurel (RS)

Les données concernent les 180 villes de la publication ""Statistiques des villes suisses"", constituées de 173 villes statistiques et de 7 autres membres de l'Union des villes suisses: Appenzell, Arosa, La Neuveville, Moutier, Morat, Willisau et Worb."
DATAFLOW,CH1.SSV:DF_SSV_MOB_COM(2026.1.0),"Statistiques des villes suisses 2026, pendulaires selon le principal moyen de transport",I,4045,Wettingen,4,20 000-49 999,pen_tp,Transport public (TP),OBS,Valeur observée,3359,,A,Valeur normale,2023,,28.04.2026,,28.04.2026,,,,POLG,Communes,06.04.2025,,DATASET_COMMENT,"Source: Office fédéral de la statistique – Pendularité (PEND), Relevé structurel (RS)

Les données concernent les 180 villes de la publication ""Statistiques des villes suisses"", constituées de 173 villes statistiques et de 7 autres membres de l'Union des villes suisses: Appenzell, Arosa, La Neuveville, Moutier, Morat, Willisau et Worb."
DATAFLOW,CH1.SSV:DF_SSV_MOB_COM(2026.1.0),"Statistiques des villes suisses 2026, pendulaires selon le principal moyen de transport",I,4045,Wettingen,4,20 000-49 999,pen_tim,Transport individuel motorisé (TIM),CI,Intervalle de confiance (+/-),13.74,,A,Valeur normale,2023,,28.04.2026,,28.04.2026,,,,POLG,Communes,06.04.2025,,DATASET_COMMENT,"Source: Office fédéral de la statistique – Pendularité (PEND), Relevé structurel (RS)

Les données concernent les 180 villes de la publication ""Statistiques des villes suisses"", constituées de 173 villes statistiques et de 7 autres membres de l'Union des villes suisses: Appenzell, Arosa, La Neuveville, Moutier, Morat, Willisau et Worb."
DATAFLOW,CH1.SSV:DF_SSV_MOB_COM(2026.1.0),"Statistiques des villes suisses 2026, pendulaires selon le principal moyen de transport",I,4280,Oftringen,3,15 000-19 999,pen_tp,Transport public (TP),OBS,Valeur observée,907,,U,Faible fiabilité,2023,,28.04.2026,,28.04.2026,,,,POLG,Communes,06.04.2025,,DATASET_COMMENT,"Source: Office fédéral de la statistique – Pendularité (PEND), Relevé structurel (RS)

Les données concernent les 180 villes de la publication ""Statistiques des villes suisses"", constituées de 173 villes statistiques et de 7 autres membres de l'Union des villes suisses: Appenzell, Arosa, La Neuveville, Moutier, Morat, Willisau et Worb."
DATAFLOW,CH1.SSV:DF_SSV_MOB_COM(2026.1.0),"Statistiques des villes suisses 2026, pendulaires selon le principal moyen de transport",I,4280,Oftringen,3,15 000-19 999,pen_tim,Transport individuel motorisé (TIM),CI,Intervalle de confiance (+/-),12.43,,A,Valeur normale,2023,,28.04.2026,,28.04.2026,,,,POLG,Communes,06.04.2025,,DATASET_COMMENT,"Source: Office fédéral de la statistique – Pendularité (PEND), Relevé structurel (RS)

Les données concernent les 180 villes de la publication ""Statistiques des villes suisses"", constituées de 173 villes statistiques et de 7 autres membres de l'Union des villes suisses: Appenzell, Arosa, La Neuveville, Moutier, Morat, Willisau et Worb."
DATAFLOW,CH1.SSV:DF_SSV_MOB_COM(2026.1.0),"Statistiques des villes suisses 2026, pendulaires selon le principal moyen de transport",I,4436,Romanshorn,2,10 000-14 999,pen_tim,Transport individuel motorisé (TIM),CI,Intervalle de confiance (+/-),22.03,,A,Valeur normale,2023,,28.04.2026,,28.04.2026,,,,POLG,Communes,06.04.2025,,DATASET_COMMENT,"Source: Office fédéral de la statistique – Pendularité (PEND), Relevé structurel (RS)

Les données concernent les 180 villes de la publication ""Statistiques des villes suisses"", constituées de 173 villes statistiques et de 7 autres membres de l'Union des villes suisses: Appenzell, Arosa, La Neuveville, Moutier, Morat, Willisau et Worb."
DATAFLOW,CH1.SSV:DF_SSV_MOB_COM(2026.1.0),"Statistiques des villes suisses 2026, pendulaires selon le principal moyen de transport",I,4566,Frauenfeld,4,20 000-49 999,pen_t,"Pendulaires, total",OBS,Valeur observée,12540,,A,Valeur normale,2023,,28.04.2026,,28.04.2026,,,,POLG,Communes,06.04.2025,,DATASET_COMMENT,"Source: Office fédéral de la statistique – Pendularité (PEND), Relevé structurel (RS)

Les données concernent les 180 villes de la publication ""Statistiques des villes suisses"", constituées de 173 villes statistiques et de 7 autres membres de l'Union des villes suisses: Appenzell, Arosa, La Neuveville, Moutier, Morat, Willisau et Worb."
DATAFLOW,CH1.SSV:DF_SSV_MOB_COM(2026.1.0),"Statistiques des villes suisses 2026, pendulaires selon le principal moyen de transport",I,5002,Bellinzona,4,20 000-49 999,pen_tim,Transport individuel motorisé (TIM),OBS,Valeur observée,10601,,A,Valeur normale,2023,,28.04.2026,,28.04.2026,,,,POLG,Communes,06.04.2025,,DATASET_COMMENT,"Source: Office fédéral de la statistique – Pendularité (PEND), Relevé structurel (RS)

Les données concernent les 180 villes de la publication ""Statistiques des villes suisses"", constituées de 173 villes statistiques et de 7 autres membres de l'Union des villes suisses: Appenzell, Arosa, La Neuveville, Moutier, Morat, Willisau et Worb."
DATAFLOW,CH1.SSV:DF_SSV_MOB_COM(2026.1.0),"Statistiques des villes suisses 2026, pendulaires selon le principal moyen de transport",I,5401,Aigle,2,10 000-14 999,pen_t,"Pendulaires, total",CI,Intervalle de confiance (+/-),13,,A,Valeur normale,2023,,28.04.2026,,28.04.2026,,,,POLG,Communes,06.04.2025,,DATASET_COMMENT,"Source: Office fédéral de la statistique – Pendularité (PEND), Relevé structurel (RS)

Les données concernent les 180 villes de la publication ""Statistiques des villes suisses"", constituées de 173 villes statistiques et de 7 autres membres de l'Union des villes suisses: Appenzell, Arosa, La Neuveville, Moutier, Morat, Willisau et Worb."
DATAFLOW,CH1.SSV:DF_SSV_MOB_COM(2026.1.0),"Statistiques des villes suisses 2026, pendulaires selon le principal moyen de transport",I,5586,Lausanne,6,100 000 et plus,pen_t,"Pendulaires, total",OBS,Valeur observée,57675,,A,Valeur normale,2023,,28.04.2026,,28.04.2026,,,,POLG,Communes,06.04.2025,,DATASET_COMMENT,"Source: Office fédéral de la statistique – Pendularité (PEND), Relevé structurel (RS)

Les données concernent les 180 villes de la publication ""Statistiques des villes suisses"", constituées de 173 villes statistiques et de 7 autres membres de l'Union des villes suisses: Appenzell, Arosa, La Neuveville, Moutier, Morat, Willisau et Worb."
DATAFLOW,CH1.SSV:DF_SSV_MOB_COM(2026.1.0),"Statistiques des villes suisses 2026, pendulaires selon le principal moyen de transport",I,5586,Lausanne,6,100 000 et plus,pen_tp,Transport public (TP),CI,Intervalle de confiance (+/-),4.08,,A,Valeur normale,2023,,28.04.2026,,28.04.2026,,,,POLG,Communes,06.04.2025,,DATASET_COMMENT,"Source: Office fédéral de la statistique – Pendularité (PEND), Relevé structurel (RS)

Les données concernent les 180 villes de la publication ""Statistiques des villes suisses"", constituées de 173 villes statistiques et de 7 autres membres de l'Union des villes suisses: Appenzell, Arosa, La Neuveville, Moutier, Morat, Willisau et Worb."
DATAFLOW,CH1.SSV:DF_SSV_MOB_COM(2026.1.0),"Statistiques des villes suisses 2026, pendulaires selon le principal moyen de transport",I,5587,Le Mont-sur-Lausanne,1,moins de 10 000,pen_tim,Transport individuel motorisé (TIM),OBS,Valeur observée,2177,,A,Valeur normale,2023,,28.04.2026,,28.04.2026,,,,POLG,Communes,06.04.2025,,DATASET_COMMENT,"Source: Office fédéral de la statistique – Pendularité (PEND), Relevé structurel (RS)

Les données concernent les 180 villes de la publication ""Statistiques des villes suisses"", constituées de 173 villes statistiques et de 7 autres membres de l'Union des villes suisses: Appenzell, Arosa, La Neuveville, Moutier, Morat, Willisau et Worb."
DATAFLOW,CH1.SSV:DF_SSV_MOB_COM(2026.1.0),"Statistiques des villes suisses 2026, pendulaires selon le principal moyen de transport",I,5589,Prilly,2,10 000-14 999,pen_t,"Pendulaires, total",CI,Intervalle de confiance (+/-),11.86,,A,Valeur normale,2023,,28.04.2026,,28.04.2026,,,,POLG,Communes,06.04.2025,,DATASET_COMMENT,"Source: Office fédéral de la statistique – Pendularité (PEND), Relevé structurel (RS)

Les données concernent les 180 villes de la publication ""Statistiques des villes suisses"", constituées de 173 villes statistiques et de 7 autres membres de l'Union des villes suisses: Appenzell, Arosa, La Neuveville, Moutier, Morat, Willisau et Worb."
DATAFLOW,CH1.SSV:DF_SSV_MOB_COM(2026.1.0),"Statistiques des villes suisses 2026, pendulaires selon le principal moyen de transport",I,5591,Renens (VD),4,20 000-49 999,pen_t,"Pendulaires, total",OBS,Valeur observée,6999,,A,Valeur normale,2023,,28.04.2026,,28.04.2026,,,,POLG,Communes,06.04.2025,,DATASET_COMMENT,"Source: Office fédéral de la statistique – Pendularité (PEND), Relevé structurel (RS)

Les données concernent les 180 villes de la publication ""Statistiques des villes suisses"", constituées de 173 villes statistiques et de 7 autres membres de l'Union des villes suisses: Appenzell, Arosa, La Neuveville, Moutier, Morat, Willisau et Worb."
DATAFLOW,CH1.SSV:DF_SSV_MOB_COM(2026.1.0),"Statistiques des villes suisses 2026, pendulaires selon le principal moyen de transport",I,5591,Renens (VD),4,20 000-49 999,pen_tp,Transport public (TP),CI,Intervalle de confiance (+/-),15.84,,A,Valeur normale,2023,,28.04.2026,,28.04.2026,,,,POLG,Communes,06.04.2025,,DATASET_COMMENT,"Source: Office fédéral de la statistique – Pendularité (PEND), Relevé structurel (RS)

Les données concernent les 180 villes de la publication ""Statistiques des villes suisses"", constituées de 173 villes statistiques et de 7 autres membres de l'Union des villes suisses: Appenzell, Arosa, La Neuveville, Moutier, Morat, Willisau et Worb."
DATAFLOW,CH1.SSV:DF_SSV_MOB_COM(2026.1.0),"Statistiques des villes suisses 2026, pendulaires selon le principal moyen de transport",I,5635,Ecublens (VD),2,10 000-14 999,pen_t,"Pendulaires, total",CI,Intervalle de confiance (+/-),12.05,,A,Valeur normale,2023,,28.04.2026,,28.04.2026,,,,POLG,Communes,06.04.2025,,DATASET_COMMENT,"Source: Office fédéral de la statistique – Pendularité (PEND), Relevé structurel (RS)

Les données concernent les 180 villes de la publication ""Statistiques des villes suisses"", constituées de 173 villes statistiques et de 7 autres membres de l'Union des villes suisses: Appenzell, Arosa, La Neuveville, Moutier, Morat, Willisau et Worb."
DATAFLOW,CH1.SSV:DF_SSV_MOB_COM(2026.1.0),"Statistiques des villes suisses 2026, pendulaires selon le principal moyen de transport",I,5890,Vevey,4,20 000-49 999,pen_t,"Pendulaires, total",OBS,Valeur observée,8521,,A,Valeur normale,2023,,28.04.2026,,28.04.2026,,,,POLG,Communes,06.04.2025,,DATASET_COMMENT,"Source: Office fédéral de la statistique – Pendularité (PEND), Relevé structurel (RS)

Les données concernent les 180 villes de la publication ""Statistiques des villes suisses"", constituées de 173 villes statistiques et de 7 autres membres de l'Union des villes suisses: Appenzell, Arosa, La Neuveville, Moutier, Morat, Willisau et Worb."
DATAFLOW,CH1.SSV:DF_SSV_MOB_COM(2026.1.0),"Statistiques des villes suisses 2026, pendulaires selon le principal moyen de transport",I,6136,Martigny,4,20 000-49 999,pen_tp,Transport public (TP),OBS,Valeur observée,1652,,U,Faible fiabilité,2023,,28.04.2026,,28.04.2026,,,,POLG,Communes,06.04.2025,,DATASET_COMMENT,"Source: Office fédéral de la statistique – Pendularité (PEND), Relevé structurel (RS)

Les données concernent les 180 villes de la publication ""Statistiques des villes suisses"", constituées de 173 villes statistiques et de 7 autres membres de l'Union des villes suisses: Appenzell, Arosa, La Neuveville, Moutier, Morat, Willisau et Worb."
DATAFLOW,CH1.SSV:DF_SSV_MOB_COM(2026.1.0),"Statistiques des villes suisses 2026, pendulaires selon le principal moyen de transport",I,6136,Martigny,4,20 000-49 999,pen_tim,Transport individuel motorisé (TIM),CI,Intervalle de confiance (+/-),16.82,,A,Valeur normale,2023,,28.04.2026,,28.04.2026,,,,POLG,Communes,06.04.2025,,DATASET_COMMENT,"Source: Office fédéral de la statistique – Pendularité (PEND), Relevé structurel (RS)

Les données concernent les 180 villes de la publication ""Statistiques des villes suisses"", constituées de 173 villes statistiques et de 7 autres membres de l'Union des villes suisses: Appenzell, Arosa, La Neuveville, Moutier, Morat, Willisau et Worb."
DATAFLOW,CH1.SSV:DF_SSV_MOB_COM(2026.1.0),"Statistiques des villes suisses 2026, pendulaires selon le principal moyen de transport",I,6153,Monthey,3,15 000-19 999,pen_t,"Pendulaires, total",CI,Intervalle de confiance (+/-),14.15,,A,Valeur normale,2023,,28.04.2026,,28.04.2026,,,,POLG,Communes,06.04.2025,,DATASET_COMMENT,"Source: Office fédéral de la statistique – Pendularité (PEND), Relevé structurel (RS)

Les données concernent les 180 villes de la publication ""Statistiques des villes suisses"", constituées de 173 villes statistiques et de 7 autres membres de l'Union des villes suisses: Appenzell, Arosa, La Neuveville, Moutier, Morat, Willisau et Worb."
DATAFLOW,CH1.SSV:DF_SSV_MOB_COM(2026.1.0),"Statistiques des villes suisses 2026, pendulaires selon le principal moyen de transport",I,6248,Sierre,3,15 000-19 999,pen_tp,Transport public (TP),CI,Intervalle de confiance (+/-),30.37,,U,Faible fiabilité,2023,,28.04.2026,,28.04.2026,,,,POLG,Communes,06.04.2025,,DATASET_COMMENT,"Source: Office fédéral de la statistique – Pendularité (PEND), Relevé structurel (RS)

Les données concernent les 180 villes de la publication ""Statistiques des villes suisses"", constituées de 173 villes statistiques et de 7 autres membres de l'Union des villes suisses: Appenzell, Arosa, La Neuveville, Moutier, Morat, Willisau et Worb."
DATAFLOW,CH1.SSV:DF_SSV_MOB_COM(2026.1.0),"Statistiques des villes suisses 2026, pendulaires selon le principal moyen de transport",I,6623,Le Grand-Saconnex,2,10 000-14 999,pen_t,"Pendulaires, total",CI,Intervalle de confiance (+/-),14.12,,A,Valeur normale,2023,,28.04.2026,,28.04.2026,,,,POLG,Communes,06.04.2025,,DATASET_COMMENT,"Source: Office fédéral de la statistique – Pendularité (PEND), Relevé structurel (RS)

Les données concernent les 180 villes de la publication ""Statistiques des villes suisses"", constituées de 173 villes statistiques et de 7 autres membres de l'Union des villes suisses: Appenzell, Arosa, La Neuveville, Moutier, Morat, Willisau et Worb."
DATAFLOW,CH1.SSV:DF_SSV_MOB_COM(2026.1.0),"Statistiques des villes suisses 2026, pendulaires selon le principal moyen de transport",I,6628,Lancy,4,20 000-49 999,pen_t,"Pendulaires, total",CI,Intervalle de confiance (+/-),7.14,,A,Valeur normale,2023,,28.04.2026,,28.04.2026,,,,POLG,Communes,06.04.2025,,DATASET_COMMENT,"Source: Office fédéral de la statistique – Pendularité (PEND), Relevé structurel (RS)

Les données concernent les 180 villes de la publication ""Statistiques des villes suisses"", constituées de 173 villes statistiques et de 7 autres membres de l'Union des villes suisses: Appenzell, Arosa, La Neuveville, Moutier, Morat, Willisau et Worb."
DATAFLOW,CH1.SSV:DF_SSV_MOB_COM(2026.1.0),"Statistiques des villes suisses 2026, pendulaires selon le principal moyen de transport",I,6631,Onex,3,15 000-19 999,pen_tp,Transport public (TP),OBS,Valeur observée,2791,,A,Valeur normale,2023,,28.04.2026,,28.04.2026,,,,POLG,Communes,06.04.2025,,DATASET_COMMENT,"Source: Office fédéral de la statistique – Pendularité (PEND), Relevé structurel (RS)

Les données concernent les 180 villes de la publication ""Statistiques des villes suisses"", constituées de 173 villes statistiques et de 7 autres membres de l'Union des villes suisses: Appenzell, Arosa, La Neuveville, Moutier, Morat, Willisau et Worb."
DATAFLOW,CH1.SSV:DF_SSV_MOB_COM(2026.1.0),"Statistiques des villes suisses 2026, pendulaires selon le principal moyen de transport",I,6643,Vernier,4,20 000-49 999,pen_tp,Transport public (TP),CI,Intervalle de confiance (+/-),11.33,,A,Valeur normale,2023,,28.04.2026,,28.04.2026,,,,POLG,Communes,06.04.2025,,DATASET_COMMENT,"Source: Office fédéral de la statistique – Pendularité (PEND), Relevé structurel (RS)

Les données concernent les 180 villes de la publication ""Statistiques des villes suisses"", constituées de 173 villes statistiques et de 7 autres membres de l'Union des villes suisses: Appenzell, Arosa, La Neuveville, Moutier, Morat, Willisau et Worb."
DATAFLOW,CH1.SSV:DF_SSV_MOB_COM(2026.1.0),"Statistiques des villes suisses 2026, pendulaires selon le principal moyen de transport",I,_ST,Total des villes suisses,1,moins de 10 000,pen_tp,Transport public (TP),OBS,Valeur observée,15060,,A,Valeur normale,2023,,28.04.2026,,28.04.2026,,,,POLG,Communes,06.04.2025,,DATASET_COMMENT,"Source: Office fédéral de la statistique – Pendularité (PEND), Relevé structurel (RS)

Les données concernent les 180 villes de la publication ""Statistiques des villes suisses"", constituées de 173 villes statistiques et de 7 autres membres de l'Union des villes suisses: Appenzell, Arosa, La Neuveville, Moutier, Morat, Willisau et Worb."
DATAFLOW,CH1.SSV:DF_SSV_MOB_COM(2026.1.0),"Statistiques des villes suisses 2026, pendulaires selon le principal moyen de transport",I,_ST,Total des villes suisses,1,moins de 10 000,pen_tim,Transport individuel motorisé (TIM),CI,Intervalle de confiance (+/-),5.76,,A,Valeur normale,2023,,28.04.2026,,28.04.2026,,,,POLG,Communes,06.04.2025,,DATASET_COMMENT,"Source: Office fédéral de la statistique – Pendularité (PEND), Relevé structurel (RS)

Les données concernent les 180 villes de la publication ""Statistiques des villes suisses"", constituées de 173 villes statistiques et de 7 autres membres de l'Union des villes suisses: Appenzell, Arosa, La Neuveville, Moutier, Morat, Willisau et Worb."
DATAFLOW,CH1.SSV:DF_SSV_MOB_COM(2026.1.0),"Statistiques des villes suisses 2026, pendulaires selon le principal moyen de transport",I,_ST,Total des villes suisses,3,15 000-19 999,pen_tp,Transport public (TP),OBS,Valeur observée,89171,,A,Valeur normale,2023,,28.04.2026,,28.04.2026,,,,POLG,Communes,06.04.2025,,DATASET_COMMENT,"Source: Office fédéral de la statistique – Pendularité (PEND), Relevé structurel (RS)

Les données concernent les 180 villes de la publication ""Statistiques des villes suisses"", constituées de 173 villes statistiques et de 7 autres membres de l'Union des villes suisses: Appenzell, Arosa, La Neuveville, Moutier, Morat, Willisau et Worb."
DATAFLOW,CH1.SSV:DF_SSV_MOB_COM(2026.1.0),"Statistiques des villes suisses 2026, pendulaires selon le principal moyen de transport",I,_ST,Total des villes suisses,5,50 000-99 999,pen_tim,Transport individuel motorisé (TIM),OBS,Valeur observée,42614,,A,Valeur normale,2023,,28.04.2026,,28.04.2026,,,,POLG,Communes,06.04.2025,,DATASET_COMMENT,"Source: Office fédéral de la statistique – Pendularité (PEND), Relevé structurel (RS)

Les données concernent les 180 villes de la publication ""Statistiques des villes suisses"", constituées de 173 villes statistiques et de 7 autres membres de l'Union des villes suisses: Appenzell, Arosa, La Neuveville, Moutier, Morat, Willisau et Worb."
DATAFLOW,CH1.SSV:DF_SSV_MOB_COM(2026.1.0),"Statistiques des villes suisses 2026, pendulaires selon le principal moyen de transport",I,53,Bülach,4,20 000-49 999,pen_tp,Transport public (TP),OBS,Valeur observée,3184,,A,Valeur normale,2023,,28.04.2026,,28.04.2026,,,,POLG,Communes,06.04.2025,,DATASET_COMMENT,"Source: Office fédéral de la statistique – Pendularité (PEND), Relevé structurel (RS)

Les données concernent les 180 villes de la publication ""Statistiques des villes suisses"", constituées de 173 villes statistiques et de 7 autres membres de l'Union des villes suisses: Appenzell, Arosa, La Neuveville, Moutier, Morat, Willisau et Worb."
DATAFLOW,CH1.SSV:DF_SSV_MOB_COM(2026.1.0),"Statistiques des villes suisses 2026, pendulaires selon le principal moyen de transport",I,121,Wetzikon (ZH),4,20 000-49 999,pen_tim,Transport individuel motorisé (TIM),CI,Intervalle de confiance (+/-),15.64,,A,Valeur normale,2023,,28.04.2026,,28.04.2026,,,,POLG,Communes,06.04.2025,,DATASET_COMMENT,"Source: Office fédéral de la statistique – Pendularité (PEND), Relevé structurel (RS)

Les données concernent les 180 villes de la publication ""Statistiques des villes suisses"", constituées de 173 villes statistiques et de 7 autres membres de l'Union des villes suisses: Appenzell, Arosa, La Neuveville, Moutier, Morat, Willisau et Worb."
DATAFLOW,CH1.SSV:DF_SSV_MOB_COM(2026.1.0),"Statistiques des villes suisses 2026, pendulaires selon le principal moyen de transport",I,198,Uster,4,20 000-49 999,pen_tp,Transport public (TP),OBS,Valeur observée,8199,,A,Valeur normale,2023,,28.04.2026,,28.04.2026,,,,POLG,Communes,06.04.2025,,DATASET_COMMENT,"Source: Office fédéral de la statistique – Pendularité (PEND), Relevé structurel (RS)

Les données concernent les 180 villes de la publication ""Statistiques des villes suisses"", constituées de 173 villes statistiques et de 7 autres membres de l'Union des villes suisses: Appenzell, Arosa, La Neuveville, Moutier, Morat, Willisau et Worb."
DATAFLOW,CH1.SSV:DF_SSV_MOB_COM(2026.1.0),"Statistiques des villes suisses 2026, pendulaires selon le principal moyen de transport",I,243,Dietikon,4,20 000-49 999,pen_t,"Pendulaires, total",OBS,Valeur observée,11514,,A,Valeur normale,2023,,28.04.2026,,28.04.2026,,,,POLG,Communes,06.04.2025,,DATASET_COMMENT,"Source: Office fédéral de la statistique – Pendularité (PEND), Relevé structurel (RS)

Les données concernent les 180 villes de la publication ""Statistiques des villes suisses"", constituées de 173 villes statistiques et de 7 autres membres de l'Union des villes suisses: Appenzell, Arosa, La Neuveville, Moutier, Morat, Willisau et Worb."
DATAFLOW,CH1.SSV:DF_SSV_MOB_COM(2026.1.0),"Statistiques des villes suisses 2026, pendulaires selon le principal moyen de transport",I,250,Urdorf,2,10 000-14 999,pen_tp,Transport public (TP),CI,Intervalle de confiance (+/-),27.77,,U,Faible fiabilité,2023,,28.04.2026,,28.04.2026,,,,POLG,Communes,06.04.2025,,DATASET_COMMENT,"Source: Office fédéral de la statistique – Pendularité (PEND), Relevé structurel (RS)

Les données concernent les 180 villes de la publication ""Statistiques des villes suisses"", constituées de 173 villes statistiques et de 7 autres membres de l'Union des villes suisses: Appenzell, Arosa, La Neuveville, Moutier, Morat, Willisau et Worb."
DATAFLOW,CH1.SSV:DF_SSV_MOB_COM(2026.1.0),"Statistiques des villes suisses 2026, pendulaires selon le principal moyen de transport",I,250,Urdorf,2,10 000-14 999,pen_tim,Transport individuel motorisé (TIM),OBS,Valeur observée,1570,,U,Faible fiabilité,2023,,28.04.2026,,28.04.2026,,,,POLG,Communes,06.04.2025,,DATASET_COMMENT,"Source: Office fédéral de la statistique – Pendularité (PEND), Relevé structurel (RS)

Les données concernent les 180 villes de la publication ""Statistiques des villes suisses"", constituées de 173 villes statistiques et de 7 autres membres de l'Union des villes suisses: Appenzell, Arosa, La Neuveville, Moutier, Morat, Willisau et Worb."
DATAFLOW,CH1.SSV:DF_SSV_MOB_COM(2026.1.0),"Statistiques des villes suisses 2026, pendulaires selon le principal moyen de transport",I,355,Köniz,4,20 000-49 999,pen_t,"Pendulaires, total",CI,Intervalle de confiance (+/-),8.36,,A,Valeur normale,2023,,28.04.2026,,28.04.2026,,,,POLG,Communes,06.04.2025,,DATASET_COMMENT,"Source: Office fédéral de la statistique – Pendularité (PEND), Relevé structurel (RS)

Les données concernent les 180 villes de la publication ""Statistiques des villes suisses"", constituées de 173 villes statistiques et de 7 autres membres de l'Union des villes suisses: Appenzell, Arosa, La Neuveville, Moutier, Morat, Willisau et Worb."
DATAFLOW,CH1.SSV:DF_SSV_MOB_COM(2026.1.0),"Statistiques des villes suisses 2026, pendulaires selon le principal moyen de transport",I,355,Köniz,4,20 000-49 999,pen_tp,Transport public (TP),OBS,Valeur observée,8460,,A,Valeur normale,2023,,28.04.2026,,28.04.2026,,,,POLG,Communes,06.04.2025,,DATASET_COMMENT,"Source: Office fédéral de la statistique – Pendularité (PEND), Relevé structurel (RS)

Les données concernent les 180 villes de la publication ""Statistiques des villes suisses"", constituées de 173 villes statistiques et de 7 autres membres de l'Union des villes suisses: Appenzell, Arosa, La Neuveville, Moutier, Morat, Willisau et Worb."
DATAFLOW,CH1.SSV:DF_SSV_MOB_COM(2026.1.0),"Statistiques des villes suisses 2026, pendulaires selon le principal moyen de transport",I,355,Köniz,4,20 000-49 999,pen_tim,Transport individuel motorisé (TIM),CI,Intervalle de confiance (+/-),15.72,,A,Valeur normale,2023,,28.04.2026,,28.04.2026,,,,POLG,Communes,06.04.2025,,DATASET_COMMENT,"Source: Office fédéral de la statistique – Pendularité (PEND), Relevé structurel (RS)

Les données concernent les 180 villes de la publication ""Statistiques des villes suisses"", constituées de 173 villes statistiques et de 7 autres membres de l'Union des villes suisses: Appenzell, Arosa, La Neuveville, Moutier, Morat, Willisau et Worb."
DATAFLOW,CH1.SSV:DF_SSV_MOB_COM(2026.1.0),"Statistiques des villes suisses 2026, pendulaires selon le principal moyen de transport",I,371,Biel/Bienne,5,50 000-99 999,pen_t,"Pendulaires, total",CI,Intervalle de confiance (+/-),7.65,,A,Valeur normale,2023,,28.04.2026,,28.04.2026,,,,POLG,Communes,06.04.2025,,DATASET_COMMENT,"Source: Office fédéral de la statistique – Pendularité (PEND), Relevé structurel (RS)

Les données concernent les 180 villes de la publication ""Statistiques des villes suisses"", constituées de 173 villes statistiques et de 7 autres membres de l'Union des villes suisses: Appenzell, Arosa, La Neuveville, Moutier, Morat, Willisau et Worb."
DATAFLOW,CH1.SSV:DF_SSV_MOB_COM(2026.1.0),"Statistiques des villes suisses 2026, pendulaires selon le principal moyen de transport",I,404,Burgdorf,3,15 000-19 999,pen_tp,Transport public (TP),OBS,Valeur observée,1977,,A,Valeur normale,2023,,28.04.2026,,28.04.2026,,,,POLG,Communes,06.04.2025,,DATASET_COMMENT,"Source: Office fédéral de la statistique – Pendularité (PEND), Relevé structurel (RS)

Les données concernent les 180 villes de la publication ""Statistiques des villes suisses"", constituées de 173 villes statistiques et de 7 autres membres de l'Union des villes suisses: Appenzell, Arosa, La Neuveville, Moutier, Morat, Willisau et Worb."
DATAFLOW,CH1.SSV:DF_SSV_MOB_COM(2026.1.0),"Statistiques des villes suisses 2026, pendulaires selon le principal moyen de transport",I,404,Burgdorf,3,15 000-19 999,pen_tim,Transport individuel motorisé (TIM),CI,Intervalle de confiance (+/-),23.09,,A,Valeur normale,2023,,28.04.2026,,28.04.2026,,,,POLG,Communes,06.04.2025,,DATASET_COMMENT,"Source: Office fédéral de la statistique – Pendularité (PEND), Relevé structurel (RS)

Les données concernent les 180 villes de la publication ""Statistiques des villes suisses"", constituées de 173 villes statistiques et de 7 autres membres de l'Union des villes suisses: Appenzell, Arosa, La Neuveville, Moutier, Morat, Willisau et Worb."
DATAFLOW,CH1.SSV:DF_SSV_MOB_COM(2026.1.0),"Statistiques des villes suisses 2026, pendulaires selon le principal moyen de transport",I,700,Moutier,1,moins de 10 000,pen_t,"Pendulaires, total",OBS,Valeur observée,2776,,A,Valeur normale,2023,,28.04.2026,,28.04.2026,,,,POLG,Communes,06.04.2025,,DATASET_COMMENT,"Source: Office fédéral de la statistique – Pendularité (PEND), Relevé structurel (RS)

Les données concernent les 180 villes de la publication ""Statistiques des villes suisses"", constituées de 173 villes statistiques et de 7 autres membres de l'Union des villes suisses: Appenzell, Arosa, La Neuveville, Moutier, Morat, Willisau et Worb."
DATAFLOW,CH1.SSV:DF_SSV_MOB_COM(2026.1.0),"Statistiques des villes suisses 2026, pendulaires selon le principal moyen de transport",I,700,Moutier,1,moins de 10 000,pen_tim,Transport individuel motorisé (TIM),OBS,Valeur observée,1722,,U,Faible fiabilité,2023,,28.04.2026,,28.04.2026,,,,POLG,Communes,06.04.2025,,DATASET_COMMENT,"Source: Office fédéral de la statistique – Pendularité (PEND), Relevé structurel (RS)

Les données concernent les 180 villes de la publication ""Statistiques des villes suisses"", constituées de 173 villes statistiques et de 7 autres membres de l'Union des villes suisses: Appenzell, Arosa, La Neuveville, Moutier, Morat, Willisau et Worb."
DATAFLOW,CH1.SSV:DF_SSV_MOB_COM(2026.1.0),"Statistiques des villes suisses 2026, pendulaires selon le principal moyen de transport",I,939,Steffisburg,3,15 000-19 999,pen_tp,Transport public (TP),OBS,Valeur observée,1572,,U,Faible fiabilité,2023,,28.04.2026,,28.04.2026,,,,POLG,Communes,06.04.2025,,DATASET_COMMENT,"Source: Office fédéral de la statistique – Pendularité (PEND), Relevé structurel (RS)

Les données concernent les 180 villes de la publication ""Statistiques des villes suisses"", constituées de 173 villes statistiques et de 7 autres membres de l'Union des villes suisses: Appenzell, Arosa, La Neuveville, Moutier, Morat, Willisau et Worb."
DATAFLOW,CH1.SSV:DF_SSV_MOB_COM(2026.1.0),"Statistiques des villes suisses 2026, pendulaires selon le principal moyen de transport",I,942,Thun,4,20 000-49 999,pen_tp,Transport public (TP),CI,Intervalle de confiance (+/-),14.91,,A,Valeur normale,2023,,28.04.2026,,28.04.2026,,,,POLG,Communes,06.04.2025,,DATASET_COMMENT,"Source: Office fédéral de la statistique – Pendularité (PEND), Relevé structurel (RS)

Les données concernent les 180 villes de la publication ""Statistiques des villes suisses"", constituées de 173 villes statistiques et de 7 autres membres de l'Union des villes suisses: Appenzell, Arosa, La Neuveville, Moutier, Morat, Willisau et Worb."
DATAFLOW,CH1.SSV:DF_SSV_MOB_COM(2026.1.0),"Statistiques des villes suisses 2026, pendulaires selon le principal moyen de transport",I,1059,Kriens,4,20 000-49 999,pen_t,"Pendulaires, total",OBS,Valeur observée,12066,,A,Valeur normale,2023,,28.04.2026,,28.04.2026,,,,POLG,Communes,06.04.2025,,DATASET_COMMENT,"Source: Office fédéral de la statistique – Pendularité (PEND), Relevé structurel (RS)

Les données concernent les 180 villes de la publication ""Statistiques des villes suisses"", constituées de 173 villes statistiques et de 7 autres membres de l'Union des villes suisses: Appenzell, Arosa, La Neuveville, Moutier, Morat, Willisau et Worb."
DATAFLOW,CH1.SSV:DF_SSV_MOB_COM(2026.1.0),"Statistiques des villes suisses 2026, pendulaires selon le principal moyen de transport",I,1059,Kriens,4,20 000-49 999,pen_tp,Transport public (TP),CI,Intervalle de confiance (+/-),13.28,,A,Valeur normale,2023,,28.04.2026,,28.04.2026,,,,POLG,Communes,06.04.2025,,DATASET_COMMENT,"Source: Office fédéral de la statistique – Pendularité (PEND), Relevé structurel (RS)

Les données concernent les 180 villes de la publication ""Statistiques des villes suisses"", constituées de 173 villes statistiques et de 7 autres membres de l'Union des villes suisses: Appenzell, Arosa, La Neuveville, Moutier, Morat, Willisau et Worb."
DATAFLOW,CH1.SSV:DF_SSV_MOB_COM(2026.1.0),"Statistiques des villes suisses 2026, pendulaires selon le principal moyen de transport",I,1344,Lachen,1,moins de 10 000,pen_tp,Transport public (TP),CI,Intervalle de confiance (+/-),31.03,,U,Faible fiabilité,2023,,28.04.2026,,28.04.2026,,,,POLG,Communes,06.04.2025,,DATASET_COMMENT,"Source: Office fédéral de la statistique – Pendularité (PEND), Relevé structurel (RS)

Les données concernent les 180 villes de la publication ""Statistiques des villes suisses"", constituées de 173 villes statistiques et de 7 autres membres de l'Union des villes suisses: Appenzell, Arosa, La Neuveville, Moutier, Morat, Willisau et Worb."
DATAFLOW,CH1.SSV:DF_SSV_MOB_COM(2026.1.0),"Statistiques des villes suisses 2026, pendulaires selon le principal moyen de transport",I,1372,Schwyz,3,15 000-19 999,pen_tp,Transport public (TP),OBS,Valeur observée,854,,U,Faible fiabilité,2023,,28.04.2026,,28.04.2026,,,,POLG,Communes,06.04.2025,,DATASET_COMMENT,"Source: Office fédéral de la statistique – Pendularité (PEND), Relevé structurel (RS)

Les données concernent les 180 villes de la publication ""Statistiques des villes suisses"", constituées de 173 villes statistiques et de 7 autres membres de l'Union des villes suisses: Appenzell, Arosa, La Neuveville, Moutier, Morat, Willisau et Worb."
DATAFLOW,CH1.SSV:DF_SSV_MOB_COM(2026.1.0),"Statistiques des villes suisses 2026, pendulaires selon le principal moyen de transport",I,1407,Sarnen,2,10 000-14 999,pen_t,"Pendulaires, total",OBS,Valeur observée,4672,,A,Valeur normale,2023,,28.04.2026,,28.04.2026,,,,POLG,Communes,06.04.2025,,DATASET_COMMENT,"Source: Office fédéral de la statistique – Pendularité (PEND), Relevé structurel (RS)

Les données concernent les 180 villes de la publication ""Statistiques des villes suisses"", constituées de 173 villes statistiques et de 7 autres membres de l'Union des villes suisses: Appenzell, Arosa, La Neuveville, Moutier, Morat, Willisau et Worb."
DATAFLOW,CH1.SSV:DF_SSV_MOB_COM(2026.1.0),"Statistiques des villes suisses 2026, pendulaires selon le principal moyen de transport",I,1509,Stans,1,moins de 10 000,pen_tim,Transport individuel motorisé (TIM),OBS,Valeur observée,1883,,A,Valeur normale,2023,,28.04.2026,,28.04.2026,,,,POLG,Communes,06.04.2025,,DATASET_COMMENT,"Source: Office fédéral de la statistique – Pendularité (PEND), Relevé structurel (RS)

Les données concernent les 180 villes de la publication ""Statistiques des villes suisses"", constituées de 173 villes statistiques et de 7 autres membres de l'Union des villes suisses: Appenzell, Arosa, La Neuveville, Moutier, Morat, Willisau et Worb."
DATAFLOW,CH1.SSV:DF_SSV_MOB_COM(2026.1.0),"Statistiques des villes suisses 2026, pendulaires selon le principal moyen de transport",I,2275,Murten,1,moins de 10 000,pen_t,"Pendulaires, total",CI,Intervalle de confiance (+/-),17.48,,A,Valeur normale,2023,,28.04.2026,,28.04.2026,,,,POLG,Communes,06.04.2025,,DATASET_COMMENT,"Source: Office fédéral de la statistique – Pendularité (PEND), Relevé structurel (RS)

Les données concernent les 180 villes de la publication ""Statistiques des villes suisses"", constituées de 173 villes statistiques et de 7 autres membres de l'Union des villes suisses: Appenzell, Arosa, La Neuveville, Moutier, Morat, Willisau et Worb."
DATAFLOW,CH1.SSV:DF_SSV_MOB_COM(2026.1.0),"Statistiques des villes suisses 2026, pendulaires selon le principal moyen de transport",I,2601,Solothurn,3,15 000-19 999,pen_t,"Pendulaires, total",CI,Intervalle de confiance (+/-),12.74,,A,Valeur normale,2023,,28.04.2026,,28.04.2026,,,,POLG,Communes,06.04.2025,,DATASET_COMMENT,"Source: Office fédéral de la statistique – Pendularité (PEND), Relevé structurel (RS)

Les données concernent les 180 villes de la publication ""Statistiques des villes suisses"", constituées de 173 villes statistiques et de 7 autres membres de l'Union des villes suisses: Appenzell, Arosa, La Neuveville, Moutier, Morat, Willisau et Worb."
DATAFLOW,CH1.SSV:DF_SSV_MOB_COM(2026.1.0),"Statistiques des villes suisses 2026, pendulaires selon le principal moyen de transport",I,2771,Oberwil (BL),2,10 000-14 999,pen_tp,Transport public (TP),OBS,Valeur observée,1383,,U,Faible fiabilité,2023,,28.04.2026,,28.04.2026,,,,POLG,Communes,06.04.2025,,DATASET_COMMENT,"Source: Office fédéral de la statistique – Pendularité (PEND), Relevé structurel (RS)

Les données concernent les 180 villes de la publication ""Statistiques des villes suisses"", constituées de 173 villes statistiques et de 7 autres membres de l'Union des villes suisses: Appenzell, Arosa, La Neuveville, Moutier, Morat, Willisau et Worb."
DATAFLOW,CH1.SSV:DF_SSV_MOB_COM(2026.1.0),"Statistiques des villes suisses 2026, pendulaires selon le principal moyen de transport",I,2773,Reinach (BL),4,20 000-49 999,pen_t,"Pendulaires, total",OBS,Valeur observée,6517,,A,Valeur normale,2023,,28.04.2026,,28.04.2026,,,,POLG,Communes,06.04.2025,,DATASET_COMMENT,"Source: Office fédéral de la statistique – Pendularité (PEND), Relevé structurel (RS)

Les données concernent les 180 villes de la publication ""Statistiques des villes suisses"", constituées de 173 villes statistiques et de 7 autres membres de l'Union des villes suisses: Appenzell, Arosa, La Neuveville, Moutier, Morat, Willisau et Worb."
DATAFLOW,CH1.SSV:DF_SSV_MOB_COM(2026.1.0),"Statistiques des villes suisses 2026, pendulaires selon le principal moyen de transport",I,2937,Neuhausen am Rheinfall,2,10 000-14 999,pen_t,"Pendulaires, total",OBS,Valeur observée,4732,,A,Valeur normale,2023,,28.04.2026,,28.04.2026,,,,POLG,Communes,06.04.2025,,DATASET_COMMENT,"Source: Office fédéral de la statistique – Pendularité (PEND), Relevé structurel (RS)

Les données concernent les 180 villes de la publication ""Statistiques des villes suisses"", constituées de 173 villes statistiques et de 7 autres membres de l'Union des villes suisses: Appenzell, Arosa, La Neuveville, Moutier, Morat, Willisau et Worb."
DATAFLOW,CH1.SSV:DF_SSV_MOB_COM(2026.1.0),"Statistiques des villes suisses 2026, pendulaires selon le principal moyen de transport",I,2937,Neuhausen am Rheinfall,2,10 000-14 999,pen_tim,Transport individuel motorisé (TIM),OBS,Valeur observée,2431,,A,Valeur normale,2023,,28.04.2026,,28.04.2026,,,,POLG,Communes,06.04.2025,,DATASET_COMMENT,"Source: Office fédéral de la statistique – Pendularité (PEND), Relevé structurel (RS)

Les données concernent les 180 villes de la publication ""Statistiques des villes suisses"", constituées de 173 villes statistiques et de 7 autres membres de l'Union des villes suisses: Appenzell, Arosa, La Neuveville, Moutier, Morat, Willisau et Worb."
DATAFLOW,CH1.SSV:DF_SSV_MOB_COM(2026.1.0),"Statistiques des villes suisses 2026, pendulaires selon le principal moyen de transport",I,3271,Buchs (SG),2,10 000-14 999,pen_t,"Pendulaires, total",OBS,Valeur observée,6948,,A,Valeur normale,2023,,28.04.2026,,28.04.2026,,,,POLG,Communes,06.04.2025,,DATASET_COMMENT,"Source: Office fédéral de la statistique – Pendularité (PEND), Relevé structurel (RS)

Les données concernent les 180 villes de la publication ""Statistiques des villes suisses"", constituées de 173 villes statistiques et de 7 autres membres de l'Union des villes suisses: Appenzell, Arosa, La Neuveville, Moutier, Morat, Willisau et Worb."
DATAFLOW,CH1.SSV:DF_SSV_MOB_COM(2026.1.0),"Statistiques des villes suisses 2026, pendulaires selon le principal moyen de transport",I,3271,Buchs (SG),2,10 000-14 999,pen_tp,Transport public (TP),CI,Intervalle de confiance (+/-),41.61,,U,Faible fiabilité,2023,,28.04.2026,,28.04.2026,,,,POLG,Communes,06.04.2025,,DATASET_COMMENT,"Source: Office fédéral de la statistique – Pendularité (PEND), Relevé structurel (RS)

Les données concernent les 180 villes de la publication ""Statistiques des villes suisses"", constituées de 173 villes statistiques et de 7 autres membres de l'Union des villes suisses: Appenzell, Arosa, La Neuveville, Moutier, Morat, Willisau et Worb."
DATAFLOW,CH1.SSV:DF_SSV_MOB_COM(2026.1.0),"Statistiques des villes suisses 2026, pendulaires selon le principal moyen de transport",I,3271,Buchs (SG),2,10 000-14 999,pen_tim,Transport individuel motorisé (TIM),OBS,Valeur observée,4460,,A,Valeur normale,2023,,28.04.2026,,28.04.2026,,,,POLG,Communes,06.04.2025,,DATASET_COMMENT,"Source: Office fédéral de la statistique – Pendularité (PEND), Relevé structurel (RS)

Les données concernent les 180 villes de la publication ""Statistiques des villes suisses"", constituées de 173 villes statistiques et de 7 autres membres de l'Union des villes suisses: Appenzell, Arosa, La Neuveville, Moutier, Morat, Willisau et Worb."
DATAFLOW,CH1.SSV:DF_SSV_MOB_COM(2026.1.0),"Statistiques des villes suisses 2026, pendulaires selon le principal moyen de transport",I,3340,Rapperswil-Jona,4,20 000-49 999,pen_t,"Pendulaires, total",CI,Intervalle de confiance (+/-),10.31,,A,Valeur normale,2023,,28.04.2026,,28.04.2026,,,,POLG,Communes,06.04.2025,,DATASET_COMMENT,"Source: Office fédéral de la statistique – Pendularité (PEND), Relevé structurel (RS)

Les données concernent les 180 villes de la publication ""Statistiques des villes suisses"", constituées de 173 villes statistiques et de 7 autres membres de l'Union des villes suisses: Appenzell, Arosa, La Neuveville, Moutier, Morat, Willisau et Worb."
DATAFLOW,CH1.SSV:DF_SSV_MOB_COM(2026.1.0),"Statistiques des villes suisses 2026, pendulaires selon le principal moyen de transport",I,3402,Flawil,2,10 000-14 999,pen_t,"Pendulaires, total",CI,Intervalle de confiance (+/-),17.68,,A,Valeur normale,2023,,28.04.2026,,28.04.2026,,,,POLG,Communes,06.04.2025,,DATASET_COMMENT,"Source: Office fédéral de la statistique – Pendularité (PEND), Relevé structurel (RS)

Les données concernent les 180 villes de la publication ""Statistiques des villes suisses"", constituées de 173 villes statistiques et de 7 autres membres de l'Union des villes suisses: Appenzell, Arosa, La Neuveville, Moutier, Morat, Willisau et Worb."
DATAFLOW,CH1.SSV:DF_SSV_MOB_COM(2026.1.0),"Statistiques des villes suisses 2026, pendulaires selon le principal moyen de transport",I,3408,Uzwil,2,10 000-14 999,pen_tp,Transport public (TP),OBS,Valeur observée,1247,,U,Faible fiabilité,2023,,28.04.2026,,28.04.2026,,,,POLG,Communes,06.04.2025,,DATASET_COMMENT,"Source: Office fédéral de la statistique – Pendularité (PEND), Relevé structurel (RS)

Les données concernent les 180 villes de la publication ""Statistiques des villes suisses"", constituées de 173 villes statistiques et de 7 autres membres de l'Union des villes suisses: Appenzell, Arosa, La Neuveville, Moutier, Morat, Willisau et Worb."
DATAFLOW,CH1.SSV:DF_SSV_MOB_COM(2026.1.0),"Statistiques des villes suisses 2026, pendulaires selon le principal moyen de transport",I,3427,Wil (SG),4,20 000-49 999,pen_tp,Transport public (TP),CI,Intervalle de confiance (+/-),21.79,,A,Valeur normale,2023,,28.04.2026,,28.04.2026,,,,POLG,Communes,06.04.2025,,DATASET_COMMENT,"Source: Office fédéral de la statistique – Pendularité (PEND), Relevé structurel (RS)

Les données concernent les 180 villes de la publication ""Statistiques des villes suisses"", constituées de 173 villes statistiques et de 7 autres membres de l'Union des villes suisses: Appenzell, Arosa, La Neuveville, Moutier, Morat, Willisau et Worb."
DATAFLOW,CH1.SSV:DF_SSV_MOB_COM(2026.1.0),"Statistiques des villes suisses 2026, pendulaires selon le principal moyen de transport",I,3955,Landquart,1,moins de 10 000,pen_t,"Pendulaires, total",CI,Intervalle de confiance (+/-),19.89,,A,Valeur normale,2023,,28.04.2026,,28.04.2026,,,,POLG,Communes,06.04.2025,,DATASET_COMMENT,"Source: Office fédéral de la statistique – Pendularité (PEND), Relevé structurel (RS)

Les données concernent les 180 villes de la publication ""Statistiques des villes suisses"", constituées de 173 villes statistiques et de 7 autres membres de l'Union des villes suisses: Appenzell, Arosa, La Neuveville, Moutier, Morat, Willisau et Worb."
DATAFLOW,CH1.SSV:DF_SSV_MOB_COM(2026.1.0),"Statistiques des villes suisses 2026, pendulaires selon le principal moyen de transport",I,4001,Aarau,4,20 000-49 999,pen_tp,Transport public (TP),OBS,Valeur observée,4052,,A,Valeur normale,2023,,28.04.2026,,28.04.2026,,,,POLG,Communes,06.04.2025,,DATASET_COMMENT,"Source: Office fédéral de la statistique – Pendularité (PEND), Relevé structurel (RS)

Les données concernent les 180 villes de la publication ""Statistiques des villes suisses"", constituées de 173 villes statistiques et de 7 autres membres de l'Union des villes suisses: Appenzell, Arosa, La Neuveville, Moutier, Morat, Willisau et Worb."
DATAFLOW,CH1.SSV:DF_SSV_MOB_COM(2026.1.0),"Statistiques des villes suisses 2026, pendulaires selon le principal moyen de transport",I,4040,Spreitenbach,2,10 000-14 999,pen_t,"Pendulaires, total",CI,Intervalle de confiance (+/-),12.22,,A,Valeur normale,2023,,28.04.2026,,28.04.2026,,,,POLG,Communes,06.04.2025,,DATASET_COMMENT,"Source: Office fédéral de la statistique – Pendularité (PEND), Relevé structurel (RS)

Les données concernent les 180 villes de la publication ""Statistiques des villes suisses"", constituées de 173 villes statistiques et de 7 autres membres de l'Union des villes suisses: Appenzell, Arosa, La Neuveville, Moutier, Morat, Willisau et Worb."
DATAFLOW,CH1.SSV:DF_SSV_MOB_COM(2026.1.0),"Statistiques des villes suisses 2026, pendulaires selon le principal moyen de transport",I,4040,Spreitenbach,2,10 000-14 999,pen_tim,Transport individuel motorisé (TIM),CI,Intervalle de confiance (+/-),16.7,,A,Valeur normale,2023,,28.04.2026,,28.04.2026,,,,POLG,Communes,06.04.2025,,DATASET_COMMENT,"Source: Office fédéral de la statistique – Pendularité (PEND), Relevé structurel (RS)

Les données concernent les 180 villes de la publication ""Statistiques des villes suisses"", constituées de 173 villes statistiques et de 7 autres membres de l'Union des villes suisses: Appenzell, Arosa, La Neuveville, Moutier, Morat, Willisau et Worb."
DATAFLOW,CH1.SSV:DF_SSV_MOB_COM(2026.1.0),"Statistiques des villes suisses 2026, pendulaires selon le principal moyen de transport",I,4045,Wettingen,4,20 000-49 999,pen_tim,Transport individuel motorisé (TIM),OBS,Valeur observée,3596,,A,Valeur normale,2023,,28.04.2026,,28.04.2026,,,,POLG,Communes,06.04.2025,,DATASET_COMMENT,"Source: Office fédéral de la statistique – Pendularité (PEND), Relevé structurel (RS)

Les données concernent les 180 villes de la publication ""Statistiques des villes suisses"", constituées de 173 villes statistiques et de 7 autres membres de l'Union des villes suisses: Appenzell, Arosa, La Neuveville, Moutier, Morat, Willisau et Worb."
DATAFLOW,CH1.SSV:DF_SSV_MOB_COM(2026.1.0),"Statistiques des villes suisses 2026, pendulaires selon le principal moyen de transport",I,4254,Möhlin,2,10 000-14 999,pen_t,"Pendulaires, total",CI,Intervalle de confiance (+/-),11.69,,A,Valeur normale,2023,,28.04.2026,,28.04.2026,,,,POLG,Communes,06.04.2025,,DATASET_COMMENT,"Source: Office fédéral de la statistique – Pendularité (PEND), Relevé structurel (RS)

Les données concernent les 180 villes de la publication ""Statistiques des villes suisses"", constituées de 173 villes statistiques et de 7 autres membres de l'Union des villes suisses: Appenzell, Arosa, La Neuveville, Moutier, Morat, Willisau et Worb."
DATAFLOW,CH1.SSV:DF_SSV_MOB_COM(2026.1.0),"Statistiques des villes suisses 2026, pendulaires selon le principal moyen de transport",I,4254,Möhlin,2,10 000-14 999,pen_tim,Transport individuel motorisé (TIM),CI,Intervalle de confiance (+/-),15.38,,A,Valeur normale,2023,,28.04.2026,,28.04.2026,,,,POLG,Communes,06.04.2025,,DATASET_COMMENT,"Source: Office fédéral de la statistique – Pendularité (PEND), Relevé structurel (RS)

Les données concernent les 180 villes de la publication ""Statistiques des villes suisses"", constituées de 173 villes statistiques et de 7 autres membres de l'Union des villes suisses: Appenzell, Arosa, La Neuveville, Moutier, Morat, Willisau et Worb."
DATAFLOW,CH1.SSV:DF_SSV_MOB_COM(2026.1.0),"Statistiques des villes suisses 2026, pendulaires selon le principal moyen de transport",I,4258,Rheinfelden,2,10 000-14 999,pen_tim,Transport individuel motorisé (TIM),CI,Intervalle de confiance (+/-),17.13,,A,Valeur normale,2023,,28.04.2026,,28.04.2026,,,,POLG,Communes,06.04.2025,,DATASET_COMMENT,"Source: Office fédéral de la statistique – Pendularité (PEND), Relevé structurel (RS)

Les données concernent les 180 villes de la publication ""Statistiques des villes suisses"", constituées de 173 villes statistiques et de 7 autres membres de l'Union des villes suisses: Appenzell, Arosa, La Neuveville, Moutier, Morat, Willisau et Worb."
DATAFLOW,CH1.SSV:DF_SSV_MOB_COM(2026.1.0),"Statistiques des villes suisses 2026, pendulaires selon le principal moyen de transport",I,4436,Romanshorn,2,10 000-14 999,pen_tp,Transport public (TP),OBS,Valeur observée,828,,U,Faible fiabilité,2023,,28.04.2026,,28.04.2026,,,,POLG,Communes,06.04.2025,,DATASET_COMMENT,"Source: Office fédéral de la statistique – Pendularité (PEND), Relevé structurel (RS)

Les données concernent les 180 villes de la publication ""Statistiques des villes suisses"", constituées de 173 villes statistiques et de 7 autres membres de l'Union des villes suisses: Appenzell, Arosa, La Neuveville, Moutier, Morat, Willisau et Worb."
DATAFLOW,CH1.SSV:DF_SSV_MOB_COM(2026.1.0),"Statistiques des villes suisses 2026, pendulaires selon le principal moyen de transport",I,4946,Weinfelden,2,10 000-14 999,pen_tp,Transport public (TP),OBS,Valeur observée,931,,U,Faible fiabilité,2023,,28.04.2026,,28.04.2026,,,,POLG,Communes,06.04.2025,,DATASET_COMMENT,"Source: Office fédéral de la statistique – Pendularité (PEND), Relevé structurel (RS)

Les données concernent les 180 villes de la publication ""Statistiques des villes suisses"", constituées de 173 villes statistiques et de 7 autres membres de l'Union des villes suisses: Appenzell, Arosa, La Neuveville, Moutier, Morat, Willisau et Worb."
DATAFLOW,CH1.SSV:DF_SSV_MOB_COM(2026.1.0),"Statistiques des villes suisses 2026, pendulaires selon le principal moyen de transport",I,5113,Locarno,3,15 000-19 999,pen_t,"Pendulaires, total",CI,Intervalle de confiance (+/-),11.09,,A,Valeur normale,2023,,28.04.2026,,28.04.2026,,,,POLG,Communes,06.04.2025,,DATASET_COMMENT,"Source: Office fédéral de la statistique – Pendularité (PEND), Relevé structurel (RS)

Les données concernent les 180 villes de la publication ""Statistiques des villes suisses"", constituées de 173 villes statistiques et de 7 autres membres de l'Union des villes suisses: Appenzell, Arosa, La Neuveville, Moutier, Morat, Willisau et Worb."
DATAFLOW,CH1.SSV:DF_SSV_MOB_COM(2026.1.0),"Statistiques des villes suisses 2026, pendulaires selon le principal moyen de transport",I,5113,Locarno,3,15 000-19 999,pen_tp,Transport public (TP),OBS,Valeur observée,997,,A,Valeur normale,2023,,28.04.2026,,28.04.2026,,,,POLG,Communes,06.04.2025,,DATASET_COMMENT,"Source: Office fédéral de la statistique – Pendularité (PEND), Relevé structurel (RS)

Les données concernent les 180 villes de la publication ""Statistiques des villes suisses"", constituées de 173 villes statistiques et de 7 autres membres de l'Union des villes suisses: Appenzell, Arosa, La Neuveville, Moutier, Morat, Willisau et Worb."
DATAFLOW,CH1.SSV:DF_SSV_MOB_COM(2026.1.0),"Statistiques des villes suisses 2026, pendulaires selon le principal moyen de transport",I,5113,Locarno,3,15 000-19 999,pen_tim,Transport individuel motorisé (TIM),CI,Intervalle de confiance (+/-),16.32,,A,Valeur normale,2023,,28.04.2026,,28.04.2026,,,,POLG,Communes,06.04.2025,,DATASET_COMMENT,"Source: Office fédéral de la statistique – Pendularité (PEND), Relevé structurel (RS)

Les données concernent les 180 villes de la publication ""Statistiques des villes suisses"", constituées de 173 villes statistiques et de 7 autres membres de l'Union des villes suisses: Appenzell, Arosa, La Neuveville, Moutier, Morat, Willisau et Worb."
DATAFLOW,CH1.SSV:DF_SSV_MOB_COM(2026.1.0),"Statistiques des villes suisses 2026, pendulaires selon le principal moyen de transport",I,5192,Lugano,5,50 000-99 999,pen_t,"Pendulaires, total",OBS,Valeur observée,21597,,A,Valeur normale,2023,,28.04.2026,,28.04.2026,,,,POLG,Communes,06.04.2025,,DATASET_COMMENT,"Source: Office fédéral de la statistique – Pendularité (PEND), Relevé structurel (RS)

Les données concernent les 180 villes de la publication ""Statistiques des villes suisses"", constituées de 173 villes statistiques et de 7 autres membres de l'Union des villes suisses: Appenzell, Arosa, La Neuveville, Moutier, Morat, Willisau et Worb."
DATAFLOW,CH1.SSV:DF_SSV_MOB_COM(2026.1.0),"Statistiques des villes suisses 2026, pendulaires selon le principal moyen de transport",I,5192,Lugano,5,50 000-99 999,pen_tp,Transport public (TP),CI,Intervalle de confiance (+/-),11.13,,A,Valeur normale,2023,,28.04.2026,,28.04.2026,,,,POLG,Communes,06.04.2025,,DATASET_COMMENT,"Source: Office fédéral de la statistique – Pendularité (PEND), Relevé structurel (RS)

Les données concernent les 180 villes de la publication ""Statistiques des villes suisses"", constituées de 173 villes statistiques et de 7 autres membres de l'Union des villes suisses: Appenzell, Arosa, La Neuveville, Moutier, Morat, Willisau et Worb."
DATAFLOW,CH1.SSV:DF_SSV_MOB_COM(2026.1.0),"Statistiques des villes suisses 2026, pendulaires selon le principal moyen de transport",I,5192,Lugano,5,50 000-99 999,pen_tim,Transport individuel motorisé (TIM),OBS,Valeur observée,11115,,A,Valeur normale,2023,,28.04.2026,,28.04.2026,,,,POLG,Communes,06.04.2025,,DATASET_COMMENT,"Source: Office fédéral de la statistique – Pendularité (PEND), Relevé structurel (RS)

Les données concernent les 180 villes de la publication ""Statistiques des villes suisses"", constituées de 173 villes statistiques et de 7 autres membres de l'Union des villes suisses: Appenzell, Arosa, La Neuveville, Moutier, Morat, Willisau et Worb."
DATAFLOW,CH1.SSV:DF_SSV_MOB_COM(2026.1.0),"Statistiques des villes suisses 2026, pendulaires selon le principal moyen de transport",I,5589,Prilly,2,10 000-14 999,pen_tp,Transport public (TP),OBS,Valeur observée,2188,,A,Valeur normale,2023,,28.04.2026,,28.04.2026,,,,POLG,Communes,06.04.2025,,DATASET_COMMENT,"Source: Office fédéral de la statistique – Pendularité (PEND), Relevé structurel (RS)

Les données concernent les 180 villes de la publication ""Statistiques des villes suisses"", constituées de 173 villes statistiques et de 7 autres membres de l'Union des villes suisses: Appenzell, Arosa, La Neuveville, Moutier, Morat, Willisau et Worb."
DATAFLOW,CH1.SSV:DF_SSV_MOB_COM(2026.1.0),"Statistiques des villes suisses 2026, pendulaires selon le principal moyen de transport",I,5642,Morges,3,15 000-19 999,pen_t,"Pendulaires, total",OBS,Valeur observée,6979,,A,Valeur normale,2023,,28.04.2026,,28.04.2026,,,,POLG,Communes,06.04.2025,,DATASET_COMMENT,"Source: Office fédéral de la statistique – Pendularité (PEND), Relevé structurel (RS)

Les données concernent les 180 villes de la publication ""Statistiques des villes suisses"", constituées de 173 villes statistiques et de 7 autres membres de l'Union des villes suisses: Appenzell, Arosa, La Neuveville, Moutier, Morat, Willisau et Worb."
DATAFLOW,CH1.SSV:DF_SSV_MOB_COM(2026.1.0),"Statistiques des villes suisses 2026, pendulaires selon le principal moyen de transport",I,5642,Morges,3,15 000-19 999,pen_tp,Transport public (TP),CI,Intervalle de confiance (+/-),14.26,,A,Valeur normale,2023,,28.04.2026,,28.04.2026,,,,POLG,Communes,06.04.2025,,DATASET_COMMENT,"Source: Office fédéral de la statistique – Pendularité (PEND), Relevé structurel (RS)

Les données concernent les 180 villes de la publication ""Statistiques des villes suisses"", constituées de 173 villes statistiques et de 7 autres membres de l'Union des villes suisses: Appenzell, Arosa, La Neuveville, Moutier, Morat, Willisau et Worb."
DATAFLOW,CH1.SSV:DF_SSV_MOB_COM(2026.1.0),"Statistiques des villes suisses 2026, pendulaires selon le principal moyen de transport",I,5822,Payerne,2,10 000-14 999,pen_t,"Pendulaires, total",CI,Intervalle de confiance (+/-),14.31,,A,Valeur normale,2023,,28.04.2026,,28.04.2026,,,,POLG,Communes,06.04.2025,,DATASET_COMMENT,"Source: Office fédéral de la statistique – Pendularité (PEND), Relevé structurel (RS)

Les données concernent les 180 villes de la publication ""Statistiques des villes suisses"", constituées de 173 villes statistiques et de 7 autres membres de l'Union des villes suisses: Appenzell, Arosa, La Neuveville, Moutier, Morat, Willisau et Worb."
DATAFLOW,CH1.SSV:DF_SSV_MOB_COM(2026.1.0),"Statistiques des villes suisses 2026, pendulaires selon le principal moyen de transport",I,5822,Payerne,2,10 000-14 999,pen_tim,Transport individuel motorisé (TIM),CI,Intervalle de confiance (+/-),16.93,,A,Valeur normale,2023,,28.04.2026,,28.04.2026,,,,POLG,Communes,06.04.2025,,DATASET_COMMENT,"Source: Office fédéral de la statistique – Pendularité (PEND), Relevé structurel (RS)

Les données concernent les 180 villes de la publication ""Statistiques des villes suisses"", constituées de 173 villes statistiques et de 7 autres membres de l'Union des villes suisses: Appenzell, Arosa, La Neuveville, Moutier, Morat, Willisau et Worb."
DATAFLOW,CH1.SSV:DF_SSV_MOB_COM(2026.1.0),"Statistiques des villes suisses 2026, pendulaires selon le principal moyen de transport",I,6153,Monthey,3,15 000-19 999,pen_tp,Transport public (TP),OBS,Valeur observée,957,,U,Faible fiabilité,2023,,28.04.2026,,28.04.2026,,,,POLG,Communes,06.04.2025,,DATASET_COMMENT,"Source: Office fédéral de la statistique – Pendularité (PEND), Relevé structurel (RS)

Les données concernent les 180 villes de la publication ""Statistiques des villes suisses"", constituées de 173 villes statistiques et de 7 autres membres de l'Union des villes suisses: Appenzell, Arosa, La Neuveville, Moutier, Morat, Willisau et Worb."
DATAFLOW,CH1.SSV:DF_SSV_MOB_COM(2026.1.0),"Statistiques des villes suisses 2026, pendulaires selon le principal moyen de transport",I,6153,Monthey,3,15 000-19 999,pen_tim,Transport individuel motorisé (TIM),CI,Intervalle de confiance (+/-),16.64,,A,Valeur normale,2023,,28.04.2026,,28.04.2026,,,,POLG,Communes,06.04.2025,,DATASET_COMMENT,"Source: Office fédéral de la statistique – Pendularité (PEND), Relevé structurel (RS)

Les données concernent les 180 villes de la publication ""Statistiques des villes suisses"", constituées de 173 villes statistiques et de 7 autres membres de l'Union des villes suisses: Appenzell, Arosa, La Neuveville, Moutier, Morat, Willisau et Worb."
DATAFLOW,CH1.SSV:DF_SSV_MOB_COM(2026.1.0),"Statistiques des villes suisses 2026, pendulaires selon le principal moyen de transport",I,6458,Neuchâtel,4,20 000-49 999,pen_t,"Pendulaires, total",OBS,Valeur observée,18568,,A,Valeur normale,2023,,28.04.2026,,28.04.2026,,,,POLG,Communes,06.04.2025,,DATASET_COMMENT,"Source: Office fédéral de la statistique – Pendularité (PEND), Relevé structurel (RS)

Les données concernent les 180 villes de la publication ""Statistiques des villes suisses"", constituées de 173 villes statistiques et de 7 autres membres de l'Union des villes suisses: Appenzell, Arosa, La Neuveville, Moutier, Morat, Willisau et Worb."
DATAFLOW,CH1.SSV:DF_SSV_MOB_COM(2026.1.0),"Statistiques des villes suisses 2026, pendulaires selon le principal moyen de transport",I,6458,Neuchâtel,4,20 000-49 999,pen_tp,Transport public (TP),CI,Intervalle de confiance (+/-),9.45,,A,Valeur normale,2023,,28.04.2026,,28.04.2026,,,,POLG,Communes,06.04.2025,,DATASET_COMMENT,"Source: Office fédéral de la statistique – Pendularité (PEND), Relevé structurel (RS)

Les données concernent les 180 villes de la publication ""Statistiques des villes suisses"", constituées de 173 villes statistiques et de 7 autres membres de l'Union des villes suisses: Appenzell, Arosa, La Neuveville, Moutier, Morat, Willisau et Worb."
DATAFLOW,CH1.SSV:DF_SSV_MOB_COM(2026.1.0),"Statistiques des villes suisses 2026, pendulaires selon le principal moyen de transport",I,6621,Genève,6,100 000 et plus,pen_tim,Transport individuel motorisé (TIM),CI,Intervalle de confiance (+/-),7.87,,A,Valeur normale,2023,,28.04.2026,,28.04.2026,,,,POLG,Communes,06.04.2025,,DATASET_COMMENT,"Source: Office fédéral de la statistique – Pendularité (PEND), Relevé structurel (RS)

Les données concernent les 180 villes de la publication ""Statistiques des villes suisses"", constituées de 173 villes statistiques et de 7 autres membres de l'Union des villes suisses: Appenzell, Arosa, La Neuveville, Moutier, Morat, Willisau et Worb."
DATAFLOW,CH1.SSV:DF_SSV_MOB_COM(2026.1.0),"Statistiques des villes suisses 2026, pendulaires selon le principal moyen de transport",I,6630,Meyrin,4,20 000-49 999,pen_t,"Pendulaires, total",CI,Intervalle de confiance (+/-),9.36,,A,Valeur normale,2023,,28.04.2026,,28.04.2026,,,,POLG,Communes,06.04.2025,,DATASET_COMMENT,"Source: Office fédéral de la statistique – Pendularité (PEND), Relevé structurel (RS)

Les données concernent les 180 villes de la publication ""Statistiques des villes suisses"", constituées de 173 villes statistiques et de 7 autres membres de l'Union des villes suisses: Appenzell, Arosa, La Neuveville, Moutier, Morat, Willisau et Worb."
DATAFLOW,CH1.SSV:DF_SSV_MOB_COM(2026.1.0),"Statistiques des villes suisses 2026, pendulaires selon le principal moyen de transport",I,6630,Meyrin,4,20 000-49 999,pen_tp,Transport public (TP),OBS,Valeur observée,3751,,A,Valeur normale,2023,,28.04.2026,,28.04.2026,,,,POLG,Communes,06.04.2025,,DATASET_COMMENT,"Source: Office fédéral de la statistique – Pendularité (PEND), Relevé structurel (RS)

Les données concernent les 180 villes de la publication ""Statistiques des villes suisses"", constituées de 173 villes statistiques et de 7 autres membres de l'Union des villes suisses: Appenzell, Arosa, La Neuveville, Moutier, Morat, Willisau et Worb."
DATAFLOW,CH1.SSV:DF_SSV_MOB_COM(2026.1.0),"Statistiques des villes suisses 2026, pendulaires selon le principal moyen de transport",I,6630,Meyrin,4,20 000-49 999,pen_tim,Transport individuel motorisé (TIM),CI,Intervalle de confiance (+/-),16.09,,A,Valeur normale,2023,,28.04.2026,,28.04.2026,,,,POLG,Communes,06.04.2025,,DATASET_COMMENT,"Source: Office fédéral de la statistique – Pendularité (PEND), Relevé structurel (RS)

Les données concernent les 180 villes de la publication ""Statistiques des villes suisses"", constituées de 173 villes statistiques et de 7 autres membres de l'Union des villes suisses: Appenzell, Arosa, La Neuveville, Moutier, Morat, Willisau et Worb."
DATAFLOW,CH1.SSV:DF_SSV_MOB_COM(2026.1.0),"Statistiques des villes suisses 2026, pendulaires selon le principal moyen de transport",I,6633,Plan-les-Ouates,2,10 000-14 999,pen_tp,Transport public (TP),CI,Intervalle de confiance (+/-),20.72,,A,Valeur normale,2023,,28.04.2026,,28.04.2026,,,,POLG,Communes,06.04.2025,,DATASET_COMMENT,"Source: Office fédéral de la statistique – Pendularité (PEND), Relevé structurel (RS)

Les données concernent les 180 villes de la publication ""Statistiques des villes suisses"", constituées de 173 villes statistiques et de 7 autres membres de l'Union des villes suisses: Appenzell, Arosa, La Neuveville, Moutier, Morat, Willisau et Worb."
DATAFLOW,CH1.SSV:DF_SSV_MOB_COM(2026.1.0),"Statistiques des villes suisses 2026, pendulaires selon le principal moyen de transport",I,6633,Plan-les-Ouates,2,10 000-14 999,pen_tim,Transport individuel motorisé (TIM),OBS,Valeur observée,1547,,A,Valeur normale,2023,,28.04.2026,,28.04.2026,,,,POLG,Communes,06.04.2025,,DATASET_COMMENT,"Source: Office fédéral de la statistique – Pendularité (PEND), Relevé structurel (RS)

Les données concernent les 180 villes de la publication ""Statistiques des villes suisses"", constituées de 173 villes statistiques et de 7 autres membres de l'Union des villes suisses: Appenzell, Arosa, La Neuveville, Moutier, Morat, Willisau et Worb."
DATAFLOW,CH1.SSV:DF_SSV_MOB_COM(2026.1.0),"Statistiques des villes suisses 2026, pendulaires selon le principal moyen de transport",I,6640,Thônex,3,15 000-19 999,pen_tp,Transport public (TP),CI,Intervalle de confiance (+/-),15.67,,A,Valeur normale,2023,,28.04.2026,,28.04.2026,,,,POLG,Communes,06.04.2025,,DATASET_COMMENT,"Source: Office fédéral de la statistique – Pendularité (PEND), Relevé structurel (RS)

Les données concernent les 180 villes de la publication ""Statistiques des villes suisses"", constituées de 173 villes statistiques et de 7 autres membres de l'Union des villes suisses: Appenzell, Arosa, La Neuveville, Moutier, Morat, Willisau et Worb."
DATAFLOW,CH1.SSV:DF_SSV_MOB_COM(2026.1.0),"Statistiques des villes suisses 2026, pendulaires selon le principal moyen de transport",I,6643,Vernier,4,20 000-49 999,pen_t,"Pendulaires, total",OBS,Valeur observée,10862,,A,Valeur normale,2023,,28.04.2026,,28.04.2026,,,,POLG,Communes,06.04.2025,,DATASET_COMMENT,"Source: Office fédéral de la statistique – Pendularité (PEND), Relevé structurel (RS)

Les données concernent les 180 villes de la publication ""Statistiques des villes suisses"", constituées de 173 villes statistiques et de 7 autres membres de l'Union des villes suisses: Appenzell, Arosa, La Neuveville, Moutier, Morat, Willisau et Worb."
DATAFLOW,CH1.SSV:DF_SSV_MOB_COM(2026.1.0),"Statistiques des villes suisses 2026, pendulaires selon le principal moyen de transport",I,6644,Versoix,2,10 000-14 999,pen_t,"Pendulaires, total",OBS,Valeur observée,3753,,A,Valeur normale,2023,,28.04.2026,,28.04.2026,,,,POLG,Communes,06.04.2025,,DATASET_COMMENT,"Source: Office fédéral de la statistique – Pendularité (PEND), Relevé structurel (RS)

Les données concernent les 180 villes de la publication ""Statistiques des villes suisses"", constituées de 173 villes statistiques et de 7 autres membres de l'Union des villes suisses: Appenzell, Arosa, La Neuveville, Moutier, Morat, Willisau et Worb."
DATAFLOW,CH1.SSV:DF_SSV_MOB_COM(2026.1.0),"Statistiques des villes suisses 2026, pendulaires selon le principal moyen de transport",I,6711,Delémont,2,10 000-14 999,pen_t,"Pendulaires, total",CI,Intervalle de confiance (+/-),16.47,,A,Valeur normale,2023,,28.04.2026,,28.04.2026,,,,POLG,Communes,06.04.2025,,DATASET_COMMENT,"Source: Office fédéral de la statistique – Pendularité (PEND), Relevé structurel (RS)

Les données concernent les 180 villes de la publication ""Statistiques des villes suisses"", constituées de 173 villes statistiques et de 7 autres membres de l'Union des villes suisses: Appenzell, Arosa, La Neuveville, Moutier, Morat, Willisau et Worb."
DATAFLOW,CH1.SSV:DF_SSV_MOB_COM(2026.1.0),"Statistiques des villes suisses 2026, pendulaires selon le principal moyen de transport",I,6711,Delémont,2,10 000-14 999,pen_tp,Transport public (TP),OBS,Valeur observée,1258,,U,Faible fiabilité,2023,,28.04.2026,,28.04.2026,,,,POLG,Communes,06.04.2025,,DATASET_COMMENT,"Source: Office fédéral de la statistique – Pendularité (PEND), Relevé structurel (RS)

Les données concernent les 180 villes de la publication ""Statistiques des villes suisses"", constituées de 173 villes statistiques et de 7 autres membres de l'Union des villes suisses: Appenzell, Arosa, La Neuveville, Moutier, Morat, Willisau et Worb."
DATAFLOW,CH1.SSV:DF_SSV_MOB_COM(2026.1.0),"Statistiques des villes suisses 2026, pendulaires selon le principal moyen de transport",I,6711,Delémont,2,10 000-14 999,pen_tim,Transport individuel motorisé (TIM),CI,Intervalle de confiance (+/-),22.69,,A,Valeur normale,2023,,28.04.2026,,28.04.2026,,,,POLG,Communes,06.04.2025,,DATASET_COMMENT,"Source: Office fédéral de la statistique – Pendularité (PEND), Relevé structurel (RS)

Les données concernent les 180 villes de la publication ""Statistiques des villes suisses"", constituées de 173 villes statistiques et de 7 autres membres de l'Union des villes suisses: Appenzell, Arosa, La Neuveville, Moutier, Morat, Willisau et Worb."
DATAFLOW,CH1.SSV:DF_SSV_MOB_COM(2026.1.0),"Statistiques des villes suisses 2026, pendulaires selon le principal moyen de transport",I,_ST,Total des villes suisses,2,10 000-14 999,pen_t,"Pendulaires, total",OBS,Valeur observée,317028,,A,Valeur normale,2023,,28.04.2026,,28.04.2026,,,,POLG,Communes,06.04.2025,,DATASET_COMMENT,"Source: Office fédéral de la statistique – Pendularité (PEND), Relevé structurel (RS)

Les données concernent les 180 villes de la publication ""Statistiques des villes suisses"", constituées de 173 villes statistiques et de 7 autres membres de l'Union des villes suisses: Appenzell, Arosa, La Neuveville, Moutier, Morat, Willisau et Worb."
DATAFLOW,CH1.SSV:DF_SSV_MOB_COM(2026.1.0),"Statistiques des villes suisses 2026, pendulaires selon le principal moyen de transport",I,_ST,Total des villes suisses,2,10 000-14 999,pen_tp,Transport public (TP),CI,Intervalle de confiance (+/-),3.21,,A,Valeur normale,2023,,28.04.2026,,28.04.2026,,,,POLG,Communes,06.04.2025,,DATASET_COMMENT,"Source: Office fédéral de la statistique – Pendularité (PEND), Relevé structurel (RS)

Les données concernent les 180 villes de la publication ""Statistiques des villes suisses"", constituées de 173 villes statistiques et de 7 autres membres de l'Union des villes suisses: Appenzell, Arosa, La Neuveville, Moutier, Morat, Willisau et Worb."
DATAFLOW,CH1.SSV:DF_SSV_MOB_COM(2026.1.0),"Statistiques des villes suisses 2026, pendulaires selon le principal moyen de transport",I,_ST,Total des villes suisses,2,10 000-14 999,pen_tim,Transport individuel motorisé (TIM),OBS,Valeur observée,154431,,A,Valeur normale,2023,,28.04.2026,,28.04.2026,,,,POLG,Communes,06.04.2025,,DATASET_COMMENT,"Source: Office fédéral de la statistique – Pendularité (PEND), Relevé structurel (RS)

Les données concernent les 180 villes de la publication ""Statistiques des villes suisses"", constituées de 173 villes statistiques et de 7 autres membres de l'Union des villes suisses: Appenzell, Arosa, La Neuveville, Moutier, Morat, Willisau et Worb."
DATAFLOW,CH1.SSV:DF_SSV_MOB_COM(2026.1.0),"Statistiques des villes suisses 2026, pendulaires selon le principal moyen de transport",I,2,Affoltern am Albis,2,10 000-14 999,pen_t,"Pendulaires, total",OBS,Valeur observée,4389,,A,Valeur normale,2023,,28.04.2026,,28.04.2026,,,,POLG,Communes,06.04.2025,,DATASET_COMMENT,"Source: Office fédéral de la statistique – Pendularité (PEND), Relevé structurel (RS)

Les données concernent les 180 villes de la publication ""Statistiques des villes suisses"", constituées de 173 villes statistiques et de 7 autres membres de l'Union des villes suisses: Appenzell, Arosa, La Neuveville, Moutier, Morat, Willisau et Worb."
DATAFLOW,CH1.SSV:DF_SSV_MOB_COM(2026.1.0),"Statistiques des villes suisses 2026, pendulaires selon le principal moyen de transport",I,53,Bülach,4,20 000-49 999,pen_t,"Pendulaires, total",CI,Intervalle de confiance (+/-),11.66,,A,Valeur normale,2023,,28.04.2026,,28.04.2026,,,,POLG,Communes,06.04.2025,,DATASET_COMMENT,"Source: Office fédéral de la statistique – Pendularité (PEND), Relevé structurel (RS)

Les données concernent les 180 villes de la publication ""Statistiques des villes suisses"", constituées de 173 villes statistiques et de 7 autres membres de l'Union des villes suisses: Appenzell, Arosa, La Neuveville, Moutier, Morat, Willisau et Worb."
DATAFLOW,CH1.SSV:DF_SSV_MOB_COM(2026.1.0),"Statistiques des villes suisses 2026, pendulaires selon le principal moyen de transport",I,131,Adliswil,3,15 000-19 999,pen_t,"Pendulaires, total",OBS,Valeur observée,7372,,A,Valeur normale,2023,,28.04.2026,,28.04.2026,,,,POLG,Communes,06.04.2025,,DATASET_COMMENT,"Source: Office fédéral de la statistique – Pendularité (PEND), Relevé structurel (RS)

Les données concernent les 180 villes de la publication ""Statistiques des villes suisses"", constituées de 173 villes statistiques et de 7 autres membres de l'Union des villes suisses: Appenzell, Arosa, La Neuveville, Moutier, Morat, Willisau et Worb."
DATAFLOW,CH1.SSV:DF_SSV_MOB_COM(2026.1.0),"Statistiques des villes suisses 2026, pendulaires selon le principal moyen de transport",I,138,Richterswil,2,10 000-14 999,pen_t,"Pendulaires, total",CI,Intervalle de confiance (+/-),15.49,,A,Valeur normale,2023,,28.04.2026,,28.04.2026,,,,POLG,Communes,06.04.2025,,DATASET_COMMENT,"Source: Office fédéral de la statistique – Pendularité (PEND), Relevé structurel (RS)

Les données concernent les 180 villes de la publication ""Statistiques des villes suisses"", constituées de 173 villes statistiques et de 7 autres membres de l'Union des villes suisses: Appenzell, Arosa, La Neuveville, Moutier, Morat, Willisau et Worb."
DATAFLOW,CH1.SSV:DF_SSV_MOB_COM(2026.1.0),"Statistiques des villes suisses 2026, pendulaires selon le principal moyen de transport",I,154,Küsnacht (ZH),3,15 000-19 999,pen_t,"Pendulaires, total",CI,Intervalle de confiance (+/-),15.68,,A,Valeur normale,2023,,28.04.2026,,28.04.2026,,,,POLG,Communes,06.04.2025,,DATASET_COMMENT,"Source: Office fédéral de la statistique – Pendularité (PEND), Relevé structurel (RS)

Les données concernent les 180 villes de la publication ""Statistiques des villes suisses"", constituées de 173 villes statistiques et de 7 autres membres de l'Union des villes suisses: Appenzell, Arosa, La Neuveville, Moutier, Morat, Willisau et Worb."
DATAFLOW,CH1.SSV:DF_SSV_MOB_COM(2026.1.0),"Statistiques des villes suisses 2026, pendulaires selon le principal moyen de transport",I,155,Männedorf,2,10 000-14 999,pen_tim,Transport individuel motorisé (TIM),OBS,Valeur observée,2171,,A,Valeur normale,2023,,28.04.2026,,28.04.2026,,,,POLG,Communes,06.04.2025,,DATASET_COMMENT,"Source: Office fédéral de la statistique – Pendularité (PEND), Relevé structurel (RS)

Les données concernent les 180 villes de la publication ""Statistiques des villes suisses"", constituées de 173 villes statistiques et de 7 autres membres de l'Union des villes suisses: Appenzell, Arosa, La Neuveville, Moutier, Morat, Willisau et Worb."
DATAFLOW,CH1.SSV:DF_SSV_MOB_COM(2026.1.0),"Statistiques des villes suisses 2026, pendulaires selon le principal moyen de transport",I,158,Stäfa,3,15 000-19 999,pen_tim,Transport individuel motorisé (TIM),OBS,Valeur observée,2482,,A,Valeur normale,2023,,28.04.2026,,28.04.2026,,,,POLG,Communes,06.04.2025,,DATASET_COMMENT,"Source: Office fédéral de la statistique – Pendularité (PEND), Relevé structurel (RS)

Les données concernent les 180 villes de la publication ""Statistiques des villes suisses"", constituées de 173 villes statistiques et de 7 autres membres de l'Union des villes suisses: Appenzell, Arosa, La Neuveville, Moutier, Morat, Willisau et Worb."
DATAFLOW,CH1.SSV:DF_SSV_MOB_COM(2026.1.0),"Statistiques des villes suisses 2026, pendulaires selon le principal moyen de transport",I,161,Zollikon,2,10 000-14 999,pen_tp,Transport public (TP),OBS,Valeur observée,2479,,A,Valeur normale,2023,,28.04.2026,,28.04.2026,,,,POLG,Communes,06.04.2025,,DATASET_COMMENT,"Source: Office fédéral de la statistique – Pendularité (PEND), Relevé structurel (RS)

Les données concernent les 180 villes de la publication ""Statistiques des villes suisses"", constituées de 173 villes statistiques et de 7 autres membres de l'Union des villes suisses: Appenzell, Arosa, La Neuveville, Moutier, Morat, Willisau et Worb."
DATAFLOW,CH1.SSV:DF_SSV_MOB_COM(2026.1.0),"Statistiques des villes suisses 2026, pendulaires selon le principal moyen de transport",I,161,Zollikon,2,10 000-14 999,pen_tim,Transport individuel motorisé (TIM),CI,Intervalle de confiance (+/-),30.33,,U,Faible fiabilité,2023,,28.04.2026,,28.04.2026,,,,POLG,Communes,06.04.2025,,DATASET_COMMENT,"Source: Office fédéral de la statistique – Pendularité (PEND), Relevé structurel (RS)

Les données concernent les 180 villes de la publication ""Statistiques des villes suisses"", constituées de 173 villes statistiques et de 7 autres membres de l'Union des villes suisses: Appenzell, Arosa, La Neuveville, Moutier, Morat, Willisau et Worb."
DATAFLOW,CH1.SSV:DF_SSV_MOB_COM(2026.1.0),"Statistiques des villes suisses 2026, pendulaires selon le principal moyen de transport",I,198,Uster,4,20 000-49 999,pen_tim,Transport individuel motorisé (TIM),CI,Intervalle de confiance (+/-),14.82,,A,Valeur normale,2023,,28.04.2026,,28.04.2026,,,,POLG,Communes,06.04.2025,,DATASET_COMMENT,"Source: Office fédéral de la statistique – Pendularité (PEND), Relevé structurel (RS)

Les données concernent les 180 villes de la publication ""Statistiques des villes suisses"", constituées de 173 villes statistiques et de 7 autres membres de l'Union des villes suisses: Appenzell, Arosa, La Neuveville, Moutier, Morat, Willisau et Worb."
DATAFLOW,CH1.SSV:DF_SSV_MOB_COM(2026.1.0),"Statistiques des villes suisses 2026, pendulaires selon le principal moyen de transport",I,250,Urdorf,2,10 000-14 999,pen_t,"Pendulaires, total",OBS,Valeur observée,3907,,A,Valeur normale,2023,,28.04.2026,,28.04.2026,,,,POLG,Communes,06.04.2025,,DATASET_COMMENT,"Source: Office fédéral de la statistique – Pendularité (PEND), Relevé structurel (RS)

Les données concernent les 180 villes de la publication ""Statistiques des villes suisses"", constituées de 173 villes statistiques et de 7 autres membres de l'Union des villes suisses: Appenzell, Arosa, La Neuveville, Moutier, Morat, Willisau et Worb."
DATAFLOW,CH1.SSV:DF_SSV_MOB_COM(2026.1.0),"Statistiques des villes suisses 2026, pendulaires selon le principal moyen de transport",I,295,Horgen,4,20 000-49 999,pen_tp,Transport public (TP),OBS,Valeur observée,4079,,A,Valeur normale,2023,,28.04.2026,,28.04.2026,,,,POLG,Communes,06.04.2025,,DATASET_COMMENT,"Source: Office fédéral de la statistique – Pendularité (PEND), Relevé structurel (RS)

Les données concernent les 180 villes de la publication ""Statistiques des villes suisses"", constituées de 173 villes statistiques et de 7 autres membres de l'Union des villes suisses: Appenzell, Arosa, La Neuveville, Moutier, Morat, Willisau et Worb."
DATAFLOW,CH1.SSV:DF_SSV_MOB_COM(2026.1.0),"Statistiques des villes suisses 2026, pendulaires selon le principal moyen de transport",I,296,Illnau-Effretikon,3,15 000-19 999,pen_tp,Transport public (TP),OBS,Valeur observée,2872,,A,Valeur normale,2023,,28.04.2026,,28.04.2026,,,,POLG,Communes,06.04.2025,,DATASET_COMMENT,"Source: Office fédéral de la statistique – Pendularité (PEND), Relevé structurel (RS)

Les données concernent les 180 villes de la publication ""Statistiques des villes suisses"", constituées de 173 villes statistiques et de 7 autres membres de l'Union des villes suisses: Appenzell, Arosa, La Neuveville, Moutier, Morat, Willisau et Worb."
DATAFLOW,CH1.SSV:DF_SSV_MOB_COM(2026.1.0),"Statistiques des villes suisses 2026, pendulaires selon le principal moyen de transport",I,296,Illnau-Effretikon,3,15 000-19 999,pen_tim,Transport individuel motorisé (TIM),CI,Intervalle de confiance (+/-),19.22,,A,Valeur normale,2023,,28.04.2026,,28.04.2026,,,,POLG,Communes,06.04.2025,,DATASET_COMMENT,"Source: Office fédéral de la statistique – Pendularité (PEND), Relevé structurel (RS)

Les données concernent les 180 villes de la publication ""Statistiques des villes suisses"", constituées de 173 villes statistiques et de 7 autres membres de l'Union des villes suisses: Appenzell, Arosa, La Neuveville, Moutier, Morat, Willisau et Worb."
DATAFLOW,CH1.SSV:DF_SSV_MOB_COM(2026.1.0),"Statistiques des villes suisses 2026, pendulaires selon le principal moyen de transport",I,329,Langenthal,3,15 000-19 999,pen_t,"Pendulaires, total",OBS,Valeur observée,6660,,A,Valeur normale,2023,,28.04.2026,,28.04.2026,,,,POLG,Communes,06.04.2025,,DATASET_COMMENT,"Source: Office fédéral de la statistique – Pendularité (PEND), Relevé structurel (RS)

Les données concernent les 180 villes de la publication ""Statistiques des villes suisses"", constituées de 173 villes statistiques et de 7 autres membres de l'Union des villes suisses: Appenzell, Arosa, La Neuveville, Moutier, Morat, Willisau et Worb."
DATAFLOW,CH1.SSV:DF_SSV_MOB_COM(2026.1.0),"Statistiques des villes suisses 2026, pendulaires selon le principal moyen de transport",I,329,Langenthal,3,15 000-19 999,pen_tp,Transport public (TP),CI,Intervalle de confiance (+/-),28.26,,U,Faible fiabilité,2023,,28.04.2026,,28.04.2026,,,,POLG,Communes,06.04.2025,,DATASET_COMMENT,"Source: Office fédéral de la statistique – Pendularité (PEND), Relevé structurel (RS)

Les données concernent les 180 villes de la publication ""Statistiques des villes suisses"", constituées de 173 villes statistiques et de 7 autres membres de l'Union des villes suisses: Appenzell, Arosa, La Neuveville, Moutier, Morat, Willisau et Worb."
DATAFLOW,CH1.SSV:DF_SSV_MOB_COM(2026.1.0),"Statistiques des villes suisses 2026, pendulaires selon le principal moyen de transport",I,700,Moutier,1,moins de 10 000,pen_tp,Transport public (TP),CI,Intervalle de confiance (+/-),47.48,,U,Faible fiabilité,2023,,28.04.2026,,28.04.2026,,,,POLG,Communes,06.04.2025,,DATASET_COMMENT,"Source: Office fédéral de la statistique – Pendularité (PEND), Relevé structurel (RS)

Les données concernent les 180 villes de la publication ""Statistiques des villes suisses"", constituées de 173 villes statistiques et de 7 autres membres de l'Union des villes suisses: Appenzell, Arosa, La Neuveville, Moutier, Morat, Willisau et Worb."
DATAFLOW,CH1.SSV:DF_SSV_MOB_COM(2026.1.0),"Statistiques des villes suisses 2026, pendulaires selon le principal moyen de transport",I,723,La Neuveville,1,moins de 10 000,pen_t,"Pendulaires, total",CI,Intervalle de confiance (+/-),27.41,,A,Valeur normale,2023,,28.04.2026,,28.04.2026,,,,POLG,Communes,06.04.2025,,DATASET_COMMENT,"Source: Office fédéral de la statistique – Pendularité (PEND), Relevé structurel (RS)

Les données concernent les 180 villes de la publication ""Statistiques des villes suisses"", constituées de 173 villes statistiques et de 7 autres membres de l'Union des villes suisses: Appenzell, Arosa, La Neuveville, Moutier, Morat, Willisau et Worb."
DATAFLOW,CH1.SSV:DF_SSV_MOB_COM(2026.1.0),"Statistiques des villes suisses 2026, pendulaires selon le principal moyen de transport",I,942,Thun,4,20 000-49 999,pen_t,"Pendulaires, total",OBS,Valeur observée,19105,,A,Valeur normale,2023,,28.04.2026,,28.04.2026,,,,POLG,Communes,06.04.2025,,DATASET_COMMENT,"Source: Office fédéral de la statistique – Pendularité (PEND), Relevé structurel (RS)

Les données concernent les 180 villes de la publication ""Statistiques des villes suisses"", constituées de 173 villes statistiques et de 7 autres membres de l'Union des villes suisses: Appenzell, Arosa, La Neuveville, Moutier, Morat, Willisau et Worb."
DATAFLOW,CH1.SSV:DF_SSV_MOB_COM(2026.1.0),"Statistiques des villes suisses 2026, pendulaires selon le principal moyen de transport",I,1024,Emmen,4,20 000-49 999,pen_t,"Pendulaires, total",CI,Intervalle de confiance (+/-),7.19,,A,Valeur normale,2023,,28.04.2026,,28.04.2026,,,,POLG,Communes,06.04.2025,,DATASET_COMMENT,"Source: Office fédéral de la statistique – Pendularité (PEND), Relevé structurel (RS)

Les données concernent les 180 villes de la publication ""Statistiques des villes suisses"", constituées de 173 villes statistiques et de 7 autres membres de l'Union des villes suisses: Appenzell, Arosa, La Neuveville, Moutier, Morat, Willisau et Worb."
DATAFLOW,CH1.SSV:DF_SSV_MOB_COM(2026.1.0),"Statistiques des villes suisses 2026, pendulaires selon le principal moyen de transport",I,1031,Hochdorf,2,10 000-14 999,pen_t,"Pendulaires, total",OBS,Valeur observée,4716,,A,Valeur normale,2023,,28.04.2026,,28.04.2026,,,,POLG,Communes,06.04.2025,,DATASET_COMMENT,"Source: Office fédéral de la statistique – Pendularité (PEND), Relevé structurel (RS)

Les données concernent les 180 villes de la publication ""Statistiques des villes suisses"", constituées de 173 villes statistiques et de 7 autres membres de l'Union des villes suisses: Appenzell, Arosa, La Neuveville, Moutier, Morat, Willisau et Worb."
DATAFLOW,CH1.SSV:DF_SSV_MOB_COM(2026.1.0),"Statistiques des villes suisses 2026, pendulaires selon le principal moyen de transport",I,1031,Hochdorf,2,10 000-14 999,pen_tp,Transport public (TP),CI,Intervalle de confiance (+/-),26.67,,A,Valeur normale,2023,,28.04.2026,,28.04.2026,,,,POLG,Communes,06.04.2025,,DATASET_COMMENT,"Source: Office fédéral de la statistique – Pendularité (PEND), Relevé structurel (RS)

Les données concernent les 180 villes de la publication ""Statistiques des villes suisses"", constituées de 173 villes statistiques et de 7 autres membres de l'Union des villes suisses: Appenzell, Arosa, La Neuveville, Moutier, Morat, Willisau et Worb."
DATAFLOW,CH1.SSV:DF_SSV_MOB_COM(2026.1.0),"Statistiques des villes suisses 2026, pendulaires selon le principal moyen de transport",I,1059,Kriens,4,20 000-49 999,pen_tim,Transport individuel motorisé (TIM),OBS,Valeur observée,5220,,A,Valeur normale,2023,,28.04.2026,,28.04.2026,,,,POLG,Communes,06.04.2025,,DATASET_COMMENT,"Source: Office fédéral de la statistique – Pendularité (PEND), Relevé structurel (RS)

Les données concernent les 180 villes de la publication ""Statistiques des villes suisses"", constituées de 173 villes statistiques et de 7 autres membres de l'Union des villes suisses: Appenzell, Arosa, La Neuveville, Moutier, Morat, Willisau et Worb."
DATAFLOW,CH1.SSV:DF_SSV_MOB_COM(2026.1.0),"Statistiques des villes suisses 2026, pendulaires selon le principal moyen de transport",I,1362,Arth,2,10 000-14 999,pen_tim,Transport individuel motorisé (TIM),OBS,Valeur observée,2977,,A,Valeur normale,2023,,28.04.2026,,28.04.2026,,,,POLG,Communes,06.04.2025,,DATASET_COMMENT,"Source: Office fédéral de la statistique – Pendularité (PEND), Relevé structurel (RS)

Les données concernent les 180 villes de la publication ""Statistiques des villes suisses"", constituées de 173 villes statistiques et de 7 autres membres de l'Union des villes suisses: Appenzell, Arosa, La Neuveville, Moutier, Morat, Willisau et Worb."
DATAFLOW,CH1.SSV:DF_SSV_MOB_COM(2026.1.0),"Statistiques des villes suisses 2026, pendulaires selon le principal moyen de transport",I,1372,Schwyz,3,15 000-19 999,pen_tim,Transport individuel motorisé (TIM),CI,Intervalle de confiance (+/-),17.73,,A,Valeur normale,2023,,28.04.2026,,28.04.2026,,,,POLG,Communes,06.04.2025,,DATASET_COMMENT,"Source: Office fédéral de la statistique – Pendularité (PEND), Relevé structurel (RS)

Les données concernent les 180 villes de la publication ""Statistiques des villes suisses"", constituées de 173 villes statistiques et de 7 autres membres de l'Union des villes suisses: Appenzell, Arosa, La Neuveville, Moutier, Morat, Willisau et Worb."
DATAFLOW,CH1.SSV:DF_SSV_MOB_COM(2026.1.0),"Statistiques des villes suisses 2026, pendulaires selon le principal moyen de transport",I,1407,Sarnen,2,10 000-14 999,pen_tp,Transport public (TP),CI,Intervalle de confiance (+/-),46.9,,U,Faible fiabilité,2023,,28.04.2026,,28.04.2026,,,,POLG,Communes,06.04.2025,,DATASET_COMMENT,"Source: Office fédéral de la statistique – Pendularité (PEND), Relevé structurel (RS)

Les données concernent les 180 villes de la publication ""Statistiques des villes suisses"", constituées de 173 villes statistiques et de 7 autres membres de l'Union des villes suisses: Appenzell, Arosa, La Neuveville, Moutier, Morat, Willisau et Worb."
DATAFLOW,CH1.SSV:DF_SSV_MOB_COM(2026.1.0),"Statistiques des villes suisses 2026, pendulaires selon le principal moyen de transport",I,1632,Glarus,2,10 000-14 999,pen_t,"Pendulaires, total",CI,Intervalle de confiance (+/-),15.07,,A,Valeur normale,2023,,28.04.2026,,28.04.2026,,,,POLG,Communes,06.04.2025,,DATASET_COMMENT,"Source: Office fédéral de la statistique – Pendularité (PEND), Relevé structurel (RS)

Les données concernent les 180 villes de la publication ""Statistiques des villes suisses"", constituées de 173 villes statistiques et de 7 autres membres de l'Union des villes suisses: Appenzell, Arosa, La Neuveville, Moutier, Morat, Willisau et Worb."
DATAFLOW,CH1.SSV:DF_SSV_MOB_COM(2026.1.0),"Statistiques des villes suisses 2026, pendulaires selon le principal moyen de transport",I,1702,Cham,3,15 000-19 999,pen_t,"Pendulaires, total",CI,Intervalle de confiance (+/-),9.05,,A,Valeur normale,2023,,28.04.2026,,28.04.2026,,,,POLG,Communes,06.04.2025,,DATASET_COMMENT,"Source: Office fédéral de la statistique – Pendularité (PEND), Relevé structurel (RS)

Les données concernent les 180 villes de la publication ""Statistiques des villes suisses"", constituées de 173 villes statistiques et de 7 autres membres de l'Union des villes suisses: Appenzell, Arosa, La Neuveville, Moutier, Morat, Willisau et Worb."
DATAFLOW,CH1.SSV:DF_SSV_MOB_COM(2026.1.0),"Statistiques des villes suisses 2026, pendulaires selon le principal moyen de transport",I,1708,Steinhausen,2,10 000-14 999,pen_tim,Transport individuel motorisé (TIM),OBS,Valeur observée,2247,,A,Valeur normale,2023,,28.04.2026,,28.04.2026,,,,POLG,Communes,06.04.2025,,DATASET_COMMENT,"Source: Office fédéral de la statistique – Pendularité (PEND), Relevé structurel (RS)

Les données concernent les 180 villes de la publication ""Statistiques des villes suisses"", constituées de 173 villes statistiques et de 7 autres membres de l'Union des villes suisses: Appenzell, Arosa, La Neuveville, Moutier, Morat, Willisau et Worb."
DATAFLOW,CH1.SSV:DF_SSV_MOB_COM(2026.1.0),"Statistiques des villes suisses 2026, pendulaires selon le principal moyen de transport",I,2546,Grenchen,3,15 000-19 999,pen_t,"Pendulaires, total",OBS,Valeur observée,6866,,A,Valeur normale,2023,,28.04.2026,,28.04.2026,,,,POLG,Communes,06.04.2025,,DATASET_COMMENT,"Source: Office fédéral de la statistique – Pendularité (PEND), Relevé structurel (RS)

Les données concernent les 180 villes de la publication ""Statistiques des villes suisses"", constituées de 173 villes statistiques et de 7 autres membres de l'Union des villes suisses: Appenzell, Arosa, La Neuveville, Moutier, Morat, Willisau et Worb."
DATAFLOW,CH1.SSV:DF_SSV_MOB_COM(2026.1.0),"Statistiques des villes suisses 2026, pendulaires selon le principal moyen de transport",I,2546,Grenchen,3,15 000-19 999,pen_tp,Transport public (TP),CI,Intervalle de confiance (+/-),34.75,,U,Faible fiabilité,2023,,28.04.2026,,28.04.2026,,,,POLG,Communes,06.04.2025,,DATASET_COMMENT,"Source: Office fédéral de la statistique – Pendularité (PEND), Relevé structurel (RS)

Les données concernent les 180 villes de la publication ""Statistiques des villes suisses"", constituées de 173 villes statistiques et de 7 autres membres de l'Union des villes suisses: Appenzell, Arosa, La Neuveville, Moutier, Morat, Willisau et Worb."
DATAFLOW,CH1.SSV:DF_SSV_MOB_COM(2026.1.0),"Statistiques des villes suisses 2026, pendulaires selon le principal moyen de transport",I,2581,Olten,3,15 000-19 999,pen_tp,Transport public (TP),CI,Intervalle de confiance (+/-),18.7,,A,Valeur normale,2023,,28.04.2026,,28.04.2026,,,,POLG,Communes,06.04.2025,,DATASET_COMMENT,"Source: Office fédéral de la statistique – Pendularité (PEND), Relevé structurel (RS)

Les données concernent les 180 villes de la publication ""Statistiques des villes suisses"", constituées de 173 villes statistiques et de 7 autres membres de l'Union des villes suisses: Appenzell, Arosa, La Neuveville, Moutier, Morat, Willisau et Worb."
DATAFLOW,CH1.SSV:DF_SSV_MOB_COM(2026.1.0),"Statistiques des villes suisses 2026, pendulaires selon le principal moyen de transport",I,2701,Basel,6,100 000 et plus,pen_tp,Transport public (TP),OBS,Valeur observée,32691,,A,Valeur normale,2023,,28.04.2026,,28.04.2026,,,,POLG,Communes,06.04.2025,,DATASET_COMMENT,"Source: Office fédéral de la statistique – Pendularité (PEND), Relevé structurel (RS)

Les données concernent les 180 villes de la publication ""Statistiques des villes suisses"", constituées de 173 villes statistiques et de 7 autres membres de l'Union des villes suisses: Appenzell, Arosa, La Neuveville, Moutier, Morat, Willisau et Worb."
DATAFLOW,CH1.SSV:DF_SSV_MOB_COM(2026.1.0),"Statistiques des villes suisses 2026, pendulaires selon le principal moyen de transport",I,2701,Basel,6,100 000 et plus,pen_tim,Transport individuel motorisé (TIM),CI,Intervalle de confiance (+/-),11.37,,A,Valeur normale,2023,,28.04.2026,,28.04.2026,,,,POLG,Communes,06.04.2025,,DATASET_COMMENT,"Source: Office fédéral de la statistique – Pendularité (PEND), Relevé structurel (RS)

Les données concernent les 180 villes de la publication ""Statistiques des villes suisses"", constituées de 173 villes statistiques et de 7 autres membres de l'Union des villes suisses: Appenzell, Arosa, La Neuveville, Moutier, Morat, Willisau et Worb."
DATAFLOW,CH1.SSV:DF_SSV_MOB_COM(2026.1.0),"Statistiques des villes suisses 2026, pendulaires selon le principal moyen de transport",I,2769,Münchenstein,2,10 000-14 999,pen_tim,Transport individuel motorisé (TIM),CI,Intervalle de confiance (+/-),33.29,,U,Faible fiabilité,2023,,28.04.2026,,28.04.2026,,,,POLG,Communes,06.04.2025,,DATASET_COMMENT,"Source: Office fédéral de la statistique – Pendularité (PEND), Relevé structurel (RS)

Les données concernent les 180 villes de la publication ""Statistiques des villes suisses"", constituées de 173 villes statistiques et de 7 autres membres de l'Union des villes suisses: Appenzell, Arosa, La Neuveville, Moutier, Morat, Willisau et Worb."
DATAFLOW,CH1.SSV:DF_SSV_MOB_COM(2026.1.0),"Statistiques des villes suisses 2026, pendulaires selon le principal moyen de transport",I,2771,Oberwil (BL),2,10 000-14 999,pen_t,"Pendulaires, total",CI,Intervalle de confiance (+/-),17.74,,A,Valeur normale,2023,,28.04.2026,,28.04.2026,,,,POLG,Communes,06.04.2025,,DATASET_COMMENT,"Source: Office fédéral de la statistique – Pendularité (PEND), Relevé structurel (RS)

Les données concernent les 180 villes de la publication ""Statistiques des villes suisses"", constituées de 173 villes statistiques et de 7 autres membres de l'Union des villes suisses: Appenzell, Arosa, La Neuveville, Moutier, Morat, Willisau et Worb."
DATAFLOW,CH1.SSV:DF_SSV_MOB_COM(2026.1.0),"Statistiques des villes suisses 2026, pendulaires selon le principal moyen de transport",I,2939,Schaffhausen,4,20 000-49 999,pen_tp,Transport public (TP),OBS,Valeur observée,6117,,A,Valeur normale,2023,,28.04.2026,,28.04.2026,,,,POLG,Communes,06.04.2025,,DATASET_COMMENT,"Source: Office fédéral de la statistique – Pendularité (PEND), Relevé structurel (RS)

Les données concernent les 180 villes de la publication ""Statistiques des villes suisses"", constituées de 173 villes statistiques et de 7 autres membres de l'Union des villes suisses: Appenzell, Arosa, La Neuveville, Moutier, Morat, Willisau et Worb."
DATAFLOW,CH1.SSV:DF_SSV_MOB_COM(2026.1.0),"Statistiques des villes suisses 2026, pendulaires selon le principal moyen de transport",I,2939,Schaffhausen,4,20 000-49 999,pen_tim,Transport individuel motorisé (TIM),CI,Intervalle de confiance (+/-),14.26,,A,Valeur normale,2023,,28.04.2026,,28.04.2026,,,,POLG,Communes,06.04.2025,,DATASET_COMMENT,"Source: Office fédéral de la statistique – Pendularité (PEND), Relevé structurel (RS)

Les données concernent les 180 villes de la publication ""Statistiques des villes suisses"", constituées de 173 villes statistiques et de 7 autres membres de l'Union des villes suisses: Appenzell, Arosa, La Neuveville, Moutier, Morat, Willisau et Worb."
DATAFLOW,CH1.SSV:DF_SSV_MOB_COM(2026.1.0),"Statistiques des villes suisses 2026, pendulaires selon le principal moyen de transport",I,3203,St. Gallen,5,50 000-99 999,pen_t,"Pendulaires, total",CI,Intervalle de confiance (+/-),6.16,,A,Valeur normale,2023,,28.04.2026,,28.04.2026,,,,POLG,Communes,06.04.2025,,DATASET_COMMENT,"Source: Office fédéral de la statistique – Pendularité (PEND), Relevé structurel (RS)

Les données concernent les 180 villes de la publication ""Statistiques des villes suisses"", constituées de 173 villes statistiques et de 7 autres membres de l'Union des villes suisses: Appenzell, Arosa, La Neuveville, Moutier, Morat, Willisau et Worb."
DATAFLOW,CH1.SSV:DF_SSV_MOB_COM(2026.1.0),"Statistiques des villes suisses 2026, pendulaires selon le principal moyen de transport",I,3215,Rorschach,1,moins de 10 000,pen_tim,Transport individuel motorisé (TIM),OBS,Valeur observée,2031,,A,Valeur normale,2023,,28.04.2026,,28.04.2026,,,,POLG,Communes,06.04.2025,,DATASET_COMMENT,"Source: Office fédéral de la statistique – Pendularité (PEND), Relevé structurel (RS)

Les données concernent les 180 villes de la publication ""Statistiques des villes suisses"", constituées de 173 villes statistiques et de 7 autres membres de l'Union des villes suisses: Appenzell, Arosa, La Neuveville, Moutier, Morat, Willisau et Worb."
DATAFLOW,CH1.SSV:DF_SSV_MOB_COM(2026.1.0),"Statistiques des villes suisses 2026, pendulaires selon le principal moyen de transport",I,3238,Widnau,2,10 000-14 999,pen_t,"Pendulaires, total",CI,Intervalle de confiance (+/-),16.05,,A,Valeur normale,2023,,28.04.2026,,28.04.2026,,,,POLG,Communes,06.04.2025,,DATASET_COMMENT,"Source: Office fédéral de la statistique – Pendularité (PEND), Relevé structurel (RS)

Les données concernent les 180 villes de la publication ""Statistiques des villes suisses"", constituées de 173 villes statistiques et de 7 autres membres de l'Union des villes suisses: Appenzell, Arosa, La Neuveville, Moutier, Morat, Willisau et Worb."
DATAFLOW,CH1.SSV:DF_SSV_MOB_COM(2026.1.0),"Statistiques des villes suisses 2026, pendulaires selon le principal moyen de transport",I,3251,Altstätten,2,10 000-14 999,pen_tp,Transport public (TP),OBS,Valeur observée,742,,U,Faible fiabilité,2023,,28.04.2026,,28.04.2026,,,,POLG,Communes,06.04.2025,,DATASET_COMMENT,"Source: Office fédéral de la statistique – Pendularité (PEND), Relevé structurel (RS)

Les données concernent les 180 villes de la publication ""Statistiques des villes suisses"", constituées de 173 villes statistiques et de 7 autres membres de l'Union des villes suisses: Appenzell, Arosa, La Neuveville, Moutier, Morat, Willisau et Worb."
DATAFLOW,CH1.SSV:DF_SSV_MOB_COM(2026.1.0),"Statistiques des villes suisses 2026, pendulaires selon le principal moyen de transport",I,3251,Altstätten,2,10 000-14 999,pen_tim,Transport individuel motorisé (TIM),CI,Intervalle de confiance (+/-),18.14,,A,Valeur normale,2023,,28.04.2026,,28.04.2026,,,,POLG,Communes,06.04.2025,,DATASET_COMMENT,"Source: Office fédéral de la statistique – Pendularité (PEND), Relevé structurel (RS)

Les données concernent les 180 villes de la publication ""Statistiques des villes suisses"", constituées de 173 villes statistiques et de 7 autres membres de l'Union des villes suisses: Appenzell, Arosa, La Neuveville, Moutier, Morat, Willisau et Worb."
DATAFLOW,CH1.SSV:DF_SSV_MOB_COM(2026.1.0),"Statistiques des villes suisses 2026, pendulaires selon le principal moyen de transport",I,3408,Uzwil,2,10 000-14 999,pen_tim,Transport individuel motorisé (TIM),CI,Intervalle de confiance (+/-),19.43,,A,Valeur normale,2023,,28.04.2026,,28.04.2026,,,,POLG,Communes,06.04.2025,,DATASET_COMMENT,"Source: Office fédéral de la statistique – Pendularité (PEND), Relevé structurel (RS)

Les données concernent les 180 villes de la publication ""Statistiques des villes suisses"", constituées de 173 villes statistiques et de 7 autres membres de l'Union des villes suisses: Appenzell, Arosa, La Neuveville, Moutier, Morat, Willisau et Worb."
DATAFLOW,CH1.SSV:DF_SSV_MOB_COM(2026.1.0),"Statistiques des villes suisses 2026, pendulaires selon le principal moyen de transport",I,3427,Wil (SG),4,20 000-49 999,pen_t,"Pendulaires, total",OBS,Valeur observée,9896,,A,Valeur normale,2023,,28.04.2026,,28.04.2026,,,,POLG,Communes,06.04.2025,,DATASET_COMMENT,"Source: Office fédéral de la statistique – Pendularité (PEND), Relevé structurel (RS)

Les données concernent les 180 villes de la publication ""Statistiques des villes suisses"", constituées de 173 villes statistiques et de 7 autres membres de l'Union des villes suisses: Appenzell, Arosa, La Neuveville, Moutier, Morat, Willisau et Worb."
DATAFLOW,CH1.SSV:DF_SSV_MOB_COM(2026.1.0),"Statistiques des villes suisses 2026, pendulaires selon le principal moyen de transport",I,3787,St. Moritz,1,moins de 10 000,pen_tp,Transport public (TP),OBS,Valeur observée,401,,U,Faible fiabilité,2023,,28.04.2026,,28.04.2026,,,,POLG,Communes,06.04.2025,,DATASET_COMMENT,"Source: Office fédéral de la statistique – Pendularité (PEND), Relevé structurel (RS)

Les données concernent les 180 villes de la publication ""Statistiques des villes suisses"", constituées de 173 villes statistiques et de 7 autres membres de l'Union des villes suisses: Appenzell, Arosa, La Neuveville, Moutier, Morat, Willisau et Worb."
DATAFLOW,CH1.SSV:DF_SSV_MOB_COM(2026.1.0),"Statistiques des villes suisses 2026, pendulaires selon le principal moyen de transport",I,3787,St. Moritz,1,moins de 10 000,pen_tim,Transport individuel motorisé (TIM),CI,Intervalle de confiance (+/-),36.09,,U,Faible fiabilité,2023,,28.04.2026,,28.04.2026,,,,POLG,Communes,06.04.2025,,DATASET_COMMENT,"Source: Office fédéral de la statistique – Pendularité (PEND), Relevé structurel (RS)

Les données concernent les 180 villes de la publication ""Statistiques des villes suisses"", constituées de 173 villes statistiques et de 7 autres membres de l'Union des villes suisses: Appenzell, Arosa, La Neuveville, Moutier, Morat, Willisau et Worb."
DATAFLOW,CH1.SSV:DF_SSV_MOB_COM(2026.1.0),"Statistiques des villes suisses 2026, pendulaires selon le principal moyen de transport",I,4001,Aarau,4,20 000-49 999,pen_tim,Transport individuel motorisé (TIM),CI,Intervalle de confiance (+/-),13.72,,A,Valeur normale,2023,,28.04.2026,,28.04.2026,,,,POLG,Communes,06.04.2025,,DATASET_COMMENT,"Source: Office fédéral de la statistique – Pendularité (PEND), Relevé structurel (RS)

Les données concernent les 180 villes de la publication ""Statistiques des villes suisses"", constituées de 173 villes statistiques et de 7 autres membres de l'Union des villes suisses: Appenzell, Arosa, La Neuveville, Moutier, Morat, Willisau et Worb."
DATAFLOW,CH1.SSV:DF_SSV_MOB_COM(2026.1.0),"Statistiques des villes suisses 2026, pendulaires selon le principal moyen de transport",I,4021,Baden,4,20 000-49 999,pen_t,"Pendulaires, total",OBS,Valeur observée,9129,,A,Valeur normale,2023,,28.04.2026,,28.04.2026,,,,POLG,Communes,06.04.2025,,DATASET_COMMENT,"Source: Office fédéral de la statistique – Pendularité (PEND), Relevé structurel (RS)

Les données concernent les 180 villes de la publication ""Statistiques des villes suisses"", constituées de 173 villes statistiques et de 7 autres membres de l'Union des villes suisses: Appenzell, Arosa, La Neuveville, Moutier, Morat, Willisau et Worb."
DATAFLOW,CH1.SSV:DF_SSV_MOB_COM(2026.1.0),"Statistiques des villes suisses 2026, pendulaires selon le principal moyen de transport",I,4021,Baden,4,20 000-49 999,pen_tp,Transport public (TP),CI,Intervalle de confiance (+/-),12.12,,A,Valeur normale,2023,,28.04.2026,,28.04.2026,,,,POLG,Communes,06.04.2025,,DATASET_COMMENT,"Source: Office fédéral de la statistique – Pendularité (PEND), Relevé structurel (RS)

Les données concernent les 180 villes de la publication ""Statistiques des villes suisses"", constituées de 173 villes statistiques et de 7 autres membres de l'Union des villes suisses: Appenzell, Arosa, La Neuveville, Moutier, Morat, Willisau et Worb."
DATAFLOW,CH1.SSV:DF_SSV_MOB_COM(2026.1.0),"Statistiques des villes suisses 2026, pendulaires selon le principal moyen de transport",I,4040,Spreitenbach,2,10 000-14 999,pen_tp,Transport public (TP),OBS,Valeur observée,1542,,A,Valeur normale,2023,,28.04.2026,,28.04.2026,,,,POLG,Communes,06.04.2025,,DATASET_COMMENT,"Source: Office fédéral de la statistique – Pendularité (PEND), Relevé structurel (RS)

Les données concernent les 180 villes de la publication ""Statistiques des villes suisses"", constituées de 173 villes statistiques et de 7 autres membres de l'Union des villes suisses: Appenzell, Arosa, La Neuveville, Moutier, Morat, Willisau et Worb."
DATAFLOW,CH1.SSV:DF_SSV_MOB_COM(2026.1.0),"Statistiques des villes suisses 2026, pendulaires selon le principal moyen de transport",I,4201,Lenzburg,2,10 000-14 999,pen_tim,Transport individuel motorisé (TIM),CI,Intervalle de confiance (+/-),18.01,,A,Valeur normale,2023,,28.04.2026,,28.04.2026,,,,POLG,Communes,06.04.2025,,DATASET_COMMENT,"Source: Office fédéral de la statistique – Pendularité (PEND), Relevé structurel (RS)

Les données concernent les 180 villes de la publication ""Statistiques des villes suisses"", constituées de 173 villes statistiques et de 7 autres membres de l'Union des villes suisses: Appenzell, Arosa, La Neuveville, Moutier, Morat, Willisau et Worb."
DATAFLOW,CH1.SSV:DF_SSV_MOB_COM(2026.1.0),"Statistiques des villes suisses 2026, pendulaires selon le principal moyen de transport",I,4258,Rheinfelden,2,10 000-14 999,pen_tp,Transport public (TP),OBS,Valeur observée,2459,,A,Valeur normale,2023,,28.04.2026,,28.04.2026,,,,POLG,Communes,06.04.2025,,DATASET_COMMENT,"Source: Office fédéral de la statistique – Pendularité (PEND), Relevé structurel (RS)

Les données concernent les 180 villes de la publication ""Statistiques des villes suisses"", constituées de 173 villes statistiques et de 7 autres membres de l'Union des villes suisses: Appenzell, Arosa, La Neuveville, Moutier, Morat, Willisau et Worb."
DATAFLOW,CH1.SSV:DF_SSV_MOB_COM(2026.1.0),"Statistiques des villes suisses 2026, pendulaires selon le principal moyen de transport",I,5586,Lausanne,6,100 000 et plus,pen_tp,Transport public (TP),OBS,Valeur observée,31029,,A,Valeur normale,2023,,28.04.2026,,28.04.2026,,,,POLG,Communes,06.04.2025,,DATASET_COMMENT,"Source: Office fédéral de la statistique – Pendularité (PEND), Relevé structurel (RS)

Les données concernent les 180 villes de la publication ""Statistiques des villes suisses"", constituées de 173 villes statistiques et de 7 autres membres de l'Union des villes suisses: Appenzell, Arosa, La Neuveville, Moutier, Morat, Willisau et Worb."
DATAFLOW,CH1.SSV:DF_SSV_MOB_COM(2026.1.0),"Statistiques des villes suisses 2026, pendulaires selon le principal moyen de transport",I,5587,Le Mont-sur-Lausanne,1,moins de 10 000,pen_tim,Transport individuel motorisé (TIM),CI,Intervalle de confiance (+/-),16.87,,A,Valeur normale,2023,,28.04.2026,,28.04.2026,,,,POLG,Communes,06.04.2025,,DATASET_COMMENT,"Source: Office fédéral de la statistique – Pendularité (PEND), Relevé structurel (RS)

Les données concernent les 180 villes de la publication ""Statistiques des villes suisses"", constituées de 173 villes statistiques et de 7 autres membres de l'Union des villes suisses: Appenzell, Arosa, La Neuveville, Moutier, Morat, Willisau et Worb."
DATAFLOW,CH1.SSV:DF_SSV_MOB_COM(2026.1.0),"Statistiques des villes suisses 2026, pendulaires selon le principal moyen de transport",I,5589,Prilly,2,10 000-14 999,pen_tim,Transport individuel motorisé (TIM),CI,Intervalle de confiance (+/-),19.59,,A,Valeur normale,2023,,28.04.2026,,28.04.2026,,,,POLG,Communes,06.04.2025,,DATASET_COMMENT,"Source: Office fédéral de la statistique – Pendularité (PEND), Relevé structurel (RS)

Les données concernent les 180 villes de la publication ""Statistiques des villes suisses"", constituées de 173 villes statistiques et de 7 autres membres de l'Union des villes suisses: Appenzell, Arosa, La Neuveville, Moutier, Morat, Willisau et Worb."
DATAFLOW,CH1.SSV:DF_SSV_MOB_COM(2026.1.0),"Statistiques des villes suisses 2026, pendulaires selon le principal moyen de transport",I,5624,Bussigny,2,10 000-14 999,pen_tim,Transport individuel motorisé (TIM),OBS,Valeur observée,2422,,A,Valeur normale,2023,,28.04.2026,,28.04.2026,,,,POLG,Communes,06.04.2025,,DATASET_COMMENT,"Source: Office fédéral de la statistique – Pendularité (PEND), Relevé structurel (RS)

Les données concernent les 180 villes de la publication ""Statistiques des villes suisses"", constituées de 173 villes statistiques et de 7 autres membres de l'Union des villes suisses: Appenzell, Arosa, La Neuveville, Moutier, Morat, Willisau et Worb."
DATAFLOW,CH1.SSV:DF_SSV_MOB_COM(2026.1.0),"Statistiques des villes suisses 2026, pendulaires selon le principal moyen de transport",I,5721,Gland,2,10 000-14 999,pen_tim,Transport individuel motorisé (TIM),OBS,Valeur observée,3151,,A,Valeur normale,2023,,28.04.2026,,28.04.2026,,,,POLG,Communes,06.04.2025,,DATASET_COMMENT,"Source: Office fédéral de la statistique – Pendularité (PEND), Relevé structurel (RS)

Les données concernent les 180 villes de la publication ""Statistiques des villes suisses"", constituées de 173 villes statistiques et de 7 autres membres de l'Union des villes suisses: Appenzell, Arosa, La Neuveville, Moutier, Morat, Willisau et Worb."
DATAFLOW,CH1.SSV:DF_SSV_MOB_COM(2026.1.0),"Statistiques des villes suisses 2026, pendulaires selon le principal moyen de transport",I,5724,Nyon,4,20 000-49 999,pen_t,"Pendulaires, total",CI,Intervalle de confiance (+/-),8.33,,A,Valeur normale,2023,,28.04.2026,,28.04.2026,,,,POLG,Communes,06.04.2025,,DATASET_COMMENT,"Source: Office fédéral de la statistique – Pendularité (PEND), Relevé structurel (RS)

Les données concernent les 180 villes de la publication ""Statistiques des villes suisses"", constituées de 173 villes statistiques et de 7 autres membres de l'Union des villes suisses: Appenzell, Arosa, La Neuveville, Moutier, Morat, Willisau et Worb."
DATAFLOW,CH1.SSV:DF_SSV_MOB_COM(2026.1.0),"Statistiques des villes suisses 2026, pendulaires selon le principal moyen de transport",I,6002,Brig-Glis,2,10 000-14 999,pen_tp,Transport public (TP),OBS,Valeur observée,1354,,U,Faible fiabilité,2023,,28.04.2026,,28.04.2026,,,,POLG,Communes,06.04.2025,,DATASET_COMMENT,"Source: Office fédéral de la statistique – Pendularité (PEND), Relevé structurel (RS)

Les données concernent les 180 villes de la publication ""Statistiques des villes suisses"", constituées de 173 villes statistiques et de 7 autres membres de l'Union des villes suisses: Appenzell, Arosa, La Neuveville, Moutier, Morat, Willisau et Worb."
DATAFLOW,CH1.SSV:DF_SSV_MOB_COM(2026.1.0),"Statistiques des villes suisses 2026, pendulaires selon le principal moyen de transport",I,6002,Brig-Glis,2,10 000-14 999,pen_tim,Transport individuel motorisé (TIM),CI,Intervalle de confiance (+/-),22.59,,A,Valeur normale,2023,,28.04.2026,,28.04.2026,,,,POLG,Communes,06.04.2025,,DATASET_COMMENT,"Source: Office fédéral de la statistique – Pendularité (PEND), Relevé structurel (RS)

Les données concernent les 180 villes de la publication ""Statistiques des villes suisses"", constituées de 173 villes statistiques et de 7 autres membres de l'Union des villes suisses: Appenzell, Arosa, La Neuveville, Moutier, Morat, Willisau et Worb."
DATAFLOW,CH1.SSV:DF_SSV_MOB_COM(2026.1.0),"Statistiques des villes suisses 2026, pendulaires selon le principal moyen de transport",I,6436,Le Locle,2,10 000-14 999,pen_tp,Transport public (TP),OBS,Valeur observée,1107,,A,Valeur normale,2023,,28.04.2026,,28.04.2026,,,,POLG,Communes,06.04.2025,,DATASET_COMMENT,"Source: Office fédéral de la statistique – Pendularité (PEND), Relevé structurel (RS)

Les données concernent les 180 villes de la publication ""Statistiques des villes suisses"", constituées de 173 villes statistiques et de 7 autres membres de l'Union des villes suisses: Appenzell, Arosa, La Neuveville, Moutier, Morat, Willisau et Worb."
DATAFLOW,CH1.SSV:DF_SSV_MOB_COM(2026.1.0),"Statistiques des villes suisses 2026, pendulaires selon le principal moyen de transport",I,6436,Le Locle,2,10 000-14 999,pen_tim,Transport individuel motorisé (TIM),CI,Intervalle de confiance (+/-),16.44,,A,Valeur normale,2023,,28.04.2026,,28.04.2026,,,,POLG,Communes,06.04.2025,,DATASET_COMMENT,"Source: Office fédéral de la statistique – Pendularité (PEND), Relevé structurel (RS)

Les données concernent les 180 villes de la publication ""Statistiques des villes suisses"", constituées de 173 villes statistiques et de 7 autres membres de l'Union des villes suisses: Appenzell, Arosa, La Neuveville, Moutier, Morat, Willisau et Worb."
DATAFLOW,CH1.SSV:DF_SSV_MOB_COM(2026.1.0),"Statistiques des villes suisses 2026, pendulaires selon le principal moyen de transport",I,6458,Neuchâtel,4,20 000-49 999,pen_tim,Transport individuel motorisé (TIM),OBS,Valeur observée,7959,,A,Valeur normale,2023,,28.04.2026,,28.04.2026,,,,POLG,Communes,06.04.2025,,DATASET_COMMENT,"Source: Office fédéral de la statistique – Pendularité (PEND), Relevé structurel (RS)

Les données concernent les 180 villes de la publication ""Statistiques des villes suisses"", constituées de 173 villes statistiques et de 7 autres membres de l'Union des villes suisses: Appenzell, Arosa, La Neuveville, Moutier, Morat, Willisau et Worb."
DATAFLOW,CH1.SSV:DF_SSV_MOB_COM(2026.1.0),"Statistiques des villes suisses 2026, pendulaires selon le principal moyen de transport",I,6633,Plan-les-Ouates,2,10 000-14 999,pen_t,"Pendulaires, total",OBS,Valeur observée,4036,,A,Valeur normale,2023,,28.04.2026,,28.04.2026,,,,POLG,Communes,06.04.2025,,DATASET_COMMENT,"Source: Office fédéral de la statistique – Pendularité (PEND), Relevé structurel (RS)

Les données concernent les 180 villes de la publication ""Statistiques des villes suisses"", constituées de 173 villes statistiques et de 7 autres membres de l'Union des villes suisses: Appenzell, Arosa, La Neuveville, Moutier, Morat, Willisau et Worb."
DATAFLOW,CH1.SSV:DF_SSV_MOB_COM(2026.1.0),"Statistiques des villes suisses 2026, pendulaires selon le principal moyen de transport",I,6640,Thônex,3,15 000-19 999,pen_t,"Pendulaires, total",OBS,Valeur observée,5879,,A,Valeur normale,2023,,28.04.2026,,28.04.2026,,,,POLG,Communes,06.04.2025,,DATASET_COMMENT,"Source: Office fédéral de la statistique – Pendularité (PEND), Relevé structurel (RS)

Les données concernent les 180 villes de la publication ""Statistiques des villes suisses"", constituées de 173 villes statistiques et de 7 autres membres de l'Union des villes suisses: Appenzell, Arosa, La Neuveville, Moutier, Morat, Willisau et Worb."
DATAFLOW,CH1.SSV:DF_SSV_MOB_COM(2026.1.0),"Statistiques des villes suisses 2026, pendulaires selon le principal moyen de transport",I,6643,Vernier,4,20 000-49 999,pen_tim,Transport individuel motorisé (TIM),OBS,Valeur observée,3424,,A,Valeur normale,2023,,28.04.2026,,28.04.2026,,,,POLG,Communes,06.04.2025,,DATASET_COMMENT,"Source: Office fédéral de la statistique – Pendularité (PEND), Relevé structurel (RS)

Les données concernent les 180 villes de la publication ""Statistiques des villes suisses"", constituées de 173 villes statistiques et de 7 autres membres de l'Union des villes suisses: Appenzell, Arosa, La Neuveville, Moutier, Morat, Willisau et Worb."
DATAFLOW,CH1.SSV:DF_SSV_MOB_COM(2026.1.0),"Statistiques des villes suisses 2026, pendulaires selon le principal moyen de transport",I,6645,Veyrier,2,10 000-14 999,pen_tp,Transport public (TP),OBS,Valeur observée,1380,,A,Valeur normale,2023,,28.04.2026,,28.04.2026,,,,POLG,Communes,06.04.2025,,DATASET_COMMENT,"Source: Office fédéral de la statistique – Pendularité (PEND), Relevé structurel (RS)

Les données concernent les 180 villes de la publication ""Statistiques des villes suisses"", constituées de 173 villes statistiques et de 7 autres membres de l'Union des villes suisses: Appenzell, Arosa, La Neuveville, Moutier, Morat, Willisau et Worb."
DATAFLOW,CH1.SSV:DF_SSV_MOB_COM(2026.1.0),"Statistiques des villes suisses 2026, pendulaires selon le principal moyen de transport",I,3901,Chur,4,20 000-49 999,pen_t,"Pendulaires, total",OBS,Valeur observée,16769,,A,Valeur normale,2023,,28.04.2026,,28.04.2026,,,,POLG,Communes,06.04.2025,,DATASET_COMMENT,"Source: Office fédéral de la statistique – Pendularité (PEND), Relevé structurel (RS)

Les données concernent les 180 villes de la publication ""Statistiques des villes suisses"", constituées de 173 villes statistiques et de 7 autres membres de l'Union des villes suisses: Appenzell, Arosa, La Neuveville, Moutier, Morat, Willisau et Worb."
DATAFLOW,CH1.SSV:DF_SSV_MOB_COM(2026.1.0),"Statistiques des villes suisses 2026, pendulaires selon le principal moyen de transport",I,3901,Chur,4,20 000-49 999,pen_tp,Transport public (TP),CI,Intervalle de confiance (+/-),18.25,,A,Valeur normale,2023,,28.04.2026,,28.04.2026,,,,POLG,Communes,06.04.2025,,DATASET_COMMENT,"Source: Office fédéral de la statistique – Pendularité (PEND), Relevé structurel (RS)

Les données concernent les 180 villes de la publication ""Statistiques des villes suisses"", constituées de 173 villes statistiques et de 7 autres membres de l'Union des villes suisses: Appenzell, Arosa, La Neuveville, Moutier, Morat, Willisau et Worb."
DATAFLOW,CH1.SSV:DF_SSV_MOB_COM(2026.1.0),"Statistiques des villes suisses 2026, pendulaires selon le principal moyen de transport",I,_ST,Total des villes suisses,6,100 000 et plus,pen_tp,Transport public (TP),OBS,Valeur observée,273212,,A,Valeur normale,2023,,28.04.2026,,28.04.2026,,,,POLG,Communes,06.04.2025,,DATASET_COMMENT,"Source: Office fédéral de la statistique – Pendularité (PEND), Relevé structurel (RS)

Les données concernent les 180 villes de la publication ""Statistiques des villes suisses"", constituées de 173 villes statistiques et de 7 autres membres de l'Union des villes suisses: Appenzell, Arosa, La Neuveville, Moutier, Morat, Willisau et Worb."
DATAFLOW,CH1.SSV:DF_SSV_MOB_COM(2026.1.0),"Statistiques des villes suisses 2026, pendulaires selon le principal moyen de transport",I,_ST,Total des villes suisses,6,100 000 et plus,pen_tim,Transport individuel motorisé (TIM),CI,Intervalle de confiance (+/-),3.46,,A,Valeur normale,2023,,28.04.2026,,28.04.2026,,,,POLG,Communes,06.04.2025,,DATASET_COMMENT,"Source: Office fédéral de la statistique – Pendularité (PEND), Relevé structurel (RS)

Les données concernent les 180 villes de la publication ""Statistiques des villes suisses"", constituées de 173 villes statistiques et de 7 autres membres de l'Union des villes suisses: Appenzell, Arosa, La Neuveville, Moutier, Morat, Willisau et Worb."
DATAFLOW,CH1.SSV:DF_SSV_MOB_COM(2026.1.0),"Statistiques des villes suisses 2026, pendulaires selon le principal moyen de transport",I,2,Affoltern am Albis,2,10 000-14 999,pen_tp,Transport public (TP),OBS,Valeur observée,1505,,U,Faible fiabilité,2023,,28.04.2026,,28.04.2026,,,,POLG,Communes,06.04.2025,,DATASET_COMMENT,"Source: Office fédéral de la statistique – Pendularité (PEND), Relevé structurel (RS)

Les données concernent les 180 villes de la publication ""Statistiques des villes suisses"", constituées de 173 villes statistiques et de 7 autres membres de l'Union des villes suisses: Appenzell, Arosa, La Neuveville, Moutier, Morat, Willisau et Worb."
DATAFLOW,CH1.SSV:DF_SSV_MOB_COM(2026.1.0),"Statistiques des villes suisses 2026, pendulaires selon le principal moyen de transport",I,2,Affoltern am Albis,2,10 000-14 999,pen_tim,Transport individuel motorisé (TIM),CI,Intervalle de confiance (+/-),24.65,,A,Valeur normale,2023,,28.04.2026,,28.04.2026,,,,POLG,Communes,06.04.2025,,DATASET_COMMENT,"Source: Office fédéral de la statistique – Pendularité (PEND), Relevé structurel (RS)

Les données concernent les 180 villes de la publication ""Statistiques des villes suisses"", constituées de 173 villes statistiques et de 7 autres membres de l'Union des villes suisses: Appenzell, Arosa, La Neuveville, Moutier, Morat, Willisau et Worb."
DATAFLOW,CH1.SSV:DF_SSV_MOB_COM(2026.1.0),"Statistiques des villes suisses 2026, pendulaires selon le principal moyen de transport",I,97,Rümlang,1,moins de 10 000,pen_t,"Pendulaires, total",OBS,Valeur observée,3008,,A,Valeur normale,2023,,28.04.2026,,28.04.2026,,,,POLG,Communes,06.04.2025,,DATASET_COMMENT,"Source: Office fédéral de la statistique – Pendularité (PEND), Relevé structurel (RS)

Les données concernent les 180 villes de la publication ""Statistiques des villes suisses"", constituées de 173 villes statistiques et de 7 autres membres de l'Union des villes suisses: Appenzell, Arosa, La Neuveville, Moutier, Morat, Willisau et Worb."
DATAFLOW,CH1.SSV:DF_SSV_MOB_COM(2026.1.0),"Statistiques des villes suisses 2026, pendulaires selon le principal moyen de transport",I,97,Rümlang,1,moins de 10 000,pen_tp,Transport public (TP),OBS,Valeur observée,921,,U,Faible fiabilité,2023,,28.04.2026,,28.04.2026,,,,POLG,Communes,06.04.2025,,DATASET_COMMENT,"Source: Office fédéral de la statistique – Pendularité (PEND), Relevé structurel (RS)

Les données concernent les 180 villes de la publication ""Statistiques des villes suisses"", constituées de 173 villes statistiques et de 7 autres membres de l'Union des villes suisses: Appenzell, Arosa, La Neuveville, Moutier, Morat, Willisau et Worb."
DATAFLOW,CH1.SSV:DF_SSV_MOB_COM(2026.1.0),"Statistiques des villes suisses 2026, pendulaires selon le principal moyen de transport",I,97,Rümlang,1,moins de 10 000,pen_tp,Transport public (TP),CI,Intervalle de confiance (+/-),38.97,,U,Faible fiabilité,2023,,28.04.2026,,28.04.2026,,,,POLG,Communes,06.04.2025,,DATASET_COMMENT,"Source: Office fédéral de la statistique – Pendularité (PEND), Relevé structurel (RS)

Les données concernent les 180 villes de la publication ""Statistiques des villes suisses"", constituées de 173 villes statistiques et de 7 autres membres de l'Union des villes suisses: Appenzell, Arosa, La Neuveville, Moutier, Morat, Willisau et Worb."
DATAFLOW,CH1.SSV:DF_SSV_MOB_COM(2026.1.0),"Statistiques des villes suisses 2026, pendulaires selon le principal moyen de transport",I,97,Rümlang,1,moins de 10 000,pen_tim,Transport individuel motorisé (TIM),OBS,Valeur observée,1844,,A,Valeur normale,2023,,28.04.2026,,28.04.2026,,,,POLG,Communes,06.04.2025,,DATASET_COMMENT,"Source: Office fédéral de la statistique – Pendularité (PEND), Relevé structurel (RS)

Les données concernent les 180 villes de la publication ""Statistiques des villes suisses"", constituées de 173 villes statistiques et de 7 autres membres de l'Union des villes suisses: Appenzell, Arosa, La Neuveville, Moutier, Morat, Willisau et Worb."
DATAFLOW,CH1.SSV:DF_SSV_MOB_COM(2026.1.0),"Statistiques des villes suisses 2026, pendulaires selon le principal moyen de transport",I,131,Adliswil,3,15 000-19 999,pen_tp,Transport public (TP),CI,Intervalle de confiance (+/-),18.96,,A,Valeur normale,2023,,28.04.2026,,28.04.2026,,,,POLG,Communes,06.04.2025,,DATASET_COMMENT,"Source: Office fédéral de la statistique – Pendularité (PEND), Relevé structurel (RS)

Les données concernent les 180 villes de la publication ""Statistiques des villes suisses"", constituées de 173 villes statistiques et de 7 autres membres de l'Union des villes suisses: Appenzell, Arosa, La Neuveville, Moutier, Morat, Willisau et Worb."
DATAFLOW,CH1.SSV:DF_SSV_MOB_COM(2026.1.0),"Statistiques des villes suisses 2026, pendulaires selon le principal moyen de transport",I,161,Zollikon,2,10 000-14 999,pen_t,"Pendulaires, total",OBS,Valeur observée,4574,,A,Valeur normale,2023,,28.04.2026,,28.04.2026,,,,POLG,Communes,06.04.2025,,DATASET_COMMENT,"Source: Office fédéral de la statistique – Pendularité (PEND), Relevé structurel (RS)

Les données concernent les 180 villes de la publication ""Statistiques des villes suisses"", constituées de 173 villes statistiques et de 7 autres membres de l'Union des villes suisses: Appenzell, Arosa, La Neuveville, Moutier, Morat, Willisau et Worb."
DATAFLOW,CH1.SSV:DF_SSV_MOB_COM(2026.1.0),"Statistiques des villes suisses 2026, pendulaires selon le principal moyen de transport",I,161,Zollikon,2,10 000-14 999,pen_t,"Pendulaires, total",CI,Intervalle de confiance (+/-),16.73,,A,Valeur normale,2023,,28.04.2026,,28.04.2026,,,,POLG,Communes,06.04.2025,,DATASET_COMMENT,"Source: Office fédéral de la statistique – Pendularité (PEND), Relevé structurel (RS)

Les données concernent les 180 villes de la publication ""Statistiques des villes suisses"", constituées de 173 villes statistiques et de 7 autres membres de l'Union des villes suisses: Appenzell, Arosa, La Neuveville, Moutier, Morat, Willisau et Worb."
DATAFLOW,CH1.SSV:DF_SSV_MOB_COM(2026.1.0),"Statistiques des villes suisses 2026, pendulaires selon le principal moyen de transport",I,293,Wädenswil,4,20 000-49 999,pen_t,"Pendulaires, total",CI,Intervalle de confiance (+/-),11.08,,A,Valeur normale,2023,,28.04.2026,,28.04.2026,,,,POLG,Communes,06.04.2025,,DATASET_COMMENT,"Source: Office fédéral de la statistique – Pendularité (PEND), Relevé structurel (RS)

Les données concernent les 180 villes de la publication ""Statistiques des villes suisses"", constituées de 173 villes statistiques et de 7 autres membres de l'Union des villes suisses: Appenzell, Arosa, La Neuveville, Moutier, Morat, Willisau et Worb."
DATAFLOW,CH1.SSV:DF_SSV_MOB_COM(2026.1.0),"Statistiques des villes suisses 2026, pendulaires selon le principal moyen de transport",I,295,Horgen,4,20 000-49 999,pen_t,"Pendulaires, total",OBS,Valeur observée,9710,,A,Valeur normale,2023,,28.04.2026,,28.04.2026,,,,POLG,Communes,06.04.2025,,DATASET_COMMENT,"Source: Office fédéral de la statistique – Pendularité (PEND), Relevé structurel (RS)

Les données concernent les 180 villes de la publication ""Statistiques des villes suisses"", constituées de 173 villes statistiques et de 7 autres membres de l'Union des villes suisses: Appenzell, Arosa, La Neuveville, Moutier, Morat, Willisau et Worb."
DATAFLOW,CH1.SSV:DF_SSV_MOB_COM(2026.1.0),"Statistiques des villes suisses 2026, pendulaires selon le principal moyen de transport",I,295,Horgen,4,20 000-49 999,pen_t,"Pendulaires, total",CI,Intervalle de confiance (+/-),11.65,,A,Valeur normale,2023,,28.04.2026,,28.04.2026,,,,POLG,Communes,06.04.2025,,DATASET_COMMENT,"Source: Office fédéral de la statistique – Pendularité (PEND), Relevé structurel (RS)

Les données concernent les 180 villes de la publication ""Statistiques des villes suisses"", constituées de 173 villes statistiques et de 7 autres membres de l'Union des villes suisses: Appenzell, Arosa, La Neuveville, Moutier, Morat, Willisau et Worb."
DATAFLOW,CH1.SSV:DF_SSV_MOB_COM(2026.1.0),"Statistiques des villes suisses 2026, pendulaires selon le principal moyen de transport",I,295,Horgen,4,20 000-49 999,pen_tp,Transport public (TP),CI,Intervalle de confiance (+/-),17.94,,A,Valeur normale,2023,,28.04.2026,,28.04.2026,,,,POLG,Communes,06.04.2025,,DATASET_COMMENT,"Source: Office fédéral de la statistique – Pendularité (PEND), Relevé structurel (RS)

Les données concernent les 180 villes de la publication ""Statistiques des villes suisses"", constituées de 173 villes statistiques et de 7 autres membres de l'Union des villes suisses: Appenzell, Arosa, La Neuveville, Moutier, Morat, Willisau et Worb."
DATAFLOW,CH1.SSV:DF_SSV_MOB_COM(2026.1.0),"Statistiques des villes suisses 2026, pendulaires selon le principal moyen de transport",I,295,Horgen,4,20 000-49 999,pen_tim,Transport individuel motorisé (TIM),CI,Intervalle de confiance (+/-),17.62,,A,Valeur normale,2023,,28.04.2026,,28.04.2026,,,,POLG,Communes,06.04.2025,,DATASET_COMMENT,"Source: Office fédéral de la statistique – Pendularité (PEND), Relevé structurel (RS)

Les données concernent les 180 villes de la publication ""Statistiques des villes suisses"", constituées de 173 villes statistiques et de 7 autres membres de l'Union des villes suisses: Appenzell, Arosa, La Neuveville, Moutier, Morat, Willisau et Worb."
DATAFLOW,CH1.SSV:DF_SSV_MOB_COM(2026.1.0),"Statistiques des villes suisses 2026, pendulaires selon le principal moyen de transport",I,351,Bern,6,100 000 et plus,pen_t,"Pendulaires, total",OBS,Valeur observée,61069,,A,Valeur normale,2023,,28.04.2026,,28.04.2026,,,,POLG,Communes,06.04.2025,,DATASET_COMMENT,"Source: Office fédéral de la statistique – Pendularité (PEND), Relevé structurel (RS)

Les données concernent les 180 villes de la publication ""Statistiques des villes suisses"", constituées de 173 villes statistiques et de 7 autres membres de l'Union des villes suisses: Appenzell, Arosa, La Neuveville, Moutier, Morat, Willisau et Worb."
DATAFLOW,CH1.SSV:DF_SSV_MOB_COM(2026.1.0),"Statistiques des villes suisses 2026, pendulaires selon le principal moyen de transport",I,351,Bern,6,100 000 et plus,pen_t,"Pendulaires, total",CI,Intervalle de confiance (+/-),3.31,,A,Valeur normale,2023,,28.04.2026,,28.04.2026,,,,POLG,Communes,06.04.2025,,DATASET_COMMENT,"Source: Office fédéral de la statistique – Pendularité (PEND), Relevé structurel (RS)

Les données concernent les 180 villes de la publication ""Statistiques des villes suisses"", constituées de 173 villes statistiques et de 7 autres membres de l'Union des villes suisses: Appenzell, Arosa, La Neuveville, Moutier, Morat, Willisau et Worb."
DATAFLOW,CH1.SSV:DF_SSV_MOB_COM(2026.1.0),"Statistiques des villes suisses 2026, pendulaires selon le principal moyen de transport",I,351,Bern,6,100 000 et plus,pen_tp,Transport public (TP),OBS,Valeur observée,32553,,A,Valeur normale,2023,,28.04.2026,,28.04.2026,,,,POLG,Communes,06.04.2025,,DATASET_COMMENT,"Source: Office fédéral de la statistique – Pendularité (PEND), Relevé structurel (RS)

Les données concernent les 180 villes de la publication ""Statistiques des villes suisses"", constituées de 173 villes statistiques et de 7 autres membres de l'Union des villes suisses: Appenzell, Arosa, La Neuveville, Moutier, Morat, Willisau et Worb."
DATAFLOW,CH1.SSV:DF_SSV_MOB_COM(2026.1.0),"Statistiques des villes suisses 2026, pendulaires selon le principal moyen de transport",I,351,Bern,6,100 000 et plus,pen_tim,Transport individuel motorisé (TIM),CI,Intervalle de confiance (+/-),11.28,,A,Valeur normale,2023,,28.04.2026,,28.04.2026,,,,POLG,Communes,06.04.2025,,DATASET_COMMENT,"Source: Office fédéral de la statistique – Pendularité (PEND), Relevé structurel (RS)

Les données concernent les 180 villes de la publication ""Statistiques des villes suisses"", constituées de 173 villes statistiques et de 7 autres membres de l'Union des villes suisses: Appenzell, Arosa, La Neuveville, Moutier, Morat, Willisau et Worb."
DATAFLOW,CH1.SSV:DF_SSV_MOB_COM(2026.1.0),"Statistiques des villes suisses 2026, pendulaires selon le principal moyen de transport",I,356,Muri bei Bern,2,10 000-14 999,pen_t,"Pendulaires, total",OBS,Valeur observée,4927,,A,Valeur normale,2023,,28.04.2026,,28.04.2026,,,,POLG,Communes,06.04.2025,,DATASET_COMMENT,"Source: Office fédéral de la statistique – Pendularité (PEND), Relevé structurel (RS)

Les données concernent les 180 villes de la publication ""Statistiques des villes suisses"", constituées de 173 villes statistiques et de 7 autres membres de l'Union des villes suisses: Appenzell, Arosa, La Neuveville, Moutier, Morat, Willisau et Worb."
DATAFLOW,CH1.SSV:DF_SSV_MOB_COM(2026.1.0),"Statistiques des villes suisses 2026, pendulaires selon le principal moyen de transport",I,581,Interlaken,1,moins de 10 000,pen_tp,Transport public (TP),OBS,Valeur observée,361,,U,Faible fiabilité,2023,,28.04.2026,,28.04.2026,,,,POLG,Communes,06.04.2025,,DATASET_COMMENT,"Source: Office fédéral de la statistique – Pendularité (PEND), Relevé structurel (RS)

Les données concernent les 180 villes de la publication ""Statistiques des villes suisses"", constituées de 173 villes statistiques et de 7 autres membres de l'Union des villes suisses: Appenzell, Arosa, La Neuveville, Moutier, Morat, Willisau et Worb."
DATAFLOW,CH1.SSV:DF_SSV_MOB_COM(2026.1.0),"Statistiques des villes suisses 2026, pendulaires selon le principal moyen de transport",I,581,Interlaken,1,moins de 10 000,pen_tim,Transport individuel motorisé (TIM),CI,Intervalle de confiance (+/-),37.51,,U,Faible fiabilité,2023,,28.04.2026,,28.04.2026,,,,POLG,Communes,06.04.2025,,DATASET_COMMENT,"Source: Office fédéral de la statistique – Pendularité (PEND), Relevé structurel (RS)

Les données concernent les 180 villes de la publication ""Statistiques des villes suisses"", constituées de 173 villes statistiques et de 7 autres membres de l'Union des villes suisses: Appenzell, Arosa, La Neuveville, Moutier, Morat, Willisau et Worb."
DATAFLOW,CH1.SSV:DF_SSV_MOB_COM(2026.1.0),"Statistiques des villes suisses 2026, pendulaires selon le principal moyen de transport",I,1103,Sursee,2,10 000-14 999,pen_t,"Pendulaires, total",OBS,Valeur observée,4939,,A,Valeur normale,2023,,28.04.2026,,28.04.2026,,,,POLG,Communes,06.04.2025,,DATASET_COMMENT,"Source: Office fédéral de la statistique – Pendularité (PEND), Relevé structurel (RS)

Les données concernent les 180 villes de la publication ""Statistiques des villes suisses"", constituées de 173 villes statistiques et de 7 autres membres de l'Union des villes suisses: Appenzell, Arosa, La Neuveville, Moutier, Morat, Willisau et Worb."
DATAFLOW,CH1.SSV:DF_SSV_MOB_COM(2026.1.0),"Statistiques des villes suisses 2026, pendulaires selon le principal moyen de transport",I,1103,Sursee,2,10 000-14 999,pen_tp,Transport public (TP),OBS,Valeur observée,1263,,A,Valeur normale,2023,,28.04.2026,,28.04.2026,,,,POLG,Communes,06.04.2025,,DATASET_COMMENT,"Source: Office fédéral de la statistique – Pendularité (PEND), Relevé structurel (RS)

Les données concernent les 180 villes de la publication ""Statistiques des villes suisses"", constituées de 173 villes statistiques et de 7 autres membres de l'Union des villes suisses: Appenzell, Arosa, La Neuveville, Moutier, Morat, Willisau et Worb."
DATAFLOW,CH1.SSV:DF_SSV_MOB_COM(2026.1.0),"Statistiques des villes suisses 2026, pendulaires selon le principal moyen de transport",I,1103,Sursee,2,10 000-14 999,pen_tp,Transport public (TP),CI,Intervalle de confiance (+/-),23.06,,A,Valeur normale,2023,,28.04.2026,,28.04.2026,,,,POLG,Communes,06.04.2025,,DATASET_COMMENT,"Source: Office fédéral de la statistique – Pendularité (PEND), Relevé structurel (RS)

Les données concernent les 180 villes de la publication ""Statistiques des villes suisses"", constituées de 173 villes statistiques et de 7 autres membres de l'Union des villes suisses: Appenzell, Arosa, La Neuveville, Moutier, Morat, Willisau et Worb."
DATAFLOW,CH1.SSV:DF_SSV_MOB_COM(2026.1.0),"Statistiques des villes suisses 2026, pendulaires selon le principal moyen de transport",I,1103,Sursee,2,10 000-14 999,pen_tim,Transport individuel motorisé (TIM),OBS,Valeur observée,2205,,A,Valeur normale,2023,,28.04.2026,,28.04.2026,,,,POLG,Communes,06.04.2025,,DATASET_COMMENT,"Source: Office fédéral de la statistique – Pendularité (PEND), Relevé structurel (RS)

Les données concernent les 180 villes de la publication ""Statistiques des villes suisses"", constituées de 173 villes statistiques et de 7 autres membres de l'Union des villes suisses: Appenzell, Arosa, La Neuveville, Moutier, Morat, Willisau et Worb."
DATAFLOW,CH1.SSV:DF_SSV_MOB_COM(2026.1.0),"Statistiques des villes suisses 2026, pendulaires selon le principal moyen de transport",I,1151,Willisau,1,moins de 10 000,pen_t,"Pendulaires, total",OBS,Valeur observée,3834,,A,Valeur normale,2023,,28.04.2026,,28.04.2026,,,,POLG,Communes,06.04.2025,,DATASET_COMMENT,"Source: Office fédéral de la statistique – Pendularité (PEND), Relevé structurel (RS)

Les données concernent les 180 villes de la publication ""Statistiques des villes suisses"", constituées de 173 villes statistiques et de 7 autres membres de l'Union des villes suisses: Appenzell, Arosa, La Neuveville, Moutier, Morat, Willisau et Worb."
DATAFLOW,CH1.SSV:DF_SSV_MOB_COM(2026.1.0),"Statistiques des villes suisses 2026, pendulaires selon le principal moyen de transport",I,1151,Willisau,1,moins de 10 000,pen_tim,Transport individuel motorisé (TIM),OBS,Valeur observée,2503,,A,Valeur normale,2023,,28.04.2026,,28.04.2026,,,,POLG,Communes,06.04.2025,,DATASET_COMMENT,"Source: Office fédéral de la statistique – Pendularité (PEND), Relevé structurel (RS)

Les données concernent les 180 villes de la publication ""Statistiques des villes suisses"", constituées de 173 villes statistiques et de 7 autres membres de l'Union des villes suisses: Appenzell, Arosa, La Neuveville, Moutier, Morat, Willisau et Worb."
DATAFLOW,CH1.SSV:DF_SSV_MOB_COM(2026.1.0),"Statistiques des villes suisses 2026, pendulaires selon le principal moyen de transport",I,1630,Glarus Nord,3,15 000-19 999,pen_t,"Pendulaires, total",OBS,Valeur observée,7202,,A,Valeur normale,2023,,28.04.2026,,28.04.2026,,,,POLG,Communes,06.04.2025,,DATASET_COMMENT,"Source: Office fédéral de la statistique – Pendularité (PEND), Relevé structurel (RS)

Les données concernent les 180 villes de la publication ""Statistiques des villes suisses"", constituées de 173 villes statistiques et de 7 autres membres de l'Union des villes suisses: Appenzell, Arosa, La Neuveville, Moutier, Morat, Willisau et Worb."
DATAFLOW,CH1.SSV:DF_SSV_MOB_COM(2026.1.0),"Statistiques des villes suisses 2026, pendulaires selon le principal moyen de transport",I,1630,Glarus Nord,3,15 000-19 999,pen_tim,Transport individuel motorisé (TIM),OBS,Valeur observée,4720,,A,Valeur normale,2023,,28.04.2026,,28.04.2026,,,,POLG,Communes,06.04.2025,,DATASET_COMMENT,"Source: Office fédéral de la statistique – Pendularité (PEND), Relevé structurel (RS)

Les données concernent les 180 villes de la publication ""Statistiques des villes suisses"", constituées de 173 villes statistiques et de 7 autres membres de l'Union des villes suisses: Appenzell, Arosa, La Neuveville, Moutier, Morat, Willisau et Worb."
DATAFLOW,CH1.SSV:DF_SSV_MOB_COM(2026.1.0),"Statistiques des villes suisses 2026, pendulaires selon le principal moyen de transport",I,1708,Steinhausen,2,10 000-14 999,pen_tp,Transport public (TP),CI,Intervalle de confiance (+/-),23.25,,A,Valeur normale,2023,,28.04.2026,,28.04.2026,,,,POLG,Communes,06.04.2025,,DATASET_COMMENT,"Source: Office fédéral de la statistique – Pendularité (PEND), Relevé structurel (RS)

Les données concernent les 180 villes de la publication ""Statistiques des villes suisses"", constituées de 173 villes statistiques et de 7 autres membres de l'Union des villes suisses: Appenzell, Arosa, La Neuveville, Moutier, Morat, Willisau et Worb."
DATAFLOW,CH1.SSV:DF_SSV_MOB_COM(2026.1.0),"Statistiques des villes suisses 2026, pendulaires selon le principal moyen de transport",I,2196,Fribourg,4,20 000-49 999,pen_t,"Pendulaires, total",CI,Intervalle de confiance (+/-),9.6,,A,Valeur normale,2023,,28.04.2026,,28.04.2026,,,,POLG,Communes,06.04.2025,,DATASET_COMMENT,"Source: Office fédéral de la statistique – Pendularité (PEND), Relevé structurel (RS)

Les données concernent les 180 villes de la publication ""Statistiques des villes suisses"", constituées de 173 villes statistiques et de 7 autres membres de l'Union des villes suisses: Appenzell, Arosa, La Neuveville, Moutier, Morat, Willisau et Worb."
DATAFLOW,CH1.SSV:DF_SSV_MOB_COM(2026.1.0),"Statistiques des villes suisses 2026, pendulaires selon le principal moyen de transport",I,2703,Riehen,4,20 000-49 999,pen_t,"Pendulaires, total",CI,Intervalle de confiance (+/-),10.47,,A,Valeur normale,2023,,28.04.2026,,28.04.2026,,,,POLG,Communes,06.04.2025,,DATASET_COMMENT,"Source: Office fédéral de la statistique – Pendularité (PEND), Relevé structurel (RS)

Les données concernent les 180 villes de la publication ""Statistiques des villes suisses"", constituées de 173 villes statistiques et de 7 autres membres de l'Union des villes suisses: Appenzell, Arosa, La Neuveville, Moutier, Morat, Willisau et Worb."
DATAFLOW,CH1.SSV:DF_SSV_MOB_COM(2026.1.0),"Statistiques des villes suisses 2026, pendulaires selon le principal moyen de transport",I,2769,Münchenstein,2,10 000-14 999,pen_t,"Pendulaires, total",OBS,Valeur observée,4358,,A,Valeur normale,2023,,28.04.2026,,28.04.2026,,,,POLG,Communes,06.04.2025,,DATASET_COMMENT,"Source: Office fédéral de la statistique – Pendularité (PEND), Relevé structurel (RS)

Les données concernent les 180 villes de la publication ""Statistiques des villes suisses"", constituées de 173 villes statistiques et de 7 autres membres de l'Union des villes suisses: Appenzell, Arosa, La Neuveville, Moutier, Morat, Willisau et Worb."
DATAFLOW,CH1.SSV:DF_SSV_MOB_COM(2026.1.0),"Statistiques des villes suisses 2026, pendulaires selon le principal moyen de transport",I,2769,Münchenstein,2,10 000-14 999,pen_t,"Pendulaires, total",CI,Intervalle de confiance (+/-),17.49,,A,Valeur normale,2023,,28.04.2026,,28.04.2026,,,,POLG,Communes,06.04.2025,,DATASET_COMMENT,"Source: Office fédéral de la statistique – Pendularité (PEND), Relevé structurel (RS)

Les données concernent les 180 villes de la publication ""Statistiques des villes suisses"", constituées de 173 villes statistiques et de 7 autres membres de l'Union des villes suisses: Appenzell, Arosa, La Neuveville, Moutier, Morat, Willisau et Worb."
DATAFLOW,CH1.SSV:DF_SSV_MOB_COM(2026.1.0),"Statistiques des villes suisses 2026, pendulaires selon le principal moyen de transport",I,2769,Münchenstein,2,10 000-14 999,pen_tp,Transport public (TP),CI,Intervalle de confiance (+/-),24.47,,A,Valeur normale,2023,,28.04.2026,,28.04.2026,,,,POLG,Communes,06.04.2025,,DATASET_COMMENT,"Source: Office fédéral de la statistique – Pendularité (PEND), Relevé structurel (RS)

Les données concernent les 180 villes de la publication ""Statistiques des villes suisses"", constituées de 173 villes statistiques et de 7 autres membres de l'Union des villes suisses: Appenzell, Arosa, La Neuveville, Moutier, Morat, Willisau et Worb."
DATAFLOW,CH1.SSV:DF_SSV_MOB_COM(2026.1.0),"Statistiques des villes suisses 2026, pendulaires selon le principal moyen de transport",I,3215,Rorschach,1,moins de 10 000,pen_tp,Transport public (TP),OBS,Valeur observée,932,,U,Faible fiabilité,2023,,28.04.2026,,28.04.2026,,,,POLG,Communes,06.04.2025,,DATASET_COMMENT,"Source: Office fédéral de la statistique – Pendularité (PEND), Relevé structurel (RS)

Les données concernent les 180 villes de la publication ""Statistiques des villes suisses"", constituées de 173 villes statistiques et de 7 autres membres de l'Union des villes suisses: Appenzell, Arosa, La Neuveville, Moutier, Morat, Willisau et Worb."
DATAFLOW,CH1.SSV:DF_SSV_MOB_COM(2026.1.0),"Statistiques des villes suisses 2026, pendulaires selon le principal moyen de transport",I,3215,Rorschach,1,moins de 10 000,pen_tp,Transport public (TP),CI,Intervalle de confiance (+/-),38.89,,U,Faible fiabilité,2023,,28.04.2026,,28.04.2026,,,,POLG,Communes,06.04.2025,,DATASET_COMMENT,"Source: Office fédéral de la statistique – Pendularité (PEND), Relevé structurel (RS)

Les données concernent les 180 villes de la publication ""Statistiques des villes suisses"", constituées de 173 villes statistiques et de 7 autres membres de l'Union des villes suisses: Appenzell, Arosa, La Neuveville, Moutier, Morat, Willisau et Worb."
DATAFLOW,CH1.SSV:DF_SSV_MOB_COM(2026.1.0),"Statistiques des villes suisses 2026, pendulaires selon le principal moyen de transport",I,3215,Rorschach,1,moins de 10 000,pen_tim,Transport individuel motorisé (TIM),CI,Intervalle de confiance (+/-),26.5,,A,Valeur normale,2023,,28.04.2026,,28.04.2026,,,,POLG,Communes,06.04.2025,,DATASET_COMMENT,"Source: Office fédéral de la statistique – Pendularité (PEND), Relevé structurel (RS)

Les données concernent les 180 villes de la publication ""Statistiques des villes suisses"", constituées de 173 villes statistiques et de 7 autres membres de l'Union des villes suisses: Appenzell, Arosa, La Neuveville, Moutier, Morat, Willisau et Worb."
DATAFLOW,CH1.SSV:DF_SSV_MOB_COM(2026.1.0),"Statistiques des villes suisses 2026, pendulaires selon le principal moyen de transport",I,3787,St. Moritz,1,moins de 10 000,pen_tim,Transport individuel motorisé (TIM),OBS,Valeur observée,1027,,U,Faible fiabilité,2023,,28.04.2026,,28.04.2026,,,,POLG,Communes,06.04.2025,,DATASET_COMMENT,"Source: Office fédéral de la statistique – Pendularité (PEND), Relevé structurel (RS)

Les données concernent les 180 villes de la publication ""Statistiques des villes suisses"", constituées de 173 villes statistiques et de 7 autres membres de l'Union des villes suisses: Appenzell, Arosa, La Neuveville, Moutier, Morat, Willisau et Worb."
DATAFLOW,CH1.SSV:DF_SSV_MOB_COM(2026.1.0),"Statistiques des villes suisses 2026, pendulaires selon le principal moyen de transport",I,3921,Arosa,1,moins de 10 000,pen_t,"Pendulaires, total",CI,Intervalle de confiance (+/-),30.31,,U,Faible fiabilité,2023,,28.04.2026,,28.04.2026,,,,POLG,Communes,06.04.2025,,DATASET_COMMENT,"Source: Office fédéral de la statistique – Pendularité (PEND), Relevé structurel (RS)

Les données concernent les 180 villes de la publication ""Statistiques des villes suisses"", constituées de 173 villes statistiques et de 7 autres membres de l'Union des villes suisses: Appenzell, Arosa, La Neuveville, Moutier, Morat, Willisau et Worb."
DATAFLOW,CH1.SSV:DF_SSV_MOB_COM(2026.1.0),"Statistiques des villes suisses 2026, pendulaires selon le principal moyen de transport",I,3921,Arosa,1,moins de 10 000,pen_tim,Transport individuel motorisé (TIM),CI,Intervalle de confiance (+/-),64.55,,U,Faible fiabilité,2023,,28.04.2026,,28.04.2026,,,,POLG,Communes,06.04.2025,,DATASET_COMMENT,"Source: Office fédéral de la statistique – Pendularité (PEND), Relevé structurel (RS)

Les données concernent les 180 villes de la publication ""Statistiques des villes suisses"", constituées de 173 villes statistiques et de 7 autres membres de l'Union des villes suisses: Appenzell, Arosa, La Neuveville, Moutier, Morat, Willisau et Worb."
DATAFLOW,CH1.SSV:DF_SSV_MOB_COM(2026.1.0),"Statistiques des villes suisses 2026, pendulaires selon le principal moyen de transport",I,4201,Lenzburg,2,10 000-14 999,pen_tim,Transport individuel motorisé (TIM),OBS,Valeur observée,2072,,A,Valeur normale,2023,,28.04.2026,,28.04.2026,,,,POLG,Communes,06.04.2025,,DATASET_COMMENT,"Source: Office fédéral de la statistique – Pendularité (PEND), Relevé structurel (RS)

Les données concernent les 180 villes de la publication ""Statistiques des villes suisses"", constituées de 173 villes statistiques et de 7 autres membres de l'Union des villes suisses: Appenzell, Arosa, La Neuveville, Moutier, Morat, Willisau et Worb."
DATAFLOW,CH1.SSV:DF_SSV_MOB_COM(2026.1.0),"Statistiques des villes suisses 2026, pendulaires selon le principal moyen de transport",I,4289,Zofingen,2,10 000-14 999,pen_t,"Pendulaires, total",OBS,Valeur observée,5578,,A,Valeur normale,2023,,28.04.2026,,28.04.2026,,,,POLG,Communes,06.04.2025,,DATASET_COMMENT,"Source: Office fédéral de la statistique – Pendularité (PEND), Relevé structurel (RS)

Les données concernent les 180 villes de la publication ""Statistiques des villes suisses"", constituées de 173 villes statistiques et de 7 autres membres de l'Union des villes suisses: Appenzell, Arosa, La Neuveville, Moutier, Morat, Willisau et Worb."
DATAFLOW,CH1.SSV:DF_SSV_MOB_COM(2026.1.0),"Statistiques des villes suisses 2026, pendulaires selon le principal moyen de transport",I,4289,Zofingen,2,10 000-14 999,pen_t,"Pendulaires, total",CI,Intervalle de confiance (+/-),10.84,,A,Valeur normale,2023,,28.04.2026,,28.04.2026,,,,POLG,Communes,06.04.2025,,DATASET_COMMENT,"Source: Office fédéral de la statistique – Pendularité (PEND), Relevé structurel (RS)

Les données concernent les 180 villes de la publication ""Statistiques des villes suisses"", constituées de 173 villes statistiques et de 7 autres membres de l'Union des villes suisses: Appenzell, Arosa, La Neuveville, Moutier, Morat, Willisau et Worb."
DATAFLOW,CH1.SSV:DF_SSV_MOB_COM(2026.1.0),"Statistiques des villes suisses 2026, pendulaires selon le principal moyen de transport",I,4289,Zofingen,2,10 000-14 999,pen_tp,Transport public (TP),CI,Intervalle de confiance (+/-),20.05,,A,Valeur normale,2023,,28.04.2026,,28.04.2026,,,,POLG,Communes,06.04.2025,,DATASET_COMMENT,"Source: Office fédéral de la statistique – Pendularité (PEND), Relevé structurel (RS)

Les données concernent les 180 villes de la publication ""Statistiques des villes suisses"", constituées de 173 villes statistiques et de 7 autres membres de l'Union des villes suisses: Appenzell, Arosa, La Neuveville, Moutier, Morat, Willisau et Worb."
DATAFLOW,CH1.SSV:DF_SSV_MOB_COM(2026.1.0),"Statistiques des villes suisses 2026, pendulaires selon le principal moyen de transport",I,5587,Le Mont-sur-Lausanne,1,moins de 10 000,pen_t,"Pendulaires, total",OBS,Valeur observée,3771,,A,Valeur normale,2023,,28.04.2026,,28.04.2026,,,,POLG,Communes,06.04.2025,,DATASET_COMMENT,"Source: Office fédéral de la statistique – Pendularité (PEND), Relevé structurel (RS)

Les données concernent les 180 villes de la publication ""Statistiques des villes suisses"", constituées de 173 villes statistiques et de 7 autres membres de l'Union des villes suisses: Appenzell, Arosa, La Neuveville, Moutier, Morat, Willisau et Worb."
DATAFLOW,CH1.SSV:DF_SSV_MOB_COM(2026.1.0),"Statistiques des villes suisses 2026, pendulaires selon le principal moyen de transport",I,5587,Le Mont-sur-Lausanne,1,moins de 10 000,pen_tp,Transport public (TP),CI,Intervalle de confiance (+/-),22.88,,A,Valeur normale,2023,,28.04.2026,,28.04.2026,,,,POLG,Communes,06.04.2025,,DATASET_COMMENT,"Source: Office fédéral de la statistique – Pendularité (PEND), Relevé structurel (RS)

Les données concernent les 180 villes de la publication ""Statistiques des villes suisses"", constituées de 173 villes statistiques et de 7 autres membres de l'Union des villes suisses: Appenzell, Arosa, La Neuveville, Moutier, Morat, Willisau et Worb."
DATAFLOW,CH1.SSV:DF_SSV_MOB_COM(2026.1.0),"Statistiques des villes suisses 2026, pendulaires selon le principal moyen de transport",I,5624,Bussigny,2,10 000-14 999,pen_tim,Transport individuel motorisé (TIM),CI,Intervalle de confiance (+/-),16.43,,A,Valeur normale,2023,,28.04.2026,,28.04.2026,,,,POLG,Communes,06.04.2025,,DATASET_COMMENT,"Source: Office fédéral de la statistique – Pendularité (PEND), Relevé structurel (RS)

Les données concernent les 180 villes de la publication ""Statistiques des villes suisses"", constituées de 173 villes statistiques et de 7 autres membres de l'Union des villes suisses: Appenzell, Arosa, La Neuveville, Moutier, Morat, Willisau et Worb."
DATAFLOW,CH1.SSV:DF_SSV_MOB_COM(2026.1.0),"Statistiques des villes suisses 2026, pendulaires selon le principal moyen de transport",I,5635,Ecublens (VD),2,10 000-14 999,pen_tp,Transport public (TP),OBS,Valeur observée,1676,,A,Valeur normale,2023,,28.04.2026,,28.04.2026,,,,POLG,Communes,06.04.2025,,DATASET_COMMENT,"Source: Office fédéral de la statistique – Pendularité (PEND), Relevé structurel (RS)

Les données concernent les 180 villes de la publication ""Statistiques des villes suisses"", constituées de 173 villes statistiques et de 7 autres membres de l'Union des villes suisses: Appenzell, Arosa, La Neuveville, Moutier, Morat, Willisau et Worb."
DATAFLOW,CH1.SSV:DF_SSV_MOB_COM(2026.1.0),"Statistiques des villes suisses 2026, pendulaires selon le principal moyen de transport",I,5635,Ecublens (VD),2,10 000-14 999,pen_tim,Transport individuel motorisé (TIM),CI,Intervalle de confiance (+/-),16.86,,A,Valeur normale,2023,,28.04.2026,,28.04.2026,,,,POLG,Communes,06.04.2025,,DATASET_COMMENT,"Source: Office fédéral de la statistique – Pendularité (PEND), Relevé structurel (RS)

Les données concernent les 180 villes de la publication ""Statistiques des villes suisses"", constituées de 173 villes statistiques et de 7 autres membres de l'Union des villes suisses: Appenzell, Arosa, La Neuveville, Moutier, Morat, Willisau et Worb."
DATAFLOW,CH1.SSV:DF_SSV_MOB_COM(2026.1.0),"Statistiques des villes suisses 2026, pendulaires selon le principal moyen de transport",I,5889,La Tour-de-Peilz,2,10 000-14 999,pen_t,"Pendulaires, total",OBS,Valeur observée,5178,,A,Valeur normale,2023,,28.04.2026,,28.04.2026,,,,POLG,Communes,06.04.2025,,DATASET_COMMENT,"Source: Office fédéral de la statistique – Pendularité (PEND), Relevé structurel (RS)

Les données concernent les 180 villes de la publication ""Statistiques des villes suisses"", constituées de 173 villes statistiques et de 7 autres membres de l'Union des villes suisses: Appenzell, Arosa, La Neuveville, Moutier, Morat, Willisau et Worb."
DATAFLOW,CH1.SSV:DF_SSV_MOB_COM(2026.1.0),"Statistiques des villes suisses 2026, pendulaires selon le principal moyen de transport",I,5889,La Tour-de-Peilz,2,10 000-14 999,pen_tp,Transport public (TP),OBS,Valeur observée,2477,,A,Valeur normale,2023,,28.04.2026,,28.04.2026,,,,POLG,Communes,06.04.2025,,DATASET_COMMENT,"Source: Office fédéral de la statistique – Pendularité (PEND), Relevé structurel (RS)

Les données concernent les 180 villes de la publication ""Statistiques des villes suisses"", constituées de 173 villes statistiques et de 7 autres membres de l'Union des villes suisses: Appenzell, Arosa, La Neuveville, Moutier, Morat, Willisau et Worb."
DATAFLOW,CH1.SSV:DF_SSV_MOB_COM(2026.1.0),"Statistiques des villes suisses 2026, pendulaires selon le principal moyen de transport",I,5889,La Tour-de-Peilz,2,10 000-14 999,pen_tp,Transport public (TP),CI,Intervalle de confiance (+/-),16.37,,A,Valeur normale,2023,,28.04.2026,,28.04.2026,,,,POLG,Communes,06.04.2025,,DATASET_COMMENT,"Source: Office fédéral de la statistique – Pendularité (PEND), Relevé structurel (RS)

Les données concernent les 180 villes de la publication ""Statistiques des villes suisses"", constituées de 173 villes statistiques et de 7 autres membres de l'Union des villes suisses: Appenzell, Arosa, La Neuveville, Moutier, Morat, Willisau et Worb."
DATAFLOW,CH1.SSV:DF_SSV_MOB_COM(2026.1.0),"Statistiques des villes suisses 2026, pendulaires selon le principal moyen de transport",I,5889,La Tour-de-Peilz,2,10 000-14 999,pen_tim,Transport individuel motorisé (TIM),OBS,Valeur observée,1911,,A,Valeur normale,2023,,28.04.2026,,28.04.2026,,,,POLG,Communes,06.04.2025,,DATASET_COMMENT,"Source: Office fédéral de la statistique – Pendularité (PEND), Relevé structurel (RS)

Les données concernent les 180 villes de la publication ""Statistiques des villes suisses"", constituées de 173 villes statistiques et de 7 autres membres de l'Union des villes suisses: Appenzell, Arosa, La Neuveville, Moutier, Morat, Willisau et Worb."
DATAFLOW,CH1.SSV:DF_SSV_MOB_COM(2026.1.0),"Statistiques des villes suisses 2026, pendulaires selon le principal moyen de transport",I,5890,Vevey,4,20 000-49 999,pen_tim,Transport individuel motorisé (TIM),OBS,Valeur observée,2364,,A,Valeur normale,2023,,28.04.2026,,28.04.2026,,,,POLG,Communes,06.04.2025,,DATASET_COMMENT,"Source: Office fédéral de la statistique – Pendularité (PEND), Relevé structurel (RS)

Les données concernent les 180 villes de la publication ""Statistiques des villes suisses"", constituées de 173 villes statistiques et de 7 autres membres de l'Union des villes suisses: Appenzell, Arosa, La Neuveville, Moutier, Morat, Willisau et Worb."
DATAFLOW,CH1.SSV:DF_SSV_MOB_COM(2026.1.0),"Statistiques des villes suisses 2026, pendulaires selon le principal moyen de transport",I,6002,Brig-Glis,2,10 000-14 999,pen_t,"Pendulaires, total",OBS,Valeur observée,5424,,A,Valeur normale,2023,,28.04.2026,,28.04.2026,,,,POLG,Communes,06.04.2025,,DATASET_COMMENT,"Source: Office fédéral de la statistique – Pendularité (PEND), Relevé structurel (RS)

Les données concernent les 180 villes de la publication ""Statistiques des villes suisses"", constituées de 173 villes statistiques et de 7 autres membres de l'Union des villes suisses: Appenzell, Arosa, La Neuveville, Moutier, Morat, Willisau et Worb."
DATAFLOW,CH1.SSV:DF_SSV_MOB_COM(2026.1.0),"Statistiques des villes suisses 2026, pendulaires selon le principal moyen de transport",I,6266,Sion,4,20 000-49 999,pen_t,"Pendulaires, total",OBS,Valeur observée,14648,,A,Valeur normale,2023,,28.04.2026,,28.04.2026,,,,POLG,Communes,06.04.2025,,DATASET_COMMENT,"Source: Office fédéral de la statistique – Pendularité (PEND), Relevé structurel (RS)

Les données concernent les 180 villes de la publication ""Statistiques des villes suisses"", constituées de 173 villes statistiques et de 7 autres membres de l'Union des villes suisses: Appenzell, Arosa, La Neuveville, Moutier, Morat, Willisau et Worb."
DATAFLOW,CH1.SSV:DF_SSV_MOB_COM(2026.1.0),"Statistiques des villes suisses 2026, pendulaires selon le principal moyen de transport",I,6266,Sion,4,20 000-49 999,pen_t,"Pendulaires, total",CI,Intervalle de confiance (+/-),9.52,,A,Valeur normale,2023,,28.04.2026,,28.04.2026,,,,POLG,Communes,06.04.2025,,DATASET_COMMENT,"Source: Office fédéral de la statistique – Pendularité (PEND), Relevé structurel (RS)

Les données concernent les 180 villes de la publication ""Statistiques des villes suisses"", constituées de 173 villes statistiques et de 7 autres membres de l'Union des villes suisses: Appenzell, Arosa, La Neuveville, Moutier, Morat, Willisau et Worb."
DATAFLOW,CH1.SSV:DF_SSV_MOB_COM(2026.1.0),"Statistiques des villes suisses 2026, pendulaires selon le principal moyen de transport",I,6266,Sion,4,20 000-49 999,pen_tp,Transport public (TP),OBS,Valeur observée,2866,,A,Valeur normale,2023,,28.04.2026,,28.04.2026,,,,POLG,Communes,06.04.2025,,DATASET_COMMENT,"Source: Office fédéral de la statistique – Pendularité (PEND), Relevé structurel (RS)

Les données concernent les 180 villes de la publication ""Statistiques des villes suisses"", constituées de 173 villes statistiques et de 7 autres membres de l'Union des villes suisses: Appenzell, Arosa, La Neuveville, Moutier, Morat, Willisau et Worb."
DATAFLOW,CH1.SSV:DF_SSV_MOB_COM(2026.1.0),"Statistiques des villes suisses 2026, pendulaires selon le principal moyen de transport",I,6266,Sion,4,20 000-49 999,pen_tim,Transport individuel motorisé (TIM),CI,Intervalle de confiance (+/-),12.66,,A,Valeur normale,2023,,28.04.2026,,28.04.2026,,,,POLG,Communes,06.04.2025,,DATASET_COMMENT,"Source: Office fédéral de la statistique – Pendularité (PEND), Relevé structurel (RS)

Les données concernent les 180 villes de la publication ""Statistiques des villes suisses"", constituées de 173 villes statistiques et de 7 autres membres de l'Union des villes suisses: Appenzell, Arosa, La Neuveville, Moutier, Morat, Willisau et Worb."
DATAFLOW,CH1.SSV:DF_SSV_MOB_COM(2026.1.0),"Statistiques des villes suisses 2026, pendulaires selon le principal moyen de transport",I,6608,Carouge (GE),4,20 000-49 999,pen_t,"Pendulaires, total",OBS,Valeur observée,7661,,A,Valeur normale,2023,,28.04.2026,,28.04.2026,,,,POLG,Communes,06.04.2025,,DATASET_COMMENT,"Source: Office fédéral de la statistique – Pendularité (PEND), Relevé structurel (RS)

Les données concernent les 180 villes de la publication ""Statistiques des villes suisses"", constituées de 173 villes statistiques et de 7 autres membres de l'Union des villes suisses: Appenzell, Arosa, La Neuveville, Moutier, Morat, Willisau et Worb."
DATAFLOW,CH1.SSV:DF_SSV_MOB_COM(2026.1.0),"Statistiques des villes suisses 2026, pendulaires selon le principal moyen de transport",I,6608,Carouge (GE),4,20 000-49 999,pen_tp,Transport public (TP),CI,Intervalle de confiance (+/-),14.77,,A,Valeur normale,2023,,28.04.2026,,28.04.2026,,,,POLG,Communes,06.04.2025,,DATASET_COMMENT,"Source: Office fédéral de la statistique – Pendularité (PEND), Relevé structurel (RS)

Les données concernent les 180 villes de la publication ""Statistiques des villes suisses"", constituées de 173 villes statistiques et de 7 autres membres de l'Union des villes suisses: Appenzell, Arosa, La Neuveville, Moutier, Morat, Willisau et Worb."
DATAFLOW,CH1.SSV:DF_SSV_MOB_COM(2026.1.0),"Statistiques des villes suisses 2026, pendulaires selon le principal moyen de transport",I,6608,Carouge (GE),4,20 000-49 999,pen_tim,Transport individuel motorisé (TIM),OBS,Valeur observée,1969,,A,Valeur normale,2023,,28.04.2026,,28.04.2026,,,,POLG,Communes,06.04.2025,,DATASET_COMMENT,"Source: Office fédéral de la statistique – Pendularité (PEND), Relevé structurel (RS)

Les données concernent les 180 villes de la publication ""Statistiques des villes suisses"", constituées de 173 villes statistiques et de 7 autres membres de l'Union des villes suisses: Appenzell, Arosa, La Neuveville, Moutier, Morat, Willisau et Worb."
DATAFLOW,CH1.SSV:DF_SSV_MOB_COM(2026.1.0),"Statistiques des villes suisses 2026, pendulaires selon le principal moyen de transport",I,6608,Carouge (GE),4,20 000-49 999,pen_tim,Transport individuel motorisé (TIM),CI,Intervalle de confiance (+/-),18.5,,A,Valeur normale,2023,,28.04.2026,,28.04.2026,,,,POLG,Communes,06.04.2025,,DATASET_COMMENT,"Source: Office fédéral de la statistique – Pendularité (PEND), Relevé structurel (RS)

Les données concernent les 180 villes de la publication ""Statistiques des villes suisses"", constituées de 173 villes statistiques et de 7 autres membres de l'Union des villes suisses: Appenzell, Arosa, La Neuveville, Moutier, Morat, Willisau et Worb."
DATAFLOW,CH1.SSV:DF_SSV_MOB_COM(2026.1.0),"Statistiques des villes suisses 2026, pendulaires selon le principal moyen de transport",I,6645,Veyrier,2,10 000-14 999,pen_tim,Transport individuel motorisé (TIM),OBS,Valeur observée,1921,,A,Valeur normale,2023,,28.04.2026,,28.04.2026,,,,POLG,Communes,06.04.2025,,DATASET_COMMENT,"Source: Office fédéral de la statistique – Pendularité (PEND), Relevé structurel (RS)

Les données concernent les 180 villes de la publication ""Statistiques des villes suisses"", constituées de 173 villes statistiques et de 7 autres membres de l'Union des villes suisses: Appenzell, Arosa, La Neuveville, Moutier, Morat, Willisau et Worb."
DATAFLOW,CH1.SSV:DF_SSV_MOB_COM(2026.1.0),"Statistiques des villes suisses 2026, pendulaires selon le principal moyen de transport",I,2,Affoltern am Albis,2,10 000-14 999,pen_tim,Transport individuel motorisé (TIM),OBS,Valeur observée,2210,,A,Valeur normale,2023,,28.04.2026,,28.04.2026,,,,POLG,Communes,06.04.2025,,DATASET_COMMENT,"Source: Office fédéral de la statistique – Pendularité (PEND), Relevé structurel (RS)

Les données concernent les 180 villes de la publication ""Statistiques des villes suisses"", constituées de 173 villes statistiques et de 7 autres membres de l'Union des villes suisses: Appenzell, Arosa, La Neuveville, Moutier, Morat, Willisau et Worb."
DATAFLOW,CH1.SSV:DF_SSV_MOB_COM(2026.1.0),"Statistiques des villes suisses 2026, pendulaires selon le principal moyen de transport",I,53,Bülach,4,20 000-49 999,pen_tim,Transport individuel motorisé (TIM),CI,Intervalle de confiance (+/-),16.39,,A,Valeur normale,2023,,28.04.2026,,28.04.2026,,,,POLG,Communes,06.04.2025,,DATASET_COMMENT,"Source: Office fédéral de la statistique – Pendularité (PEND), Relevé structurel (RS)

Les données concernent les 180 villes de la publication ""Statistiques des villes suisses"", constituées de 173 villes statistiques et de 7 autres membres de l'Union des villes suisses: Appenzell, Arosa, La Neuveville, Moutier, Morat, Willisau et Worb."
DATAFLOW,CH1.SSV:DF_SSV_MOB_COM(2026.1.0),"Statistiques des villes suisses 2026, pendulaires selon le principal moyen de transport",I,97,Rümlang,1,moins de 10 000,pen_tim,Transport individuel motorisé (TIM),CI,Intervalle de confiance (+/-),27.68,,A,Valeur normale,2023,,28.04.2026,,28.04.2026,,,,POLG,Communes,06.04.2025,,DATASET_COMMENT,"Source: Office fédéral de la statistique – Pendularité (PEND), Relevé structurel (RS)

Les données concernent les 180 villes de la publication ""Statistiques des villes suisses"", constituées de 173 villes statistiques et de 7 autres membres de l'Union des villes suisses: Appenzell, Arosa, La Neuveville, Moutier, Morat, Willisau et Worb."
DATAFLOW,CH1.SSV:DF_SSV_MOB_COM(2026.1.0),"Statistiques des villes suisses 2026, pendulaires selon le principal moyen de transport",I,121,Wetzikon (ZH),4,20 000-49 999,pen_t,"Pendulaires, total",CI,Intervalle de confiance (+/-),11.2,,A,Valeur normale,2023,,28.04.2026,,28.04.2026,,,,POLG,Communes,06.04.2025,,DATASET_COMMENT,"Source: Office fédéral de la statistique – Pendularité (PEND), Relevé structurel (RS)

Les données concernent les 180 villes de la publication ""Statistiques des villes suisses"", constituées de 173 villes statistiques et de 7 autres membres de l'Union des villes suisses: Appenzell, Arosa, La Neuveville, Moutier, Morat, Willisau et Worb."
DATAFLOW,CH1.SSV:DF_SSV_MOB_COM(2026.1.0),"Statistiques des villes suisses 2026, pendulaires selon le principal moyen de transport",I,131,Adliswil,3,15 000-19 999,pen_t,"Pendulaires, total",CI,Intervalle de confiance (+/-),13.54,,A,Valeur normale,2023,,28.04.2026,,28.04.2026,,,,POLG,Communes,06.04.2025,,DATASET_COMMENT,"Source: Office fédéral de la statistique – Pendularité (PEND), Relevé structurel (RS)

Les données concernent les 180 villes de la publication ""Statistiques des villes suisses"", constituées de 173 villes statistiques et de 7 autres membres de l'Union des villes suisses: Appenzell, Arosa, La Neuveville, Moutier, Morat, Willisau et Worb."
DATAFLOW,CH1.SSV:DF_SSV_MOB_COM(2026.1.0),"Statistiques des villes suisses 2026, pendulaires selon le principal moyen de transport",I,161,Zollikon,2,10 000-14 999,pen_tp,Transport public (TP),CI,Intervalle de confiance (+/-),22.86,,A,Valeur normale,2023,,28.04.2026,,28.04.2026,,,,POLG,Communes,06.04.2025,,DATASET_COMMENT,"Source: Office fédéral de la statistique – Pendularité (PEND), Relevé structurel (RS)

Les données concernent les 180 villes de la publication ""Statistiques des villes suisses"", constituées de 173 villes statistiques et de 7 autres membres de l'Union des villes suisses: Appenzell, Arosa, La Neuveville, Moutier, Morat, Willisau et Worb."
DATAFLOW,CH1.SSV:DF_SSV_MOB_COM(2026.1.0),"Statistiques des villes suisses 2026, pendulaires selon le principal moyen de transport",I,243,Dietikon,4,20 000-49 999,pen_tim,Transport individuel motorisé (TIM),OBS,Valeur observée,4685,,A,Valeur normale,2023,,28.04.2026,,28.04.2026,,,,POLG,Communes,06.04.2025,,DATASET_COMMENT,"Source: Office fédéral de la statistique – Pendularité (PEND), Relevé structurel (RS)

Les données concernent les 180 villes de la publication ""Statistiques des villes suisses"", constituées de 173 villes statistiques et de 7 autres membres de l'Union des villes suisses: Appenzell, Arosa, La Neuveville, Moutier, Morat, Willisau et Worb."
DATAFLOW,CH1.SSV:DF_SSV_MOB_COM(2026.1.0),"Statistiques des villes suisses 2026, pendulaires selon le principal moyen de transport",I,296,Illnau-Effretikon,3,15 000-19 999,pen_tim,Transport individuel motorisé (TIM),OBS,Valeur observée,3632,,A,Valeur normale,2023,,28.04.2026,,28.04.2026,,,,POLG,Communes,06.04.2025,,DATASET_COMMENT,"Source: Office fédéral de la statistique – Pendularité (PEND), Relevé structurel (RS)

Les données concernent les 180 villes de la publication ""Statistiques des villes suisses"", constituées de 173 villes statistiques et de 7 autres membres de l'Union des villes suisses: Appenzell, Arosa, La Neuveville, Moutier, Morat, Willisau et Worb."
DATAFLOW,CH1.SSV:DF_SSV_MOB_COM(2026.1.0),"Statistiques des villes suisses 2026, pendulaires selon le principal moyen de transport",I,329,Langenthal,3,15 000-19 999,pen_t,"Pendulaires, total",CI,Intervalle de confiance (+/-),14.27,,A,Valeur normale,2023,,28.04.2026,,28.04.2026,,,,POLG,Communes,06.04.2025,,DATASET_COMMENT,"Source: Office fédéral de la statistique – Pendularité (PEND), Relevé structurel (RS)

Les données concernent les 180 villes de la publication ""Statistiques des villes suisses"", constituées de 173 villes statistiques et de 7 autres membres de l'Union des villes suisses: Appenzell, Arosa, La Neuveville, Moutier, Morat, Willisau et Worb."
DATAFLOW,CH1.SSV:DF_SSV_MOB_COM(2026.1.0),"Statistiques des villes suisses 2026, pendulaires selon le principal moyen de transport",I,351,Bern,6,100 000 et plus,pen_tp,Transport public (TP),CI,Intervalle de confiance (+/-),5.59,,A,Valeur normale,2023,,28.04.2026,,28.04.2026,,,,POLG,Communes,06.04.2025,,DATASET_COMMENT,"Source: Office fédéral de la statistique – Pendularité (PEND), Relevé structurel (RS)

Les données concernent les 180 villes de la publication ""Statistiques des villes suisses"", constituées de 173 villes statistiques et de 7 autres membres de l'Union des villes suisses: Appenzell, Arosa, La Neuveville, Moutier, Morat, Willisau et Worb."
DATAFLOW,CH1.SSV:DF_SSV_MOB_COM(2026.1.0),"Statistiques des villes suisses 2026, pendulaires selon le principal moyen de transport",I,355,Köniz,4,20 000-49 999,pen_t,"Pendulaires, total",OBS,Valeur observée,18528,,A,Valeur normale,2023,,28.04.2026,,28.04.2026,,,,POLG,Communes,06.04.2025,,DATASET_COMMENT,"Source: Office fédéral de la statistique – Pendularité (PEND), Relevé structurel (RS)

Les données concernent les 180 villes de la publication ""Statistiques des villes suisses"", constituées de 173 villes statistiques et de 7 autres membres de l'Union des villes suisses: Appenzell, Arosa, La Neuveville, Moutier, Morat, Willisau et Worb."
DATAFLOW,CH1.SSV:DF_SSV_MOB_COM(2026.1.0),"Statistiques des villes suisses 2026, pendulaires selon le principal moyen de transport",I,356,Muri bei Bern,2,10 000-14 999,pen_t,"Pendulaires, total",CI,Intervalle de confiance (+/-),16.2,,A,Valeur normale,2023,,28.04.2026,,28.04.2026,,,,POLG,Communes,06.04.2025,,DATASET_COMMENT,"Source: Office fédéral de la statistique – Pendularité (PEND), Relevé structurel (RS)

Les données concernent les 180 villes de la publication ""Statistiques des villes suisses"", constituées de 173 villes statistiques et de 7 autres membres de l'Union des villes suisses: Appenzell, Arosa, La Neuveville, Moutier, Morat, Willisau et Worb."
DATAFLOW,CH1.SSV:DF_SSV_MOB_COM(2026.1.0),"Statistiques des villes suisses 2026, pendulaires selon le principal moyen de transport",I,356,Muri bei Bern,2,10 000-14 999,pen_tp,Transport public (TP),CI,Intervalle de confiance (+/-),23.9,,A,Valeur normale,2023,,28.04.2026,,28.04.2026,,,,POLG,Communes,06.04.2025,,DATASET_COMMENT,"Source: Office fédéral de la statistique – Pendularité (PEND), Relevé structurel (RS)

Les données concernent les 180 villes de la publication ""Statistiques des villes suisses"", constituées de 173 villes statistiques et de 7 autres membres de l'Union des villes suisses: Appenzell, Arosa, La Neuveville, Moutier, Morat, Willisau et Worb."
DATAFLOW,CH1.SSV:DF_SSV_MOB_COM(2026.1.0),"Statistiques des villes suisses 2026, pendulaires selon le principal moyen de transport",I,581,Interlaken,1,moins de 10 000,pen_tim,Transport individuel motorisé (TIM),OBS,Valeur observée,997,,U,Faible fiabilité,2023,,28.04.2026,,28.04.2026,,,,POLG,Communes,06.04.2025,,DATASET_COMMENT,"Source: Office fédéral de la statistique – Pendularité (PEND), Relevé structurel (RS)

Les données concernent les 180 villes de la publication ""Statistiques des villes suisses"", constituées de 173 villes statistiques et de 7 autres membres de l'Union des villes suisses: Appenzell, Arosa, La Neuveville, Moutier, Morat, Willisau et Worb."
DATAFLOW,CH1.SSV:DF_SSV_MOB_COM(2026.1.0),"Statistiques des villes suisses 2026, pendulaires selon le principal moyen de transport",I,942,Thun,4,20 000-49 999,pen_tim,Transport individuel motorisé (TIM),OBS,Valeur observée,8171,,A,Valeur normale,2023,,28.04.2026,,28.04.2026,,,,POLG,Communes,06.04.2025,,DATASET_COMMENT,"Source: Office fédéral de la statistique – Pendularité (PEND), Relevé structurel (RS)

Les données concernent les 180 villes de la publication ""Statistiques des villes suisses"", constituées de 173 villes statistiques et de 7 autres membres de l'Union des villes suisses: Appenzell, Arosa, La Neuveville, Moutier, Morat, Willisau et Worb."
DATAFLOW,CH1.SSV:DF_SSV_MOB_COM(2026.1.0),"Statistiques des villes suisses 2026, pendulaires selon le principal moyen de transport",I,1031,Hochdorf,2,10 000-14 999,pen_t,"Pendulaires, total",CI,Intervalle de confiance (+/-),11.9,,A,Valeur normale,2023,,28.04.2026,,28.04.2026,,,,POLG,Communes,06.04.2025,,DATASET_COMMENT,"Source: Office fédéral de la statistique – Pendularité (PEND), Relevé structurel (RS)

Les données concernent les 180 villes de la publication ""Statistiques des villes suisses"", constituées de 173 villes statistiques et de 7 autres membres de l'Union des villes suisses: Appenzell, Arosa, La Neuveville, Moutier, Morat, Willisau et Worb."
DATAFLOW,CH1.SSV:DF_SSV_MOB_COM(2026.1.0),"Statistiques des villes suisses 2026, pendulaires selon le principal moyen de transport",I,1059,Kriens,4,20 000-49 999,pen_tim,Transport individuel motorisé (TIM),CI,Intervalle de confiance (+/-),11.27,,A,Valeur normale,2023,,28.04.2026,,28.04.2026,,,,POLG,Communes,06.04.2025,,DATASET_COMMENT,"Source: Office fédéral de la statistique – Pendularité (PEND), Relevé structurel (RS)

Les données concernent les 180 villes de la publication ""Statistiques des villes suisses"", constituées de 173 villes statistiques et de 7 autres membres de l'Union des villes suisses: Appenzell, Arosa, La Neuveville, Moutier, Morat, Willisau et Worb."
DATAFLOW,CH1.SSV:DF_SSV_MOB_COM(2026.1.0),"Statistiques des villes suisses 2026, pendulaires selon le principal moyen de transport",I,1103,Sursee,2,10 000-14 999,pen_tim,Transport individuel motorisé (TIM),CI,Intervalle de confiance (+/-),17.4,,A,Valeur normale,2023,,28.04.2026,,28.04.2026,,,,POLG,Communes,06.04.2025,,DATASET_COMMENT,"Source: Office fédéral de la statistique – Pendularité (PEND), Relevé structurel (RS)

Les données concernent les 180 villes de la publication ""Statistiques des villes suisses"", constituées de 173 villes statistiques et de 7 autres membres de l'Union des villes suisses: Appenzell, Arosa, La Neuveville, Moutier, Morat, Willisau et Worb."
DATAFLOW,CH1.SSV:DF_SSV_MOB_COM(2026.1.0),"Statistiques des villes suisses 2026, pendulaires selon le principal moyen de transport",I,1151,Willisau,1,moins de 10 000,pen_tp,Transport public (TP),OBS,Valeur observée,572,,U,Faible fiabilité,2023,,28.04.2026,,28.04.2026,,,,POLG,Communes,06.04.2025,,DATASET_COMMENT,"Source: Office fédéral de la statistique – Pendularité (PEND), Relevé structurel (RS)

Les données concernent les 180 villes de la publication ""Statistiques des villes suisses"", constituées de 173 villes statistiques et de 7 autres membres de l'Union des villes suisses: Appenzell, Arosa, La Neuveville, Moutier, Morat, Willisau et Worb."
DATAFLOW,CH1.SSV:DF_SSV_MOB_COM(2026.1.0),"Statistiques des villes suisses 2026, pendulaires selon le principal moyen de transport",I,1151,Willisau,1,moins de 10 000,pen_tim,Transport individuel motorisé (TIM),CI,Intervalle de confiance (+/-),16.33,,A,Valeur normale,2023,,28.04.2026,,28.04.2026,,,,POLG,Communes,06.04.2025,,DATASET_COMMENT,"Source: Office fédéral de la statistique – Pendularité (PEND), Relevé structurel (RS)

Les données concernent les 180 villes de la publication ""Statistiques des villes suisses"", constituées de 173 villes statistiques et de 7 autres membres de l'Union des villes suisses: Appenzell, Arosa, La Neuveville, Moutier, Morat, Willisau et Worb."
DATAFLOW,CH1.SSV:DF_SSV_MOB_COM(2026.1.0),"Statistiques des villes suisses 2026, pendulaires selon le principal moyen de transport",I,1372,Schwyz,3,15 000-19 999,pen_tim,Transport individuel motorisé (TIM),OBS,Valeur observée,4145,,A,Valeur normale,2023,,28.04.2026,,28.04.2026,,,,POLG,Communes,06.04.2025,,DATASET_COMMENT,"Source: Office fédéral de la statistique – Pendularité (PEND), Relevé structurel (RS)

Les données concernent les 180 villes de la publication ""Statistiques des villes suisses"", constituées de 173 villes statistiques et de 7 autres membres de l'Union des villes suisses: Appenzell, Arosa, La Neuveville, Moutier, Morat, Willisau et Worb."
DATAFLOW,CH1.SSV:DF_SSV_MOB_COM(2026.1.0),"Statistiques des villes suisses 2026, pendulaires selon le principal moyen de transport",I,1630,Glarus Nord,3,15 000-19 999,pen_tp,Transport public (TP),OBS,Valeur observée,1218,,U,Faible fiabilité,2023,,28.04.2026,,28.04.2026,,,,POLG,Communes,06.04.2025,,DATASET_COMMENT,"Source: Office fédéral de la statistique – Pendularité (PEND), Relevé structurel (RS)

Les données concernent les 180 villes de la publication ""Statistiques des villes suisses"", constituées de 173 villes statistiques et de 7 autres membres de l'Union des villes suisses: Appenzell, Arosa, La Neuveville, Moutier, Morat, Willisau et Worb."
DATAFLOW,CH1.SSV:DF_SSV_MOB_COM(2026.1.0),"Statistiques des villes suisses 2026, pendulaires selon le principal moyen de transport",I,1630,Glarus Nord,3,15 000-19 999,pen_tim,Transport individuel motorisé (TIM),CI,Intervalle de confiance (+/-),16.73,,A,Valeur normale,2023,,28.04.2026,,28.04.2026,,,,POLG,Communes,06.04.2025,,DATASET_COMMENT,"Source: Office fédéral de la statistique – Pendularité (PEND), Relevé structurel (RS)

Les données concernent les 180 villes de la publication ""Statistiques des villes suisses"", constituées de 173 villes statistiques et de 7 autres membres de l'Union des villes suisses: Appenzell, Arosa, La Neuveville, Moutier, Morat, Willisau et Worb."
DATAFLOW,CH1.SSV:DF_SSV_MOB_COM(2026.1.0),"Statistiques des villes suisses 2026, pendulaires selon le principal moyen de transport",I,1708,Steinhausen,2,10 000-14 999,pen_t,"Pendulaires, total",OBS,Valeur observée,4231,,A,Valeur normale,2023,,28.04.2026,,28.04.2026,,,,POLG,Communes,06.04.2025,,DATASET_COMMENT,"Source: Office fédéral de la statistique – Pendularité (PEND), Relevé structurel (RS)

Les données concernent les 180 villes de la publication ""Statistiques des villes suisses"", constituées de 173 villes statistiques et de 7 autres membres de l'Union des villes suisses: Appenzell, Arosa, La Neuveville, Moutier, Morat, Willisau et Worb."
DATAFLOW,CH1.SSV:DF_SSV_MOB_COM(2026.1.0),"Statistiques des villes suisses 2026, pendulaires selon le principal moyen de transport",I,1708,Steinhausen,2,10 000-14 999,pen_tp,Transport public (TP),OBS,Valeur observée,1252,,A,Valeur normale,2023,,28.04.2026,,28.04.2026,,,,POLG,Communes,06.04.2025,,DATASET_COMMENT,"Source: Office fédéral de la statistique – Pendularité (PEND), Relevé structurel (RS)

Les données concernent les 180 villes de la publication ""Statistiques des villes suisses"", constituées de 173 villes statistiques et de 7 autres membres de l'Union des villes suisses: Appenzell, Arosa, La Neuveville, Moutier, Morat, Willisau et Worb."
DATAFLOW,CH1.SSV:DF_SSV_MOB_COM(2026.1.0),"Statistiques des villes suisses 2026, pendulaires selon le principal moyen de transport",I,1708,Steinhausen,2,10 000-14 999,pen_tim,Transport individuel motorisé (TIM),CI,Intervalle de confiance (+/-),16.73,,A,Valeur normale,2023,,28.04.2026,,28.04.2026,,,,POLG,Communes,06.04.2025,,DATASET_COMMENT,"Source: Office fédéral de la statistique – Pendularité (PEND), Relevé structurel (RS)

Les données concernent les 180 villes de la publication ""Statistiques des villes suisses"", constituées de 173 villes statistiques et de 7 autres membres de l'Union des villes suisses: Appenzell, Arosa, La Neuveville, Moutier, Morat, Willisau et Worb."
DATAFLOW,CH1.SSV:DF_SSV_MOB_COM(2026.1.0),"Statistiques des villes suisses 2026, pendulaires selon le principal moyen de transport",I,2546,Grenchen,3,15 000-19 999,pen_tp,Transport public (TP),OBS,Valeur observée,1194,,U,Faible fiabilité,2023,,28.04.2026,,28.04.2026,,,,POLG,Communes,06.04.2025,,DATASET_COMMENT,"Source: Office fédéral de la statistique – Pendularité (PEND), Relevé structurel (RS)

Les données concernent les 180 villes de la publication ""Statistiques des villes suisses"", constituées de 173 villes statistiques et de 7 autres membres de l'Union des villes suisses: Appenzell, Arosa, La Neuveville, Moutier, Morat, Willisau et Worb."
DATAFLOW,CH1.SSV:DF_SSV_MOB_COM(2026.1.0),"Statistiques des villes suisses 2026, pendulaires selon le principal moyen de transport",I,2546,Grenchen,3,15 000-19 999,pen_tim,Transport individuel motorisé (TIM),OBS,Valeur observée,4311,,A,Valeur normale,2023,,28.04.2026,,28.04.2026,,,,POLG,Communes,06.04.2025,,DATASET_COMMENT,"Source: Office fédéral de la statistique – Pendularité (PEND), Relevé structurel (RS)

Les données concernent les 180 villes de la publication ""Statistiques des villes suisses"", constituées de 173 villes statistiques et de 7 autres membres de l'Union des villes suisses: Appenzell, Arosa, La Neuveville, Moutier, Morat, Willisau et Worb."
DATAFLOW,CH1.SSV:DF_SSV_MOB_COM(2026.1.0),"Statistiques des villes suisses 2026, pendulaires selon le principal moyen de transport",I,2701,Basel,6,100 000 et plus,pen_t,"Pendulaires, total",CI,Intervalle de confiance (+/-),3.33,,A,Valeur normale,2023,,28.04.2026,,28.04.2026,,,,POLG,Communes,06.04.2025,,DATASET_COMMENT,"Source: Office fédéral de la statistique – Pendularité (PEND), Relevé structurel (RS)

Les données concernent les 180 villes de la publication ""Statistiques des villes suisses"", constituées de 173 villes statistiques et de 7 autres membres de l'Union des villes suisses: Appenzell, Arosa, La Neuveville, Moutier, Morat, Willisau et Worb."
DATAFLOW,CH1.SSV:DF_SSV_MOB_COM(2026.1.0),"Statistiques des villes suisses 2026, pendulaires selon le principal moyen de transport",I,2701,Basel,6,100 000 et plus,pen_tp,Transport public (TP),CI,Intervalle de confiance (+/-),5.93,,A,Valeur normale,2023,,28.04.2026,,28.04.2026,,,,POLG,Communes,06.04.2025,,DATASET_COMMENT,"Source: Office fédéral de la statistique – Pendularité (PEND), Relevé structurel (RS)

Les données concernent les 180 villes de la publication ""Statistiques des villes suisses"", constituées de 173 villes statistiques et de 7 autres membres de l'Union des villes suisses: Appenzell, Arosa, La Neuveville, Moutier, Morat, Willisau et Worb."
DATAFLOW,CH1.SSV:DF_SSV_MOB_COM(2026.1.0),"Statistiques des villes suisses 2026, pendulaires selon le principal moyen de transport",I,2771,Oberwil (BL),2,10 000-14 999,pen_t,"Pendulaires, total",OBS,Valeur observée,4197,,A,Valeur normale,2023,,28.04.2026,,28.04.2026,,,,POLG,Communes,06.04.2025,,DATASET_COMMENT,"Source: Office fédéral de la statistique – Pendularité (PEND), Relevé structurel (RS)

Les données concernent les 180 villes de la publication ""Statistiques des villes suisses"", constituées de 173 villes statistiques et de 7 autres membres de l'Union des villes suisses: Appenzell, Arosa, La Neuveville, Moutier, Morat, Willisau et Worb."
DATAFLOW,CH1.SSV:DF_SSV_MOB_COM(2026.1.0),"Statistiques des villes suisses 2026, pendulaires selon le principal moyen de transport",I,2771,Oberwil (BL),2,10 000-14 999,pen_tp,Transport public (TP),CI,Intervalle de confiance (+/-),31.1,,U,Faible fiabilité,2023,,28.04.2026,,28.04.2026,,,,POLG,Communes,06.04.2025,,DATASET_COMMENT,"Source: Office fédéral de la statistique – Pendularité (PEND), Relevé structurel (RS)

Les données concernent les 180 villes de la publication ""Statistiques des villes suisses"", constituées de 173 villes statistiques et de 7 autres membres de l'Union des villes suisses: Appenzell, Arosa, La Neuveville, Moutier, Morat, Willisau et Worb."
DATAFLOW,CH1.SSV:DF_SSV_MOB_COM(2026.1.0),"Statistiques des villes suisses 2026, pendulaires selon le principal moyen de transport",I,2771,Oberwil (BL),2,10 000-14 999,pen_tim,Transport individuel motorisé (TIM),CI,Intervalle de confiance (+/-),27.88,,U,Faible fiabilité,2023,,28.04.2026,,28.04.2026,,,,POLG,Communes,06.04.2025,,DATASET_COMMENT,"Source: Office fédéral de la statistique – Pendularité (PEND), Relevé structurel (RS)

Les données concernent les 180 villes de la publication ""Statistiques des villes suisses"", constituées de 173 villes statistiques et de 7 autres membres de l'Union des villes suisses: Appenzell, Arosa, La Neuveville, Moutier, Morat, Willisau et Worb."
DATAFLOW,CH1.SSV:DF_SSV_MOB_COM(2026.1.0),"Statistiques des villes suisses 2026, pendulaires selon le principal moyen de transport",I,2937,Neuhausen am Rheinfall,2,10 000-14 999,pen_tp,Transport public (TP),CI,Intervalle de confiance (+/-),32.72,,U,Faible fiabilité,2023,,28.04.2026,,28.04.2026,,,,POLG,Communes,06.04.2025,,DATASET_COMMENT,"Source: Office fédéral de la statistique – Pendularité (PEND), Relevé structurel (RS)

Les données concernent les 180 villes de la publication ""Statistiques des villes suisses"", constituées de 173 villes statistiques et de 7 autres membres de l'Union des villes suisses: Appenzell, Arosa, La Neuveville, Moutier, Morat, Willisau et Worb."
DATAFLOW,CH1.SSV:DF_SSV_MOB_COM(2026.1.0),"Statistiques des villes suisses 2026, pendulaires selon le principal moyen de transport",I,2939,Schaffhausen,4,20 000-49 999,pen_t,"Pendulaires, total",CI,Intervalle de confiance (+/-),8.69,,A,Valeur normale,2023,,28.04.2026,,28.04.2026,,,,POLG,Communes,06.04.2025,,DATASET_COMMENT,"Source: Office fédéral de la statistique – Pendularité (PEND), Relevé structurel (RS)

Les données concernent les 180 villes de la publication ""Statistiques des villes suisses"", constituées de 173 villes statistiques et de 7 autres membres de l'Union des villes suisses: Appenzell, Arosa, La Neuveville, Moutier, Morat, Willisau et Worb."
DATAFLOW,CH1.SSV:DF_SSV_MOB_COM(2026.1.0),"Statistiques des villes suisses 2026, pendulaires selon le principal moyen de transport",I,2939,Schaffhausen,4,20 000-49 999,pen_tp,Transport public (TP),CI,Intervalle de confiance (+/-),15.15,,A,Valeur normale,2023,,28.04.2026,,28.04.2026,,,,POLG,Communes,06.04.2025,,DATASET_COMMENT,"Source: Office fédéral de la statistique – Pendularité (PEND), Relevé structurel (RS)

Les données concernent les 180 villes de la publication ""Statistiques des villes suisses"", constituées de 173 villes statistiques et de 7 autres membres de l'Union des villes suisses: Appenzell, Arosa, La Neuveville, Moutier, Morat, Willisau et Worb."
DATAFLOW,CH1.SSV:DF_SSV_MOB_COM(2026.1.0),"Statistiques des villes suisses 2026, pendulaires selon le principal moyen de transport",I,3215,Rorschach,1,moins de 10 000,pen_t,"Pendulaires, total",OBS,Valeur observée,3595,,A,Valeur normale,2023,,28.04.2026,,28.04.2026,,,,POLG,Communes,06.04.2025,,DATASET_COMMENT,"Source: Office fédéral de la statistique – Pendularité (PEND), Relevé structurel (RS)

Les données concernent les 180 villes de la publication ""Statistiques des villes suisses"", constituées de 173 villes statistiques et de 7 autres membres de l'Union des villes suisses: Appenzell, Arosa, La Neuveville, Moutier, Morat, Willisau et Worb."
DATAFLOW,CH1.SSV:DF_SSV_MOB_COM(2026.1.0),"Statistiques des villes suisses 2026, pendulaires selon le principal moyen de transport",I,3251,Altstätten,2,10 000-14 999,pen_tim,Transport individuel motorisé (TIM),OBS,Valeur observée,4151,,A,Valeur normale,2023,,28.04.2026,,28.04.2026,,,,POLG,Communes,06.04.2025,,DATASET_COMMENT,"Source: Office fédéral de la statistique – Pendularité (PEND), Relevé structurel (RS)

Les données concernent les 180 villes de la publication ""Statistiques des villes suisses"", constituées de 173 villes statistiques et de 7 autres membres de l'Union des villes suisses: Appenzell, Arosa, La Neuveville, Moutier, Morat, Willisau et Worb."
DATAFLOW,CH1.SSV:DF_SSV_MOB_COM(2026.1.0),"Statistiques des villes suisses 2026, pendulaires selon le principal moyen de transport",I,3408,Uzwil,2,10 000-14 999,pen_tim,Transport individuel motorisé (TIM),OBS,Valeur observée,3679,,A,Valeur normale,2023,,28.04.2026,,28.04.2026,,,,POLG,Communes,06.04.2025,,DATASET_COMMENT,"Source: Office fédéral de la statistique – Pendularité (PEND), Relevé structurel (RS)

Les données concernent les 180 villes de la publication ""Statistiques des villes suisses"", constituées de 173 villes statistiques et de 7 autres membres de l'Union des villes suisses: Appenzell, Arosa, La Neuveville, Moutier, Morat, Willisau et Worb."
DATAFLOW,CH1.SSV:DF_SSV_MOB_COM(2026.1.0),"Statistiques des villes suisses 2026, pendulaires selon le principal moyen de transport",I,3427,Wil (SG),4,20 000-49 999,pen_t,"Pendulaires, total",CI,Intervalle de confiance (+/-),11.69,,A,Valeur normale,2023,,28.04.2026,,28.04.2026,,,,POLG,Communes,06.04.2025,,DATASET_COMMENT,"Source: Office fédéral de la statistique – Pendularité (PEND), Relevé structurel (RS)

Les données concernent les 180 villes de la publication ""Statistiques des villes suisses"", constituées de 173 villes statistiques et de 7 autres membres de l'Union des villes suisses: Appenzell, Arosa, La Neuveville, Moutier, Morat, Willisau et Worb."
DATAFLOW,CH1.SSV:DF_SSV_MOB_COM(2026.1.0),"Statistiques des villes suisses 2026, pendulaires selon le principal moyen de transport",I,3921,Arosa,1,moins de 10 000,pen_t,"Pendulaires, total",OBS,Valeur observée,1446,,U,Faible fiabilité,2023,,28.04.2026,,28.04.2026,,,,POLG,Communes,06.04.2025,,DATASET_COMMENT,"Source: Office fédéral de la statistique – Pendularité (PEND), Relevé structurel (RS)

Les données concernent les 180 villes de la publication ""Statistiques des villes suisses"", constituées de 173 villes statistiques et de 7 autres membres de l'Union des villes suisses: Appenzell, Arosa, La Neuveville, Moutier, Morat, Willisau et Worb."
DATAFLOW,CH1.SSV:DF_SSV_MOB_COM(2026.1.0),"Statistiques des villes suisses 2026, pendulaires selon le principal moyen de transport",I,3921,Arosa,1,moins de 10 000,pen_tp,Transport public (TP),CI,Intervalle de confiance (+/-),68.74,,U,Faible fiabilité,2023,,28.04.2026,,28.04.2026,,,,POLG,Communes,06.04.2025,,DATASET_COMMENT,"Source: Office fédéral de la statistique – Pendularité (PEND), Relevé structurel (RS)

Les données concernent les 180 villes de la publication ""Statistiques des villes suisses"", constituées de 173 villes statistiques et de 7 autres membres de l'Union des villes suisses: Appenzell, Arosa, La Neuveville, Moutier, Morat, Willisau et Worb."
DATAFLOW,CH1.SSV:DF_SSV_MOB_COM(2026.1.0),"Statistiques des villes suisses 2026, pendulaires selon le principal moyen de transport",I,4001,Aarau,4,20 000-49 999,pen_tim,Transport individuel motorisé (TIM),OBS,Valeur observée,3500,,A,Valeur normale,2023,,28.04.2026,,28.04.2026,,,,POLG,Communes,06.04.2025,,DATASET_COMMENT,"Source: Office fédéral de la statistique – Pendularité (PEND), Relevé structurel (RS)

Les données concernent les 180 villes de la publication ""Statistiques des villes suisses"", constituées de 173 villes statistiques et de 7 autres membres de l'Union des villes suisses: Appenzell, Arosa, La Neuveville, Moutier, Morat, Willisau et Worb."
DATAFLOW,CH1.SSV:DF_SSV_MOB_COM(2026.1.0),"Statistiques des villes suisses 2026, pendulaires selon le principal moyen de transport",I,4040,Spreitenbach,2,10 000-14 999,pen_t,"Pendulaires, total",OBS,Valeur observée,4736,,A,Valeur normale,2023,,28.04.2026,,28.04.2026,,,,POLG,Communes,06.04.2025,,DATASET_COMMENT,"Source: Office fédéral de la statistique – Pendularité (PEND), Relevé structurel (RS)

Les données concernent les 180 villes de la publication ""Statistiques des villes suisses"", constituées de 173 villes statistiques et de 7 autres membres de l'Union des villes suisses: Appenzell, Arosa, La Neuveville, Moutier, Morat, Willisau et Worb."
DATAFLOW,CH1.SSV:DF_SSV_MOB_COM(2026.1.0),"Statistiques des villes suisses 2026, pendulaires selon le principal moyen de transport",I,4040,Spreitenbach,2,10 000-14 999,pen_tp,Transport public (TP),CI,Intervalle de confiance (+/-),21.44,,A,Valeur normale,2023,,28.04.2026,,28.04.2026,,,,POLG,Communes,06.04.2025,,DATASET_COMMENT,"Source: Office fédéral de la statistique – Pendularité (PEND), Relevé structurel (RS)

Les données concernent les 180 villes de la publication ""Statistiques des villes suisses"", constituées de 173 villes statistiques et de 7 autres membres de l'Union des villes suisses: Appenzell, Arosa, La Neuveville, Moutier, Morat, Willisau et Worb."
DATAFLOW,CH1.SSV:DF_SSV_MOB_COM(2026.1.0),"Statistiques des villes suisses 2026, pendulaires selon le principal moyen de transport",I,5113,Locarno,3,15 000-19 999,pen_t,"Pendulaires, total",OBS,Valeur observée,5459,,A,Valeur normale,2023,,28.04.2026,,28.04.2026,,,,POLG,Communes,06.04.2025,,DATASET_COMMENT,"Source: Office fédéral de la statistique – Pendularité (PEND), Relevé structurel (RS)

Les données concernent les 180 villes de la publication ""Statistiques des villes suisses"", constituées de 173 villes statistiques et de 7 autres membres de l'Union des villes suisses: Appenzell, Arosa, La Neuveville, Moutier, Morat, Willisau et Worb."
DATAFLOW,CH1.SSV:DF_SSV_MOB_COM(2026.1.0),"Statistiques des villes suisses 2026, pendulaires selon le principal moyen de transport",I,5192,Lugano,5,50 000-99 999,pen_tim,Transport individuel motorisé (TIM),CI,Intervalle de confiance (+/-),7.56,,A,Valeur normale,2023,,28.04.2026,,28.04.2026,,,,POLG,Communes,06.04.2025,,DATASET_COMMENT,"Source: Office fédéral de la statistique – Pendularité (PEND), Relevé structurel (RS)

Les données concernent les 180 villes de la publication ""Statistiques des villes suisses"", constituées de 173 villes statistiques et de 7 autres membres de l'Union des villes suisses: Appenzell, Arosa, La Neuveville, Moutier, Morat, Willisau et Worb."
DATAFLOW,CH1.SSV:DF_SSV_MOB_COM(2026.1.0),"Statistiques des villes suisses 2026, pendulaires selon le principal moyen de transport",I,5587,Le Mont-sur-Lausanne,1,moins de 10 000,pen_t,"Pendulaires, total",CI,Intervalle de confiance (+/-),12.86,,A,Valeur normale,2023,,28.04.2026,,28.04.2026,,,,POLG,Communes,06.04.2025,,DATASET_COMMENT,"Source: Office fédéral de la statistique – Pendularité (PEND), Relevé structurel (RS)

Les données concernent les 180 villes de la publication ""Statistiques des villes suisses"", constituées de 173 villes statistiques et de 7 autres membres de l'Union des villes suisses: Appenzell, Arosa, La Neuveville, Moutier, Morat, Willisau et Worb."
DATAFLOW,CH1.SSV:DF_SSV_MOB_COM(2026.1.0),"Statistiques des villes suisses 2026, pendulaires selon le principal moyen de transport",I,5589,Prilly,2,10 000-14 999,pen_tim,Transport individuel motorisé (TIM),OBS,Valeur observée,1722,,A,Valeur normale,2023,,28.04.2026,,28.04.2026,,,,POLG,Communes,06.04.2025,,DATASET_COMMENT,"Source: Office fédéral de la statistique – Pendularité (PEND), Relevé structurel (RS)

Les données concernent les 180 villes de la publication ""Statistiques des villes suisses"", constituées de 173 villes statistiques et de 7 autres membres de l'Union des villes suisses: Appenzell, Arosa, La Neuveville, Moutier, Morat, Willisau et Worb."
DATAFLOW,CH1.SSV:DF_SSV_MOB_COM(2026.1.0),"Statistiques des villes suisses 2026, pendulaires selon le principal moyen de transport",I,5624,Bussigny,2,10 000-14 999,pen_t,"Pendulaires, total",OBS,Valeur observée,4496,,A,Valeur normale,2023,,28.04.2026,,28.04.2026,,,,POLG,Communes,06.04.2025,,DATASET_COMMENT,"Source: Office fédéral de la statistique – Pendularité (PEND), Relevé structurel (RS)

Les données concernent les 180 villes de la publication ""Statistiques des villes suisses"", constituées de 173 villes statistiques et de 7 autres membres de l'Union des villes suisses: Appenzell, Arosa, La Neuveville, Moutier, Morat, Willisau et Worb."
DATAFLOW,CH1.SSV:DF_SSV_MOB_COM(2026.1.0),"Statistiques des villes suisses 2026, pendulaires selon le principal moyen de transport",I,5624,Bussigny,2,10 000-14 999,pen_tp,Transport public (TP),CI,Intervalle de confiance (+/-),20.08,,A,Valeur normale,2023,,28.04.2026,,28.04.2026,,,,POLG,Communes,06.04.2025,,DATASET_COMMENT,"Source: Office fédéral de la statistique – Pendularité (PEND), Relevé structurel (RS)

Les données concernent les 180 villes de la publication ""Statistiques des villes suisses"", constituées de 173 villes statistiques et de 7 autres membres de l'Union des villes suisses: Appenzell, Arosa, La Neuveville, Moutier, Morat, Willisau et Worb."
DATAFLOW,CH1.SSV:DF_SSV_MOB_COM(2026.1.0),"Statistiques des villes suisses 2026, pendulaires selon le principal moyen de transport",I,5635,Ecublens (VD),2,10 000-14 999,pen_tim,Transport individuel motorisé (TIM),OBS,Valeur observée,2306,,A,Valeur normale,2023,,28.04.2026,,28.04.2026,,,,POLG,Communes,06.04.2025,,DATASET_COMMENT,"Source: Office fédéral de la statistique – Pendularité (PEND), Relevé structurel (RS)

Les données concernent les 180 villes de la publication ""Statistiques des villes suisses"", constituées de 173 villes statistiques et de 7 autres membres de l'Union des villes suisses: Appenzell, Arosa, La Neuveville, Moutier, Morat, Willisau et Worb."
DATAFLOW,CH1.SSV:DF_SSV_MOB_COM(2026.1.0),"Statistiques des villes suisses 2026, pendulaires selon le principal moyen de transport",I,5642,Morges,3,15 000-19 999,pen_tim,Transport individuel motorisé (TIM),OBS,Valeur observée,2499,,A,Valeur normale,2023,,28.04.2026,,28.04.2026,,,,POLG,Communes,06.04.2025,,DATASET_COMMENT,"Source: Office fédéral de la statistique – Pendularité (PEND), Relevé structurel (RS)

Les données concernent les 180 villes de la publication ""Statistiques des villes suisses"", constituées de 173 villes statistiques et de 7 autres membres de l'Union des villes suisses: Appenzell, Arosa, La Neuveville, Moutier, Morat, Willisau et Worb."
DATAFLOW,CH1.SSV:DF_SSV_MOB_COM(2026.1.0),"Statistiques des villes suisses 2026, pendulaires selon le principal moyen de transport",I,5724,Nyon,4,20 000-49 999,pen_tp,Transport public (TP),OBS,Valeur observée,4313,,A,Valeur normale,2023,,28.04.2026,,28.04.2026,,,,POLG,Communes,06.04.2025,,DATASET_COMMENT,"Source: Office fédéral de la statistique – Pendularité (PEND), Relevé structurel (RS)

Les données concernent les 180 villes de la publication ""Statistiques des villes suisses"", constituées de 173 villes statistiques et de 7 autres membres de l'Union des villes suisses: Appenzell, Arosa, La Neuveville, Moutier, Morat, Willisau et Worb."
DATAFLOW,CH1.SSV:DF_SSV_MOB_COM(2026.1.0),"Statistiques des villes suisses 2026, pendulaires selon le principal moyen de transport",I,5724,Nyon,4,20 000-49 999,pen_tim,Transport individuel motorisé (TIM),CI,Intervalle de confiance (+/-),13.97,,A,Valeur normale,2023,,28.04.2026,,28.04.2026,,,,POLG,Communes,06.04.2025,,DATASET_COMMENT,"Source: Office fédéral de la statistique – Pendularité (PEND), Relevé structurel (RS)

Les données concernent les 180 villes de la publication ""Statistiques des villes suisses"", constituées de 173 villes statistiques et de 7 autres membres de l'Union des villes suisses: Appenzell, Arosa, La Neuveville, Moutier, Morat, Willisau et Worb."
DATAFLOW,CH1.SSV:DF_SSV_MOB_COM(2026.1.0),"Statistiques des villes suisses 2026, pendulaires selon le principal moyen de transport",I,5822,Payerne,2,10 000-14 999,pen_tp,Transport public (TP),OBS,Valeur observée,425,,U,Faible fiabilité,2023,,28.04.2026,,28.04.2026,,,,POLG,Communes,06.04.2025,,DATASET_COMMENT,"Source: Office fédéral de la statistique – Pendularité (PEND), Relevé structurel (RS)

Les données concernent les 180 villes de la publication ""Statistiques des villes suisses"", constituées de 173 villes statistiques et de 7 autres membres de l'Union des villes suisses: Appenzell, Arosa, La Neuveville, Moutier, Morat, Willisau et Worb."
DATAFLOW,CH1.SSV:DF_SSV_MOB_COM(2026.1.0),"Statistiques des villes suisses 2026, pendulaires selon le principal moyen de transport",I,5889,La Tour-de-Peilz,2,10 000-14 999,pen_tim,Transport individuel motorisé (TIM),CI,Intervalle de confiance (+/-),18.44,,A,Valeur normale,2023,,28.04.2026,,28.04.2026,,,,POLG,Communes,06.04.2025,,DATASET_COMMENT,"Source: Office fédéral de la statistique – Pendularité (PEND), Relevé structurel (RS)

Les données concernent les 180 villes de la publication ""Statistiques des villes suisses"", constituées de 173 villes statistiques et de 7 autres membres de l'Union des villes suisses: Appenzell, Arosa, La Neuveville, Moutier, Morat, Willisau et Worb."
DATAFLOW,CH1.SSV:DF_SSV_MOB_COM(2026.1.0),"Statistiques des villes suisses 2026, pendulaires selon le principal moyen de transport",I,6002,Brig-Glis,2,10 000-14 999,pen_t,"Pendulaires, total",CI,Intervalle de confiance (+/-),15.74,,A,Valeur normale,2023,,28.04.2026,,28.04.2026,,,,POLG,Communes,06.04.2025,,DATASET_COMMENT,"Source: Office fédéral de la statistique – Pendularité (PEND), Relevé structurel (RS)

Les données concernent les 180 villes de la publication ""Statistiques des villes suisses"", constituées de 173 villes statistiques et de 7 autres membres de l'Union des villes suisses: Appenzell, Arosa, La Neuveville, Moutier, Morat, Willisau et Worb."
DATAFLOW,CH1.SSV:DF_SSV_MOB_COM(2026.1.0),"Statistiques des villes suisses 2026, pendulaires selon le principal moyen de transport",I,6153,Monthey,3,15 000-19 999,pen_tim,Transport individuel motorisé (TIM),OBS,Valeur observée,5035,,A,Valeur normale,2023,,28.04.2026,,28.04.2026,,,,POLG,Communes,06.04.2025,,DATASET_COMMENT,"Source: Office fédéral de la statistique – Pendularité (PEND), Relevé structurel (RS)

Les données concernent les 180 villes de la publication ""Statistiques des villes suisses"", constituées de 173 villes statistiques et de 7 autres membres de l'Union des villes suisses: Appenzell, Arosa, La Neuveville, Moutier, Morat, Willisau et Worb."
DATAFLOW,CH1.SSV:DF_SSV_MOB_COM(2026.1.0),"Statistiques des villes suisses 2026, pendulaires selon le principal moyen de transport",I,6266,Sion,4,20 000-49 999,pen_tp,Transport public (TP),CI,Intervalle de confiance (+/-),21.95,,A,Valeur normale,2023,,28.04.2026,,28.04.2026,,,,POLG,Communes,06.04.2025,,DATASET_COMMENT,"Source: Office fédéral de la statistique – Pendularité (PEND), Relevé structurel (RS)

Les données concernent les 180 villes de la publication ""Statistiques des villes suisses"", constituées de 173 villes statistiques et de 7 autres membres de l'Union des villes suisses: Appenzell, Arosa, La Neuveville, Moutier, Morat, Willisau et Worb."
DATAFLOW,CH1.SSV:DF_SSV_MOB_COM(2026.1.0),"Statistiques des villes suisses 2026, pendulaires selon le principal moyen de transport",I,6436,Le Locle,2,10 000-14 999,pen_tim,Transport individuel motorisé (TIM),OBS,Valeur observée,2395,,A,Valeur normale,2023,,28.04.2026,,28.04.2026,,,,POLG,Communes,06.04.2025,,DATASET_COMMENT,"Source: Office fédéral de la statistique – Pendularité (PEND), Relevé structurel (RS)

Les données concernent les 180 villes de la publication ""Statistiques des villes suisses"", constituées de 173 villes statistiques et de 7 autres membres de l'Union des villes suisses: Appenzell, Arosa, La Neuveville, Moutier, Morat, Willisau et Worb."
DATAFLOW,CH1.SSV:DF_SSV_MOB_COM(2026.1.0),"Statistiques des villes suisses 2026, pendulaires selon le principal moyen de transport",I,6458,Neuchâtel,4,20 000-49 999,pen_tim,Transport individuel motorisé (TIM),CI,Intervalle de confiance (+/-),8.84,,A,Valeur normale,2023,,28.04.2026,,28.04.2026,,,,POLG,Communes,06.04.2025,,DATASET_COMMENT,"Source: Office fédéral de la statistique – Pendularité (PEND), Relevé structurel (RS)

Les données concernent les 180 villes de la publication ""Statistiques des villes suisses"", constituées de 173 villes statistiques et de 7 autres membres de l'Union des villes suisses: Appenzell, Arosa, La Neuveville, Moutier, Morat, Willisau et Worb."
DATAFLOW,CH1.SSV:DF_SSV_MOB_COM(2026.1.0),"Statistiques des villes suisses 2026, pendulaires selon le principal moyen de transport",I,6608,Carouge (GE),4,20 000-49 999,pen_tp,Transport public (TP),OBS,Valeur observée,3206,,A,Valeur normale,2023,,28.04.2026,,28.04.2026,,,,POLG,Communes,06.04.2025,,DATASET_COMMENT,"Source: Office fédéral de la statistique – Pendularité (PEND), Relevé structurel (RS)

Les données concernent les 180 villes de la publication ""Statistiques des villes suisses"", constituées de 173 villes statistiques et de 7 autres membres de l'Union des villes suisses: Appenzell, Arosa, La Neuveville, Moutier, Morat, Willisau et Worb."
DATAFLOW,CH1.SSV:DF_SSV_MOB_COM(2026.1.0),"Statistiques des villes suisses 2026, pendulaires selon le principal moyen de transport",I,6621,Genève,6,100 000 et plus,pen_t,"Pendulaires, total",CI,Intervalle de confiance (+/-),2.47,,A,Valeur normale,2023,,28.04.2026,,28.04.2026,,,,POLG,Communes,06.04.2025,,DATASET_COMMENT,"Source: Office fédéral de la statistique – Pendularité (PEND), Relevé structurel (RS)

Les données concernent les 180 villes de la publication ""Statistiques des villes suisses"", constituées de 173 villes statistiques et de 7 autres membres de l'Union des villes suisses: Appenzell, Arosa, La Neuveville, Moutier, Morat, Willisau et Worb."
DATAFLOW,CH1.SSV:DF_SSV_MOB_COM(2026.1.0),"Statistiques des villes suisses 2026, pendulaires selon le principal moyen de transport",I,6644,Versoix,2,10 000-14 999,pen_tim,Transport individuel motorisé (TIM),OBS,Valeur observée,1375,,A,Valeur normale,2023,,28.04.2026,,28.04.2026,,,,POLG,Communes,06.04.2025,,DATASET_COMMENT,"Source: Office fédéral de la statistique – Pendularité (PEND), Relevé structurel (RS)

Les données concernent les 180 villes de la publication ""Statistiques des villes suisses"", constituées de 173 villes statistiques et de 7 autres membres de l'Union des villes suisses: Appenzell, Arosa, La Neuveville, Moutier, Morat, Willisau et Worb."
DATAFLOW,CH1.SSV:DF_SSV_MOB_COM(2026.1.0),"Statistiques des villes suisses 2026, pendulaires selon le principal moyen de transport",I,3901,Chur,4,20 000-49 999,pen_tp,Transport public (TP),OBS,Valeur observée,4038,,A,Valeur normale,2023,,28.04.2026,,28.04.2026,,,,POLG,Communes,06.04.2025,,DATASET_COMMENT,"Source: Office fédéral de la statistique – Pendularité (PEND), Relevé structurel (RS)

Les données concernent les 180 villes de la publication ""Statistiques des villes suisses"", constituées de 173 villes statistiques et de 7 autres membres de l'Union des villes suisses: Appenzell, Arosa, La Neuveville, Moutier, Morat, Willisau et Worb."
DATAFLOW,CH1.SSV:DF_SSV_MOB_COM(2026.1.0),"Statistiques des villes suisses 2026, pendulaires selon le principal moyen de transport",I,3901,Chur,4,20 000-49 999,pen_tim,Transport individuel motorisé (TIM),OBS,Valeur observée,6337,,A,Valeur normale,2023,,28.04.2026,,28.04.2026,,,,POLG,Communes,06.04.2025,,DATASET_COMMENT,"Source: Office fédéral de la statistique – Pendularité (PEND), Relevé structurel (RS)

Les données concernent les 180 villes de la publication ""Statistiques des villes suisses"", constituées de 173 villes statistiques et de 7 autres membres de l'Union des villes suisses: Appenzell, Arosa, La Neuveville, Moutier, Morat, Willisau et Worb."
DATAFLOW,CH1.SSV:DF_SSV_MOB_COM(2026.1.0),"Statistiques des villes suisses 2026, pendulaires selon le principal moyen de transport",I,_ST,Total des villes suisses,2,10 000-14 999,pen_tp,Transport public (TP),OBS,Valeur observée,103924,,A,Valeur normale,2023,,28.04.2026,,28.04.2026,,,,POLG,Communes,06.04.2025,,DATASET_COMMENT,"Source: Office fédéral de la statistique – Pendularité (PEND), Relevé structurel (RS)

Les données concernent les 180 villes de la publication ""Statistiques des villes suisses"", constituées de 173 villes statistiques et de 7 autres membres de l'Union des villes suisses: Appenzell, Arosa, La Neuveville, Moutier, Morat, Willisau et Worb."
DATAFLOW,CH1.SSV:DF_SSV_MOB_COM(2026.1.0),"Statistiques des villes suisses 2026, pendulaires selon le principal moyen de transport",I,_ST,Total des villes suisses,3,15 000-19 999,pen_t,"Pendulaires, total",CI,Intervalle de confiance (+/-),2.04,,A,Valeur normale,2023,,28.04.2026,,28.04.2026,,,,POLG,Communes,06.04.2025,,DATASET_COMMENT,"Source: Office fédéral de la statistique – Pendularité (PEND), Relevé structurel (RS)

Les données concernent les 180 villes de la publication ""Statistiques des villes suisses"", constituées de 173 villes statistiques et de 7 autres membres de l'Union des villes suisses: Appenzell, Arosa, La Neuveville, Moutier, Morat, Willisau et Worb."
